station_key,station_id,name,road_name,suburb,lga,date,hour,volume,expected_volume,traffic_change,traffic_change_pct,traffic_direction,context_severity_score,context_complexity,anomaly_label,anomaly_reason,scenario_text,question,expected_answer,ground_truth_reason
55306,01004,Western Distributor,Western Distributor,Sydney,Sydney,2022-11-12,22,1803.0,1151.0,652.0,56.64639443961772,increase,2,1,major_anomaly,unexplained_beyond_crash,Station: Western Distributor. Road: Western Distributor. Suburb: Sydney. Date: 2022-11-12. Hour: 22. Traffic volume: 1803.0. Expected volume: 1151.0. Traffic change: 56.6%. Rain: 0.0 mm. Weather: no_rain+very_humid+overcast. Crash count: 2. Event count within 3km: 0. Public holiday: 0. School holiday: 0.,"Classify the anomaly level for this traffic station context. Choose one: normal, minor_anomaly, major_anomaly.",major_anomaly,Observed traffic is 56.6% different from the expected baseline. Main reason: unexplained_beyond_crash.
55306,01004,Western Distributor,Western Distributor,Sydney,Sydney,2022-05-27,23,1444.0,523.0,921.0,176.09942638623326,increase,2,1,major_anomaly,unexplained_beyond_crash,Station: Western Distributor. Road: Western Distributor. Suburb: Sydney. Date: 2022-05-27. Hour: 23. Traffic volume: 1444.0. Expected volume: 523.0. Traffic change: 176.1%. Rain: 0.0 mm. Weather: no_rain+very_humid. Crash count: 3. Event count within 3km: 0. Public holiday: 0. School holiday: 0.,"Classify the anomaly level for this traffic station context. Choose one: normal, minor_anomaly, major_anomaly.",major_anomaly,Observed traffic is 176.1% different from the expected baseline. Main reason: unexplained_beyond_crash.
55306,01004,Western Distributor,Western Distributor,Sydney,Sydney,2023-01-22,6,0.0,754.5,-754.5,-100.0,decrease,2,2,major_anomaly,unexplained_beyond_rain_event,Station: Western Distributor. Road: Western Distributor. Suburb: Sydney. Date: 2023-01-22. Hour: 6. Traffic volume: 0.0. Expected volume: 754.5. Traffic change: -100.0%. Rain: 0.4 mm. Weather: light_rain+very_humid+overcast. Crash count: 0. Event count within 3km: 2. Public holiday: 0. School holiday: 0.,"Classify the anomaly level for this traffic station context. Choose one: normal, minor_anomaly, major_anomaly.",major_anomaly,Observed traffic is -100.0% different from the expected baseline. Main reason: unexplained_beyond_rain_event.
55306,01004,Western Distributor,Western Distributor,Sydney,Sydney,2023-02-23,20,1534.0,1249.0,285.0,22.81825460368295,increase,2,1,minor_anomaly,unexplained_beyond_crash,Station: Western Distributor. Road: Western Distributor. Suburb: Sydney. Date: 2023-02-23. Hour: 20. Traffic volume: 1534.0. Expected volume: 1249.0. Traffic change: 22.8%. Rain: 0.0 mm. Weather: no_rain+overcast. Crash count: 2. Event count within 3km: 0. Public holiday: 0. School holiday: 0.,"Classify the anomaly level for this traffic station context. Choose one: normal, minor_anomaly, major_anomaly.",minor_anomaly,Observed traffic is 22.8% different from the expected baseline. Main reason: unexplained_beyond_crash.
55306,01004,Western Distributor,Western Distributor,Sydney,Sydney,2022-03-08,3,101.0,135.0,-34.0,-25.185185185185183,decrease,1,1,minor_anomaly,unexplained_beyond_rain,Station: Western Distributor. Road: Western Distributor. Suburb: Sydney. Date: 2022-03-08. Hour: 3. Traffic volume: 101.0. Expected volume: 135.0. Traffic change: -25.2%. Rain: 0.9 mm. Weather: light_rain+very_humid+overcast. Crash count: 0. Event count within 3km: 0. Public holiday: 0. School holiday: 0.,"Classify the anomaly level for this traffic station context. Choose one: normal, minor_anomaly, major_anomaly.",minor_anomaly,Observed traffic is -25.2% different from the expected baseline. Main reason: unexplained_beyond_rain.
55306,01004,Western Distributor,Western Distributor,Sydney,Sydney,2022-01-13,4,196.0,253.0,-57.0,-22.529644268774703,decrease,1,1,minor_anomaly,unexplained_beyond_event,Station: Western Distributor. Road: Western Distributor. Suburb: Sydney. Date: 2022-01-13. Hour: 4. Traffic volume: 196.0. Expected volume: 253.0. Traffic change: -22.5%. Rain: 0.0 mm. Weather: no_rain+very_humid. Crash count: 0. Event count within 3km: 2. Public holiday: 0. School holiday: 0.,"Classify the anomaly level for this traffic station context. Choose one: normal, minor_anomaly, major_anomaly.",minor_anomaly,Observed traffic is -22.5% different from the expected baseline. Main reason: unexplained_beyond_event.
55306,01004,Western Distributor,Western Distributor,Sydney,Sydney,2022-07-21,22,1164.0,965.5,198.5,20.55929570170896,increase,2,1,normal,explained_by_crash,Station: Western Distributor. Road: Western Distributor. Suburb: Sydney. Date: 2022-07-21. Hour: 22. Traffic volume: 1164.0. Expected volume: 965.5. Traffic change: 20.6%. Rain: 0.0 mm. Weather: no_rain+overcast. Crash count: 3. Event count within 3km: 0. Public holiday: 0. School holiday: 0.,"Classify the anomaly level for this traffic station context. Choose one: normal, minor_anomaly, major_anomaly.",normal,Observed traffic is 20.6% different from the expected baseline. Main reason: explained_by_crash.
55306,01004,Western Distributor,Western Distributor,Sydney,Sydney,2022-08-17,22,819.0,965.5,-146.5,-15.17348524080787,no_change,2,1,normal,explained_by_crash,Station: Western Distributor. Road: Western Distributor. Suburb: Sydney. Date: 2022-08-17. Hour: 22. Traffic volume: 819.0. Expected volume: 965.5. Traffic change: -15.2%. Rain: 0.0 mm. Weather: no_rain+very_humid. Crash count: 4. Event count within 3km: 0. Public holiday: 0. School holiday: 0.,"Classify the anomaly level for this traffic station context. Choose one: normal, minor_anomaly, major_anomaly.",normal,Observed traffic is -15.2% different from the expected baseline. Main reason: explained_by_crash.
55306,01004,Western Distributor,Western Distributor,Sydney,Sydney,2023-04-06,0,185.0,213.5,-28.5,-13.348946135831383,no_change,2,1,normal,explained_by_crash,Station: Western Distributor. Road: Western Distributor. Suburb: Sydney. Date: 2023-04-06. Hour: 0. Traffic volume: 185.0. Expected volume: 213.5. Traffic change: -13.3%. Rain: 0.0 mm. Weather: no_rain+very_humid. Crash count: 1. Event count within 3km: 0. Public holiday: 0. School holiday: 0.,"Classify the anomaly level for this traffic station context. Choose one: normal, minor_anomaly, major_anomaly.",normal,Observed traffic is -13.3% different from the expected baseline. Main reason: explained_by_crash.
55307,01011,Cahill Expressway,Cahill Expressway,Sydney,Sydney,2022-02-04,9,1982.0,1228.5,753.5,61.334961334961335,increase,4,3,major_anomaly,unexplained_beyond_rain_crash_event,Station: Cahill Expressway. Road: Cahill Expressway. Suburb: Sydney. Date: 2022-02-04. Hour: 9. Traffic volume: 1982.0. Expected volume: 1228.5. Traffic change: 61.3%. Rain: 0.1 mm. Weather: no_rain. Crash count: 2. Event count within 3km: 1. Public holiday: 0. School holiday: 0.,"Classify the anomaly level for this traffic station context. Choose one: normal, minor_anomaly, major_anomaly.",major_anomaly,Observed traffic is 61.3% different from the expected baseline. Main reason: unexplained_beyond_rain_crash_event.
55307,01011,Cahill Expressway,Cahill Expressway,Sydney,Sydney,2022-03-15,5,541.0,211.0,330.0,156.39810426540285,increase,0,0,major_anomaly,unexplained_no_context,Station: Cahill Expressway. Road: Cahill Expressway. Suburb: Sydney. Date: 2022-03-15. Hour: 5. Traffic volume: 541.0. Expected volume: 211.0. Traffic change: 156.4%. Rain: 0.0 mm. Weather: no_rain. Crash count: 0. Event count within 3km: 0. Public holiday: 0. School holiday: 0.,"Classify the anomaly level for this traffic station context. Choose one: normal, minor_anomaly, major_anomaly.",major_anomaly,Observed traffic is 156.4% different from the expected baseline. Main reason: unexplained_no_context.
55307,01011,Cahill Expressway,Cahill Expressway,Sydney,Sydney,2022-02-01,3,22.0,41.0,-19.0,-46.34146341463415,decrease,2,2,major_anomaly,unexplained_beyond_crash_event,Station: Cahill Expressway. Road: Cahill Expressway. Suburb: Sydney. Date: 2022-02-01. Hour: 3. Traffic volume: 22.0. Expected volume: 41.0. Traffic change: -46.3%. Rain: 0.0 mm. Weather: no_rain+very_humid. Crash count: 1. Event count within 3km: 1. Public holiday: 0. School holiday: 0.,"Classify the anomaly level for this traffic station context. Choose one: normal, minor_anomaly, major_anomaly.",major_anomaly,Observed traffic is -46.3% different from the expected baseline. Main reason: unexplained_beyond_crash_event.
55307,01011,Cahill Expressway,Cahill Expressway,Sydney,Sydney,2022-03-30,23,519.0,361.0,158.0,43.76731301939058,increase,3,2,minor_anomaly,unexplained_beyond_rain_crash,Station: Cahill Expressway. Road: Cahill Expressway. Suburb: Sydney. Date: 2022-03-30. Hour: 23. Traffic volume: 519.0. Expected volume: 361.0. Traffic change: 43.8%. Rain: 0.7 mm. Weather: light_rain+very_humid+overcast. Crash count: 2. Event count within 3km: 0. Public holiday: 0. School holiday: 0.,"Classify the anomaly level for this traffic station context. Choose one: normal, minor_anomaly, major_anomaly.",minor_anomaly,Observed traffic is 43.8% different from the expected baseline. Main reason: unexplained_beyond_rain_crash.
55307,01011,Cahill Expressway,Cahill Expressway,Sydney,Sydney,2022-01-13,21,432.0,617.5,-185.5,-30.04048582995951,decrease,3,2,minor_anomaly,unexplained_beyond_crash_event,Station: Cahill Expressway. Road: Cahill Expressway. Suburb: Sydney. Date: 2022-01-13. Hour: 21. Traffic volume: 432.0. Expected volume: 617.5. Traffic change: -30.0%. Rain: 0.0 mm. Weather: no_rain+very_humid+overcast. Crash count: 3. Event count within 3km: 2. Public holiday: 0. School holiday: 0.,"Classify the anomaly level for this traffic station context. Choose one: normal, minor_anomaly, major_anomaly.",minor_anomaly,Observed traffic is -30.0% different from the expected baseline. Main reason: unexplained_beyond_crash_event.
55307,01011,Cahill Expressway,Cahill Expressway,Sydney,Sydney,2022-04-06,12,2055.0,1426.0,629.0,44.109396914446,increase,3,2,minor_anomaly,unexplained_beyond_rain_crash,Station: Cahill Expressway. Road: Cahill Expressway. Suburb: Sydney. Date: 2022-04-06. Hour: 12. Traffic volume: 2055.0. Expected volume: 1426.0. Traffic change: 44.1%. Rain: 2.6 mm. Weather: moderate_rain+very_humid+overcast. Crash count: 4. Event count within 3km: 0. Public holiday: 0. School holiday: 0.,"Classify the anomaly level for this traffic station context. Choose one: normal, minor_anomaly, major_anomaly.",minor_anomaly,Observed traffic is 44.1% different from the expected baseline. Main reason: unexplained_beyond_rain_crash.
55307,01011,Cahill Expressway,Cahill Expressway,Sydney,Sydney,2022-04-10,12,751.0,1016.0,-265.0,-26.08267716535433,decrease,3,2,normal,explained_by_rain_crash,Station: Cahill Expressway. Road: Cahill Expressway. Suburb: Sydney. Date: 2022-04-10. Hour: 12. Traffic volume: 751.0. Expected volume: 1016.0. Traffic change: -26.1%. Rain: 0.1 mm. Weather: no_rain+overcast. Crash count: 4. Event count within 3km: 0. Public holiday: 0. School holiday: 0.,"Classify the anomaly level for this traffic station context. Choose one: normal, minor_anomaly, major_anomaly.",normal,Observed traffic is -26.1% different from the expected baseline. Main reason: explained_by_rain_crash.
55307,01011,Cahill Expressway,Cahill Expressway,Sydney,Sydney,2022-03-13,15,1097.0,1036.0,61.0,5.8880308880308885,no_change,3,2,normal,explained_by_crash_event,Station: Cahill Expressway. Road: Cahill Expressway. Suburb: Sydney. Date: 2022-03-13. Hour: 15. Traffic volume: 1097.0. Expected volume: 1036.0. Traffic change: 5.9%. Rain: 0.0 mm. Weather: no_rain. Crash count: 5. Event count within 3km: 1. Public holiday: 0. School holiday: 0.,"Classify the anomaly level for this traffic station context. Choose one: normal, minor_anomaly, major_anomaly.",normal,Observed traffic is 5.9% different from the expected baseline. Main reason: explained_by_crash_event.
55307,01011,Cahill Expressway,Cahill Expressway,Sydney,Sydney,2022-03-22,3,38.0,41.0,-3.0,-7.317073170731707,no_change,0,0,normal,no_deviation,Station: Cahill Expressway. Road: Cahill Expressway. Suburb: Sydney. Date: 2022-03-22. Hour: 3. Traffic volume: 38.0. Expected volume: 41.0. Traffic change: -7.3%. Rain: 0.0 mm. Weather: no_rain+very_humid. Crash count: 0. Event count within 3km: 0. Public holiday: 0. School holiday: 0.,"Classify the anomaly level for this traffic station context. Choose one: normal, minor_anomaly, major_anomaly.",normal,Observed traffic is -7.3% different from the expected baseline. Main reason: no_deviation.
55318,02015,City Road,City Road,Camperdown,Sydney,2024-10-27,2,601.0,395.5,205.5,51.959544879898864,increase,1,1,major_anomaly,unexplained_beyond_crash,Station: City Road. Road: City Road. Suburb: Camperdown. Date: 2024-10-27. Hour: 2. Traffic volume: 601.0. Expected volume: 395.5. Traffic change: 52.0%. Rain: 0.0 mm. Weather: no_rain+very_humid+overcast. Crash count: 1. Event count within 3km: 0. Public holiday: 0. School holiday: 0.,"Classify the anomaly level for this traffic station context. Choose one: normal, minor_anomaly, major_anomaly.",major_anomaly,Observed traffic is 52.0% different from the expected baseline. Main reason: unexplained_beyond_crash.
55318,02015,City Road,City Road,Camperdown,Sydney,2024-07-12,23,725.0,409.5,315.5,77.04517704517706,increase,2,1,major_anomaly,unexplained_beyond_crash,Station: City Road. Road: City Road. Suburb: Camperdown. Date: 2024-07-12. Hour: 23. Traffic volume: 725.0. Expected volume: 409.5. Traffic change: 77.0%. Rain: 0.0 mm. Weather: no_rain. Crash count: 1. Event count within 3km: 0. Public holiday: 0. School holiday: 0.,"Classify the anomaly level for this traffic station context. Choose one: normal, minor_anomaly, major_anomaly.",major_anomaly,Observed traffic is 77.0% different from the expected baseline. Main reason: unexplained_beyond_crash.
55318,02015,City Road,City Road,Camperdown,Sydney,2024-08-31,6,689.0,405.0,284.0,70.12345679012346,increase,2,1,major_anomaly,unexplained_beyond_crash,Station: City Road. Road: City Road. Suburb: Camperdown. Date: 2024-08-31. Hour: 6. Traffic volume: 689.0. Expected volume: 405.0. Traffic change: 70.1%. Rain: 0.0 mm. Weather: no_rain. Crash count: 3. Event count within 3km: 0. Public holiday: 0. School holiday: 0.,"Classify the anomaly level for this traffic station context. Choose one: normal, minor_anomaly, major_anomaly.",major_anomaly,Observed traffic is 70.1% different from the expected baseline. Main reason: unexplained_beyond_crash.
55318,02015,City Road,City Road,Camperdown,Sydney,2024-07-16,2,97.0,150.5,-53.5,-35.548172757475086,decrease,1,1,minor_anomaly,unexplained_beyond_crash,Station: City Road. Road: City Road. Suburb: Camperdown. Date: 2024-07-16. Hour: 2. Traffic volume: 97.0. Expected volume: 150.5. Traffic change: -35.5%. Rain: 0.0 mm. Weather: no_rain. Crash count: 1. Event count within 3km: 0. Public holiday: 0. School holiday: 0.,"Classify the anomaly level for this traffic station context. Choose one: normal, minor_anomaly, major_anomaly.",minor_anomaly,Observed traffic is -35.5% different from the expected baseline. Main reason: unexplained_beyond_crash.
55318,02015,City Road,City Road,Camperdown,Sydney,2024-09-01,22,423.0,610.0,-187.0,-30.655737704918035,decrease,1,1,minor_anomaly,unexplained_beyond_crash,Station: City Road. Road: City Road. Suburb: Camperdown. Date: 2024-09-01. Hour: 22. Traffic volume: 423.0. Expected volume: 610.0. Traffic change: -30.7%. Rain: 0.0 mm. Weather: no_rain. Crash count: 1. Event count within 3km: 0. Public holiday: 0. School holiday: 0.,"Classify the anomaly level for this traffic station context. Choose one: normal, minor_anomaly, major_anomaly.",minor_anomaly,Observed traffic is -30.7% different from the expected baseline. Main reason: unexplained_beyond_crash.
55318,02015,City Road,City Road,Camperdown,Sydney,2024-08-15,23,544.0,409.5,134.5,32.84493284493284,increase,2,1,minor_anomaly,unexplained_beyond_crash,Station: City Road. Road: City Road. Suburb: Camperdown. Date: 2024-08-15. Hour: 23. Traffic volume: 544.0. Expected volume: 409.5. Traffic change: 32.8%. Rain: 0.0 mm. Weather: no_rain+very_humid. Crash count: 1. Event count within 3km: 0. Public holiday: 0. School holiday: 0.,"Classify the anomaly level for this traffic station context. Choose one: normal, minor_anomaly, major_anomaly.",minor_anomaly,Observed traffic is 32.8% different from the expected baseline. Main reason: unexplained_beyond_crash.
55318,02015,City Road,City Road,Camperdown,Sydney,2024-08-22,12,971.0,952.5,18.5,1.942257217847769,no_change,2,1,normal,explained_by_crash,Station: City Road. Road: City Road. Suburb: Camperdown. Date: 2024-08-22. Hour: 12. Traffic volume: 971.0. Expected volume: 952.5. Traffic change: 1.9%. Rain: 0.0 mm. Weather: no_rain. Crash count: 2. Event count within 3km: 0. Public holiday: 0. School holiday: 0.,"Classify the anomaly level for this traffic station context. Choose one: normal, minor_anomaly, major_anomaly.",normal,Observed traffic is 1.9% different from the expected baseline. Main reason: explained_by_crash.
55318,02015,City Road,City Road,Camperdown,Sydney,2024-08-04,1,499.0,475.0,24.0,5.052631578947368,no_change,2,1,normal,explained_by_crash,Station: City Road. Road: City Road. Suburb: Camperdown. Date: 2024-08-04. Hour: 1. Traffic volume: 499.0. Expected volume: 475.0. Traffic change: 5.1%. Rain: 0.0 mm. Weather: no_rain+very_humid. Crash count: 4. Event count within 3km: 0. Public holiday: 0. School holiday: 0.,"Classify the anomaly level for this traffic station context. Choose one: normal, minor_anomaly, major_anomaly.",normal,Observed traffic is 5.1% different from the expected baseline. Main reason: explained_by_crash.
55318,02015,City Road,City Road,Camperdown,Sydney,2024-10-21,19,771.0,834.0,-63.0,-7.553956834532374,no_change,2,1,normal,explained_by_crash,Station: City Road. Road: City Road. Suburb: Camperdown. Date: 2024-10-21. Hour: 19. Traffic volume: 771.0. Expected volume: 834.0. Traffic change: -7.6%. Rain: 0.0 mm. Weather: no_rain. Crash count: 3. Event count within 3km: 0. Public holiday: 0. School holiday: 0.,"Classify the anomaly level for this traffic station context. Choose one: normal, minor_anomaly, major_anomaly.",normal,Observed traffic is -7.6% different from the expected baseline. Main reason: explained_by_crash.
55329,02062,Enmore Road,Enmore Road,Newtown,Marrickville,2022-05-28,23,1066.0,747.0,319.0,42.704149933065594,increase,2,1,major_anomaly,unexplained_beyond_crash,Station: Enmore Road. Road: Enmore Road. Suburb: Newtown. Date: 2022-05-28. Hour: 23. Traffic volume: 1066.0. Expected volume: 747.0. Traffic change: 42.7%. Rain: 0.0 mm. Weather: no_rain+very_humid. Crash count: 4. Event count within 3km: 0. Public holiday: 0. School holiday: 0.,"Classify the anomaly level for this traffic station context. Choose one: normal, minor_anomaly, major_anomaly.",major_anomaly,Observed traffic is 42.7% different from the expected baseline. Main reason: unexplained_beyond_crash.
55329,02062,Enmore Road,Enmore Road,Newtown,Marrickville,2022-08-05,1,328.0,202.0,126.0,62.37623762376238,increase,1,1,major_anomaly,unexplained_beyond_crash,Station: Enmore Road. Road: Enmore Road. Suburb: Newtown. Date: 2022-08-05. Hour: 1. Traffic volume: 328.0. Expected volume: 202.0. Traffic change: 62.4%. Rain: 0.0 mm. Weather: no_rain+very_humid+overcast. Crash count: 1. Event count within 3km: 0. Public holiday: 0. School holiday: 0.,"Classify the anomaly level for this traffic station context. Choose one: normal, minor_anomaly, major_anomaly.",major_anomaly,Observed traffic is 62.4% different from the expected baseline. Main reason: unexplained_beyond_crash.
55329,02062,Enmore Road,Enmore Road,Newtown,Marrickville,2022-01-09,4,142.0,284.0,-142.0,-50.0,decrease,0,0,major_anomaly,unexplained_no_context,Station: Enmore Road. Road: Enmore Road. Suburb: Newtown. Date: 2022-01-09. Hour: 4. Traffic volume: 142.0. Expected volume: 284.0. Traffic change: -50.0%. Rain: 0.0 mm. Weather: no_rain+very_humid+overcast. Crash count: 0. Event count within 3km: 0. Public holiday: 0. School holiday: 0.,"Classify the anomaly level for this traffic station context. Choose one: normal, minor_anomaly, major_anomaly.",major_anomaly,Observed traffic is -50.0% different from the expected baseline. Main reason: unexplained_no_context.
55329,02062,Enmore Road,Enmore Road,Newtown,Marrickville,2022-03-05,23,1075.0,747.0,328.0,43.90896921017403,increase,3,2,minor_anomaly,unexplained_beyond_rain_crash,Station: Enmore Road. Road: Enmore Road. Suburb: Newtown. Date: 2022-03-05. Hour: 23. Traffic volume: 1075.0. Expected volume: 747.0. Traffic change: 43.9%. Rain: 1.1 mm. Weather: light_rain+very_humid+overcast. Crash count: 8. Event count within 3km: 0. Public holiday: 0. School holiday: 0.,"Classify the anomaly level for this traffic station context. Choose one: normal, minor_anomaly, major_anomaly.",minor_anomaly,Observed traffic is 43.9% different from the expected baseline. Main reason: unexplained_beyond_rain_crash.
55329,02062,Enmore Road,Enmore Road,Newtown,Marrickville,2022-04-25,9,770.0,1414.0,-644.0,-45.54455445544555,decrease,3,2,minor_anomaly,unexplained_beyond_rain_crash,Station: Enmore Road. Road: Enmore Road. Suburb: Newtown. Date: 2022-04-25. Hour: 9. Traffic volume: 770.0. Expected volume: 1414.0. Traffic change: -45.5%. Rain: 0.1 mm. Weather: no_rain+very_humid+overcast. Crash count: 5. Event count within 3km: 0. Public holiday: 0. School holiday: 0.,"Classify the anomaly level for this traffic station context. Choose one: normal, minor_anomaly, major_anomaly.",minor_anomaly,Observed traffic is -45.5% different from the expected baseline. Main reason: unexplained_beyond_rain_crash.
55329,02062,Enmore Road,Enmore Road,Newtown,Marrickville,2022-08-04,0,398.0,323.0,75.0,23.219814241486066,increase,0,0,minor_anomaly,unexplained_no_context,Station: Enmore Road. Road: Enmore Road. Suburb: Newtown. Date: 2022-08-04. Hour: 0. Traffic volume: 398.0. Expected volume: 323.0. Traffic change: 23.2%. Rain: 0.0 mm. Weather: no_rain. Crash count: 0. Event count within 3km: 0. Public holiday: 0. School holiday: 0.,"Classify the anomaly level for this traffic station context. Choose one: normal, minor_anomaly, major_anomaly.",minor_anomaly,Observed traffic is 23.2% different from the expected baseline. Main reason: unexplained_no_context.
55329,02062,Enmore Road,Enmore Road,Newtown,Marrickville,2022-05-24,9,1374.0,1414.0,-40.0,-2.828854314002829,no_change,4,2,normal,explained_by_rain_crash,Station: Enmore Road. Road: Enmore Road. Suburb: Newtown. Date: 2022-05-24. Hour: 9. Traffic volume: 1374.0. Expected volume: 1414.0. Traffic change: -2.8%. Rain: 3.6 mm. Weather: moderate_rain+very_humid+overcast. Crash count: 9. Event count within 3km: 0. Public holiday: 0. School holiday: 0.,"Classify the anomaly level for this traffic station context. Choose one: normal, minor_anomaly, major_anomaly.",normal,Observed traffic is -2.8% different from the expected baseline. Main reason: explained_by_rain_crash.
55329,02062,Enmore Road,Enmore Road,Newtown,Marrickville,2022-06-27,6,1088.0,1145.0,-57.0,-4.978165938864628,no_change,2,1,normal,explained_by_crash,Station: Enmore Road. Road: Enmore Road. Suburb: Newtown. Date: 2022-06-27. Hour: 6. Traffic volume: 1088.0. Expected volume: 1145.0. Traffic change: -5.0%. Rain: 0.0 mm. Weather: no_rain. Crash count: 4. Event count within 3km: 0. Public holiday: 0. School holiday: 0.,"Classify the anomaly level for this traffic station context. Choose one: normal, minor_anomaly, major_anomaly.",normal,Observed traffic is -5.0% different from the expected baseline. Main reason: explained_by_crash.
55329,02062,Enmore Road,Enmore Road,Newtown,Marrickville,2022-01-20,6,1080.0,1145.0,-65.0,-5.676855895196507,no_change,3,2,normal,explained_by_rain_crash,Station: Enmore Road. Road: Enmore Road. Suburb: Newtown. Date: 2022-01-20. Hour: 6. Traffic volume: 1080.0. Expected volume: 1145.0. Traffic change: -5.7%. Rain: 0.1 mm. Weather: no_rain. Crash count: 1. Event count within 3km: 0. Public holiday: 0. School holiday: 0.,"Classify the anomaly level for this traffic station context. Choose one: normal, minor_anomaly, major_anomaly.",normal,Observed traffic is -5.7% different from the expected baseline. Main reason: explained_by_rain_crash.
55363,02309,O'riordan Street,O'riordan Street,Alexandria,Sydney,2022-02-18,23,380.0,231.5,148.5,64.14686825053995,increase,3,2,major_anomaly,unexplained_beyond_rain_crash,Station: O'riordan Street. Road: O'riordan Street. Suburb: Alexandria. Date: 2022-02-18. Hour: 23. Traffic volume: 380.0. Expected volume: 231.5. Traffic change: 64.1%. Rain: 0.1 mm. Weather: no_rain+overcast. Crash count: 3. Event count within 3km: 0. Public holiday: 0. School holiday: 0.,"Classify the anomaly level for this traffic station context. Choose one: normal, minor_anomaly, major_anomaly.",major_anomaly,Observed traffic is 64.1% different from the expected baseline. Main reason: unexplained_beyond_rain_crash.
55363,02309,O'riordan Street,O'riordan Street,Alexandria,Sydney,2022-01-02,0,126.0,228.0,-102.0,-44.73684210526316,decrease,2,1,major_anomaly,unexplained_beyond_crash,Station: O'riordan Street. Road: O'riordan Street. Suburb: Alexandria. Date: 2022-01-02. Hour: 0. Traffic volume: 126.0. Expected volume: 228.0. Traffic change: -44.7%. Rain: 0.0 mm. Weather: no_rain+very_humid. Crash count: 3. Event count within 3km: 0. Public holiday: 0. School holiday: 0.,"Classify the anomaly level for this traffic station context. Choose one: normal, minor_anomaly, major_anomaly.",major_anomaly,Observed traffic is -44.7% different from the expected baseline. Main reason: unexplained_beyond_crash.
55363,02309,O'riordan Street,O'riordan Street,Alexandria,Sydney,2022-01-04,1,44.0,66.5,-22.5,-33.83458646616541,decrease,0,0,major_anomaly,unexplained_no_context,Station: O'riordan Street. Road: O'riordan Street. Suburb: Alexandria. Date: 2022-01-04. Hour: 1. Traffic volume: 44.0. Expected volume: 66.5. Traffic change: -33.8%. Rain: 0.0 mm. Weather: no_rain. Crash count: 0. Event count within 3km: 0. Public holiday: 0. School holiday: 0.,"Classify the anomaly level for this traffic station context. Choose one: normal, minor_anomaly, major_anomaly.",major_anomaly,Observed traffic is -33.8% different from the expected baseline. Main reason: unexplained_no_context.
55363,02309,O'riordan Street,O'riordan Street,Alexandria,Sydney,2022-01-05,6,484.0,766.5,-282.5,-36.855838225701234,decrease,3,2,minor_anomaly,unexplained_beyond_rain_crash,Station: O'riordan Street. Road: O'riordan Street. Suburb: Alexandria. Date: 2022-01-05. Hour: 6. Traffic volume: 484.0. Expected volume: 766.5. Traffic change: -36.9%. Rain: 0.7 mm. Weather: light_rain+very_humid+overcast. Crash count: 4. Event count within 3km: 0. Public holiday: 0. School holiday: 0.,"Classify the anomaly level for this traffic station context. Choose one: normal, minor_anomaly, major_anomaly.",minor_anomaly,Observed traffic is -36.9% different from the expected baseline. Main reason: unexplained_beyond_rain_crash.
55363,02309,O'riordan Street,O'riordan Street,Alexandria,Sydney,2022-01-14,23,315.0,231.5,83.5,36.06911447084234,increase,3,1,minor_anomaly,unexplained_beyond_crash,Station: O'riordan Street. Road: O'riordan Street. Suburb: Alexandria. Date: 2022-01-14. Hour: 23. Traffic volume: 315.0. Expected volume: 231.5. Traffic change: 36.1%. Rain: 0.0 mm. Weather: no_rain+very_humid+overcast. Crash count: 2. Event count within 3km: 0. Public holiday: 0. School holiday: 0.,"Classify the anomaly level for this traffic station context. Choose one: normal, minor_anomaly, major_anomaly.",minor_anomaly,Observed traffic is 36.1% different from the expected baseline. Main reason: unexplained_beyond_crash.
55363,02309,O'riordan Street,O'riordan Street,Alexandria,Sydney,2022-02-17,8,1671.0,1305.5,365.5,27.996936039831482,increase,2,1,minor_anomaly,unexplained_beyond_crash,Station: O'riordan Street. Road: O'riordan Street. Suburb: Alexandria. Date: 2022-02-17. Hour: 8. Traffic volume: 1671.0. Expected volume: 1305.5. Traffic change: 28.0%. Rain: 0.0 mm. Weather: no_rain+overcast. Crash count: 9. Event count within 3km: 0. Public holiday: 0. School holiday: 0.,"Classify the anomaly level for this traffic station context. Choose one: normal, minor_anomaly, major_anomaly.",minor_anomaly,Observed traffic is 28.0% different from the expected baseline. Main reason: unexplained_beyond_crash.
55363,02309,O'riordan Street,O'riordan Street,Alexandria,Sydney,2022-02-13,17,1138.0,937.0,201.0,21.451440768409817,increase,2,1,normal,explained_by_crash,Station: O'riordan Street. Road: O'riordan Street. Suburb: Alexandria. Date: 2022-02-13. Hour: 17. Traffic volume: 1138.0. Expected volume: 937.0. Traffic change: 21.5%. Rain: 0.0 mm. Weather: no_rain. Crash count: 3. Event count within 3km: 0. Public holiday: 0. School holiday: 0.,"Classify the anomaly level for this traffic station context. Choose one: normal, minor_anomaly, major_anomaly.",normal,Observed traffic is 21.5% different from the expected baseline. Main reason: explained_by_crash.
55363,02309,O'riordan Street,O'riordan Street,Alexandria,Sydney,2022-01-25,20,618.0,572.0,46.0,8.041958041958042,no_change,2,1,normal,explained_by_crash,Station: O'riordan Street. Road: O'riordan Street. Suburb: Alexandria. Date: 2022-01-25. Hour: 20. Traffic volume: 618.0. Expected volume: 572.0. Traffic change: 8.0%. Rain: 0.0 mm. Weather: no_rain. Crash count: 6. Event count within 3km: 0. Public holiday: 0. School holiday: 0.,"Classify the anomaly level for this traffic station context. Choose one: normal, minor_anomaly, major_anomaly.",normal,Observed traffic is 8.0% different from the expected baseline. Main reason: explained_by_crash.
55363,02309,O'riordan Street,O'riordan Street,Alexandria,Sydney,2022-01-20,3,53.0,55.0,-2.0,-3.6363636363636362,no_change,0,0,normal,no_deviation,Station: O'riordan Street. Road: O'riordan Street. Suburb: Alexandria. Date: 2022-01-20. Hour: 3. Traffic volume: 53.0. Expected volume: 55.0. Traffic change: -3.6%. Rain: 0.0 mm. Weather: no_rain. Crash count: 0. Event count within 3km: 0. Public holiday: 0. School holiday: 0.,"Classify the anomaly level for this traffic station context. Choose one: normal, minor_anomaly, major_anomaly.",normal,Observed traffic is -3.6% different from the expected baseline. Main reason: no_deviation.
55385,02379,Western Distributor,Western Distributor,Pyrmont,Sydney,2023-08-25,2,180.0,112.0,68.0,60.71428571428571,increase,2,1,major_anomaly,unexplained_beyond_crash,Station: Western Distributor. Road: Western Distributor. Suburb: Pyrmont. Date: 2023-08-25. Hour: 2. Traffic volume: 180.0. Expected volume: 112.0. Traffic change: 60.7%. Rain: 0.0 mm. Weather: no_rain+very_humid. Crash count: 2. Event count within 3km: 0. Public holiday: 0. School holiday: 0.,"Classify the anomaly level for this traffic station context. Choose one: normal, minor_anomaly, major_anomaly.",major_anomaly,Observed traffic is 60.7% different from the expected baseline. Main reason: unexplained_beyond_crash.
55385,02379,Western Distributor,Western Distributor,Pyrmont,Sydney,2022-03-18,23,1284.0,547.5,736.5,134.52054794520546,increase,2,1,major_anomaly,unexplained_beyond_crash,Station: Western Distributor. Road: Western Distributor. Suburb: Pyrmont. Date: 2022-03-18. Hour: 23. Traffic volume: 1284.0. Expected volume: 547.5. Traffic change: 134.5%. Rain: 0.0 mm. Weather: no_rain+very_humid. Crash count: 1. Event count within 3km: 0. Public holiday: 0. School holiday: 0.,"Classify the anomaly level for this traffic station context. Choose one: normal, minor_anomaly, major_anomaly.",major_anomaly,Observed traffic is 134.5% different from the expected baseline. Main reason: unexplained_beyond_crash.
55385,02379,Western Distributor,Western Distributor,Pyrmont,Sydney,2022-11-19,5,1226.0,703.0,523.0,74.3954480796586,increase,2,1,major_anomaly,unexplained_beyond_crash,Station: Western Distributor. Road: Western Distributor. Suburb: Pyrmont. Date: 2022-11-19. Hour: 5. Traffic volume: 1226.0. Expected volume: 703.0. Traffic change: 74.4%. Rain: 0.0 mm. Weather: no_rain+very_humid+overcast. Crash count: 2. Event count within 3km: 0. Public holiday: 0. School holiday: 0.,"Classify the anomaly level for this traffic station context. Choose one: normal, minor_anomaly, major_anomaly.",major_anomaly,Observed traffic is 74.4% different from the expected baseline. Main reason: unexplained_beyond_crash.
55385,02379,Western Distributor,Western Distributor,Pyrmont,Sydney,2023-07-14,3,206.0,158.0,48.0,30.37974683544304,increase,1,1,minor_anomaly,unexplained_beyond_crash,Station: Western Distributor. Road: Western Distributor. Suburb: Pyrmont. Date: 2023-07-14. Hour: 3. Traffic volume: 206.0. Expected volume: 158.0. Traffic change: 30.4%. Rain: 0.0 mm. Weather: no_rain. Crash count: 1. Event count within 3km: 0. Public holiday: 0. School holiday: 0.,"Classify the anomaly level for this traffic station context. Choose one: normal, minor_anomaly, major_anomaly.",minor_anomaly,Observed traffic is 30.4% different from the expected baseline. Main reason: unexplained_beyond_crash.
55385,02379,Western Distributor,Western Distributor,Pyrmont,Sydney,2022-12-21,20,1858.0,1446.5,411.5,28.447977877635672,increase,2,1,minor_anomaly,unexplained_beyond_crash,Station: Western Distributor. Road: Western Distributor. Suburb: Pyrmont. Date: 2022-12-21. Hour: 20. Traffic volume: 1858.0. Expected volume: 1446.5. Traffic change: 28.4%. Rain: 0.0 mm. Weather: no_rain. Crash count: 1. Event count within 3km: 0. Public holiday: 0. School holiday: 0.,"Classify the anomaly level for this traffic station context. Choose one: normal, minor_anomaly, major_anomaly.",minor_anomaly,Observed traffic is 28.4% different from the expected baseline. Main reason: unexplained_beyond_crash.
55385,02379,Western Distributor,Western Distributor,Pyrmont,Sydney,2022-01-30,2,286.0,415.0,-129.0,-31.08433734939759,decrease,3,2,minor_anomaly,unexplained_beyond_crash_event,Station: Western Distributor. Road: Western Distributor. Suburb: Pyrmont. Date: 2022-01-30. Hour: 2. Traffic volume: 286.0. Expected volume: 415.0. Traffic change: -31.1%. Rain: 0.0 mm. Weather: no_rain+very_humid+overcast. Crash count: 3. Event count within 3km: 2. Public holiday: 0. School holiday: 0.,"Classify the anomaly level for this traffic station context. Choose one: normal, minor_anomaly, major_anomaly.",minor_anomaly,Observed traffic is -31.1% different from the expected baseline. Main reason: unexplained_beyond_crash_event.
55385,02379,Western Distributor,Western Distributor,Pyrmont,Sydney,2022-08-07,12,3352.0,3464.0,-112.0,-3.233256351039261,no_change,2,1,normal,explained_by_crash,Station: Western Distributor. Road: Western Distributor. Suburb: Pyrmont. Date: 2022-08-07. Hour: 12. Traffic volume: 3352.0. Expected volume: 3464.0. Traffic change: -3.2%. Rain: 0.0 mm. Weather: no_rain. Crash count: 2. Event count within 3km: 0. Public holiday: 0. School holiday: 0.,"Classify the anomaly level for this traffic station context. Choose one: normal, minor_anomaly, major_anomaly.",normal,Observed traffic is -3.2% different from the expected baseline. Main reason: explained_by_crash.
55385,02379,Western Distributor,Western Distributor,Pyrmont,Sydney,2023-05-04,15,2832.0,2745.0,87.0,3.169398907103825,no_change,3,2,normal,explained_by_crash_event,Station: Western Distributor. Road: Western Distributor. Suburb: Pyrmont. Date: 2023-05-04. Hour: 15. Traffic volume: 2832.0. Expected volume: 2745.0. Traffic change: 3.2%. Rain: 0.0 mm. Weather: no_rain. Crash count: 4. Event count within 3km: 1. Public holiday: 0. School holiday: 0.,"Classify the anomaly level for this traffic station context. Choose one: normal, minor_anomaly, major_anomaly.",normal,Observed traffic is 3.2% different from the expected baseline. Main reason: explained_by_crash_event.
55385,02379,Western Distributor,Western Distributor,Pyrmont,Sydney,2022-07-19,13,2367.0,2508.5,-141.5,-5.640821207893163,no_change,3,2,normal,explained_by_rain_crash,Station: Western Distributor. Road: Western Distributor. Suburb: Pyrmont. Date: 2022-07-19. Hour: 13. Traffic volume: 2367.0. Expected volume: 2508.5. Traffic change: -5.6%. Rain: 0.2 mm. Weather: light_rain+overcast. Crash count: 1. Event count within 3km: 0. Public holiday: 0. School holiday: 0.,"Classify the anomaly level for this traffic station context. Choose one: normal, minor_anomaly, major_anomaly.",normal,Observed traffic is -5.6% different from the expected baseline. Main reason: explained_by_rain_crash.
55393,02384,Cleveland Street,Cleveland Street,Redfern,Sydney,2022-08-12,23,550.0,296.0,254.0,85.8108108108108,increase,2,1,major_anomaly,unexplained_beyond_crash,Station: Cleveland Street. Road: Cleveland Street. Suburb: Redfern. Date: 2022-08-12. Hour: 23. Traffic volume: 550.0. Expected volume: 296.0. Traffic change: 85.8%. Rain: 0.0 mm. Weather: no_rain+very_humid+overcast. Crash count: 2. Event count within 3km: 0. Public holiday: 0. School holiday: 0.,"Classify the anomaly level for this traffic station context. Choose one: normal, minor_anomaly, major_anomaly.",major_anomaly,Observed traffic is 85.8% different from the expected baseline. Main reason: unexplained_beyond_crash.
55393,02384,Cleveland Street,Cleveland Street,Redfern,Sydney,2023-11-30,0,88.0,150.0,-62.0,-41.333333333333336,decrease,2,1,major_anomaly,unexplained_beyond_crash,Station: Cleveland Street. Road: Cleveland Street. Suburb: Redfern. Date: 2023-11-30. Hour: 0. Traffic volume: 88.0. Expected volume: 150.0. Traffic change: -41.3%. Rain: 0.0 mm. Weather: no_rain+very_humid. Crash count: 1. Event count within 3km: 0. Public holiday: 0. School holiday: 0.,"Classify the anomaly level for this traffic station context. Choose one: normal, minor_anomaly, major_anomaly.",major_anomaly,Observed traffic is -41.3% different from the expected baseline. Main reason: unexplained_beyond_crash.
55393,02384,Cleveland Street,Cleveland Street,Redfern,Sydney,2022-12-03,6,775.0,429.5,345.5,80.44237485448195,increase,3,2,major_anomaly,unexplained_beyond_rain_crash,Station: Cleveland Street. Road: Cleveland Street. Suburb: Redfern. Date: 2022-12-03. Hour: 6. Traffic volume: 775.0. Expected volume: 429.5. Traffic change: 80.4%. Rain: 0.1 mm. Weather: no_rain+very_humid. Crash count: 3. Event count within 3km: 0. Public holiday: 0. School holiday: 0.,"Classify the anomaly level for this traffic station context. Choose one: normal, minor_anomaly, major_anomaly.",major_anomaly,Observed traffic is 80.4% different from the expected baseline. Main reason: unexplained_beyond_rain_crash.
55393,02384,Cleveland Street,Cleveland Street,Redfern,Sydney,2022-06-25,22,730.0,555.5,174.5,31.413141314131416,increase,3,2,minor_anomaly,unexplained_beyond_crash_event,Station: Cleveland Street. Road: Cleveland Street. Suburb: Redfern. Date: 2022-06-25. Hour: 22. Traffic volume: 730.0. Expected volume: 555.5. Traffic change: 31.4%. Rain: 0.0 mm. Weather: no_rain+very_humid. Crash count: 7. Event count within 3km: 1. Public holiday: 0. School holiday: 0.,"Classify the anomaly level for this traffic station context. Choose one: normal, minor_anomaly, major_anomaly.",minor_anomaly,Observed traffic is 31.4% different from the expected baseline. Main reason: unexplained_beyond_crash_event.
55393,02384,Cleveland Street,Cleveland Street,Redfern,Sydney,2023-01-20,22,720.0,514.0,206.0,40.07782101167315,increase,4,3,minor_anomaly,unexplained_beyond_rain_crash_event,Station: Cleveland Street. Road: Cleveland Street. Suburb: Redfern. Date: 2023-01-20. Hour: 22. Traffic volume: 720.0. Expected volume: 514.0. Traffic change: 40.1%. Rain: 0.2 mm. Weather: light_rain. Crash count: 1. Event count within 3km: 2. Public holiday: 0. School holiday: 0.,"Classify the anomaly level for this traffic station context. Choose one: normal, minor_anomaly, major_anomaly.",minor_anomaly,Observed traffic is 40.1% different from the expected baseline. Main reason: unexplained_beyond_rain_crash_event.
55393,02384,Cleveland Street,Cleveland Street,Redfern,Sydney,2022-01-09,5,205.0,285.0,-80.0,-28.07017543859649,decrease,1,1,minor_anomaly,unexplained_beyond_event,Station: Cleveland Street. Road: Cleveland Street. Suburb: Redfern. Date: 2022-01-09. Hour: 5. Traffic volume: 205.0. Expected volume: 285.0. Traffic change: -28.1%. Rain: 0.0 mm. Weather: no_rain+very_humid+overcast. Crash count: 0. Event count within 3km: 2. Public holiday: 0. School holiday: 0.,"Classify the anomaly level for this traffic station context. Choose one: normal, minor_anomaly, major_anomaly.",minor_anomaly,Observed traffic is -28.1% different from the expected baseline. Main reason: unexplained_beyond_event.
55393,02384,Cleveland Street,Cleveland Street,Redfern,Sydney,2022-08-13,14,1034.0,1084.5,-50.5,-4.6565237436606735,no_change,3,2,normal,explained_by_rain_crash,Station: Cleveland Street. Road: Cleveland Street. Suburb: Redfern. Date: 2022-08-13. Hour: 14. Traffic volume: 1034.0. Expected volume: 1084.5. Traffic change: -4.7%. Rain: 0.4 mm. Weather: light_rain. Crash count: 4. Event count within 3km: 0. Public holiday: 0. School holiday: 0.,"Classify the anomaly level for this traffic station context. Choose one: normal, minor_anomaly, major_anomaly.",normal,Observed traffic is -4.7% different from the expected baseline. Main reason: explained_by_rain_crash.
55393,02384,Cleveland Street,Cleveland Street,Redfern,Sydney,2022-08-30,16,1080.0,1091.0,-11.0,-1.008249312557287,no_change,2,1,normal,explained_by_crash,Station: Cleveland Street. Road: Cleveland Street. Suburb: Redfern. Date: 2022-08-30. Hour: 16. Traffic volume: 1080.0. Expected volume: 1091.0. Traffic change: -1.0%. Rain: 0.0 mm. Weather: no_rain. Crash count: 10. Event count within 3km: 0. Public holiday: 0. School holiday: 0.,"Classify the anomaly level for this traffic station context. Choose one: normal, minor_anomaly, major_anomaly.",normal,Observed traffic is -1.0% different from the expected baseline. Main reason: explained_by_crash.
55393,02384,Cleveland Street,Cleveland Street,Redfern,Sydney,2023-02-12,1,365.0,295.0,70.0,23.728813559322035,increase,3,2,normal,explained_by_crash_event,Station: Cleveland Street. Road: Cleveland Street. Suburb: Redfern. Date: 2023-02-12. Hour: 1. Traffic volume: 365.0. Expected volume: 295.0. Traffic change: 23.7%. Rain: 0.0 mm. Weather: no_rain. Crash count: 1. Event count within 3km: 1. Public holiday: 0. School holiday: 0.,"Classify the anomaly level for this traffic station context. Choose one: normal, minor_anomaly, major_anomaly.",normal,Observed traffic is 23.7% different from the expected baseline. Main reason: explained_by_crash_event.
55394,02385,Regent Street,Regent Street,Redfern,Sydney,2023-10-03,2,112.0,164.0,-52.0,-31.70731707317073,decrease,1,1,minor_anomaly,unexplained_beyond_event,Station: Regent Street. Road: Regent Street. Suburb: Redfern. Date: 2023-10-03. Hour: 2. Traffic volume: 112.0. Expected volume: 164.0. Traffic change: -31.7%. Rain: 0.0 mm. Weather: no_rain+very_humid+overcast. Crash count: 0. Event count within 3km: 1. Public holiday: 0. School holiday: 0.,"Classify the anomaly level for this traffic station context. Choose one: normal, minor_anomaly, major_anomaly.",minor_anomaly,Observed traffic is -31.7% different from the expected baseline. Main reason: unexplained_beyond_event.
55394,02385,Regent Street,Regent Street,Redfern,Sydney,2023-10-03,5,1040.0,758.0,282.0,37.203166226912934,increase,1,1,minor_anomaly,unexplained_beyond_event,Station: Regent Street. Road: Regent Street. Suburb: Redfern. Date: 2023-10-03. Hour: 5. Traffic volume: 1040.0. Expected volume: 758.0. Traffic change: 37.2%. Rain: 0.0 mm. Weather: no_rain+very_humid+overcast. Crash count: 0. Event count within 3km: 1. Public holiday: 0. School holiday: 0.,"Classify the anomaly level for this traffic station context. Choose one: normal, minor_anomaly, major_anomaly.",minor_anomaly,Observed traffic is 37.2% different from the expected baseline. Main reason: unexplained_beyond_event.
55394,02385,Regent Street,Regent Street,Redfern,Sydney,2023-10-02,0,268.0,196.5,71.5,36.38676844783715,increase,1,1,minor_anomaly,unexplained_beyond_event,Station: Regent Street. Road: Regent Street. Suburb: Redfern. Date: 2023-10-02. Hour: 0. Traffic volume: 268.0. Expected volume: 196.5. Traffic change: 36.4%. Rain: 0.0 mm. Weather: no_rain+very_humid. Crash count: 0. Event count within 3km: 1. Public holiday: 0. School holiday: 0.,"Classify the anomaly level for this traffic station context. Choose one: normal, minor_anomaly, major_anomaly.",minor_anomaly,Observed traffic is 36.4% different from the expected baseline. Main reason: unexplained_beyond_event.
55394,02385,Regent Street,Regent Street,Redfern,Sydney,2023-10-01,7,575.0,707.5,-132.5,-18.727915194346288,no_change,3,2,normal,explained_by_crash_event,Station: Regent Street. Road: Regent Street. Suburb: Redfern. Date: 2023-10-01. Hour: 7. Traffic volume: 575.0. Expected volume: 707.5. Traffic change: -18.7%. Rain: 0.0 mm. Weather: no_rain. Crash count: 1. Event count within 3km: 1. Public holiday: 0. School holiday: 0.,"Classify the anomaly level for this traffic station context. Choose one: normal, minor_anomaly, major_anomaly.",normal,Observed traffic is -18.7% different from the expected baseline. Main reason: explained_by_crash_event.
55394,02385,Regent Street,Regent Street,Redfern,Sydney,2023-09-30,0,300.0,322.0,-22.0,-6.832298136645963,no_change,3,2,normal,explained_by_crash_event,Station: Regent Street. Road: Regent Street. Suburb: Redfern. Date: 2023-09-30. Hour: 0. Traffic volume: 300.0. Expected volume: 322.0. Traffic change: -6.8%. Rain: 0.0 mm. Weather: no_rain+very_humid. Crash count: 3. Event count within 3km: 1. Public holiday: 0. School holiday: 0.,"Classify the anomaly level for this traffic station context. Choose one: normal, minor_anomaly, major_anomaly.",normal,Observed traffic is -6.8% different from the expected baseline. Main reason: explained_by_crash_event.
55394,02385,Regent Street,Regent Street,Redfern,Sydney,2023-09-30,22,558.0,566.0,-8.0,-1.4134275618374559,no_change,3,2,normal,explained_by_crash_event,Station: Regent Street. Road: Regent Street. Suburb: Redfern. Date: 2023-09-30. Hour: 22. Traffic volume: 558.0. Expected volume: 566.0. Traffic change: -1.4%. Rain: 0.0 mm. Weather: no_rain. Crash count: 4. Event count within 3km: 2. Public holiday: 0. School holiday: 0.,"Classify the anomaly level for this traffic station context. Choose one: normal, minor_anomaly, major_anomaly.",normal,Observed traffic is -1.4% different from the expected baseline. Main reason: explained_by_crash_event.
55406,02393,Crown Street,Crown Street,Darlinghurst,Sydney,2024-06-30,2,243.0,184.0,59.0,32.065217391304344,increase,0,0,major_anomaly,unexplained_no_context,Station: Crown Street. Road: Crown Street. Suburb: Darlinghurst. Date: 2024-06-30. Hour: 2. Traffic volume: 243.0. Expected volume: 184.0. Traffic change: 32.1%. Rain: 0.0 mm. Weather: no_rain+very_humid+overcast. Crash count: 0. Event count within 3km: 0. Public holiday: 0. School holiday: 0.,"Classify the anomaly level for this traffic station context. Choose one: normal, minor_anomaly, major_anomaly.",major_anomaly,Observed traffic is 32.1% different from the expected baseline. Main reason: unexplained_no_context.
55406,02393,Crown Street,Crown Street,Darlinghurst,Sydney,2024-06-21,0,129.0,89.5,39.5,44.134078212290504,increase,1,1,major_anomaly,unexplained_beyond_crash,Station: Crown Street. Road: Crown Street. Suburb: Darlinghurst. Date: 2024-06-21. Hour: 0. Traffic volume: 129.0. Expected volume: 89.5. Traffic change: 44.1%. Rain: 0.0 mm. Weather: no_rain+very_humid+overcast. Crash count: 1. Event count within 3km: 0. Public holiday: 0. School holiday: 0.,"Classify the anomaly level for this traffic station context. Choose one: normal, minor_anomaly, major_anomaly.",major_anomaly,Observed traffic is 44.1% different from the expected baseline. Main reason: unexplained_beyond_crash.
55406,02393,Crown Street,Crown Street,Darlinghurst,Sydney,2024-06-21,1,75.0,52.0,23.0,44.230769230769226,increase,1,1,major_anomaly,unexplained_beyond_crash,Station: Crown Street. Road: Crown Street. Suburb: Darlinghurst. Date: 2024-06-21. Hour: 1. Traffic volume: 75.0. Expected volume: 52.0. Traffic change: 44.2%. Rain: 0.0 mm. Weather: no_rain+very_humid. Crash count: 1. Event count within 3km: 0. Public holiday: 0. School holiday: 0.,"Classify the anomaly level for this traffic station context. Choose one: normal, minor_anomaly, major_anomaly.",major_anomaly,Observed traffic is 44.2% different from the expected baseline. Main reason: unexplained_beyond_crash.
55406,02393,Crown Street,Crown Street,Darlinghurst,Sydney,2024-06-02,19,378.0,529.5,-151.5,-28.611898016997166,decrease,2,1,minor_anomaly,unexplained_beyond_crash,Station: Crown Street. Road: Crown Street. Suburb: Darlinghurst. Date: 2024-06-02. Hour: 19. Traffic volume: 378.0. Expected volume: 529.5. Traffic change: -28.6%. Rain: 0.0 mm. Weather: no_rain+overcast. Crash count: 4. Event count within 3km: 0. Public holiday: 0. School holiday: 0.,"Classify the anomaly level for this traffic station context. Choose one: normal, minor_anomaly, major_anomaly.",minor_anomaly,Observed traffic is -28.6% different from the expected baseline. Main reason: unexplained_beyond_crash.
55406,02393,Crown Street,Crown Street,Darlinghurst,Sydney,2024-06-18,22,208.0,300.0,-92.0,-30.666666666666664,decrease,2,1,minor_anomaly,unexplained_beyond_crash,Station: Crown Street. Road: Crown Street. Suburb: Darlinghurst. Date: 2024-06-18. Hour: 22. Traffic volume: 208.0. Expected volume: 300.0. Traffic change: -30.7%. Rain: 0.0 mm. Weather: no_rain. Crash count: 1. Event count within 3km: 0. Public holiday: 0. School holiday: 0.,"Classify the anomaly level for this traffic station context. Choose one: normal, minor_anomaly, major_anomaly.",minor_anomaly,Observed traffic is -30.7% different from the expected baseline. Main reason: unexplained_beyond_crash.
55406,02393,Crown Street,Crown Street,Darlinghurst,Sydney,2024-06-03,23,118.0,191.0,-73.0,-38.21989528795812,decrease,1,1,minor_anomaly,unexplained_beyond_crash,Station: Crown Street. Road: Crown Street. Suburb: Darlinghurst. Date: 2024-06-03. Hour: 23. Traffic volume: 118.0. Expected volume: 191.0. Traffic change: -38.2%. Rain: 0.0 mm. Weather: no_rain. Crash count: 1. Event count within 3km: 0. Public holiday: 0. School holiday: 0.,"Classify the anomaly level for this traffic station context. Choose one: normal, minor_anomaly, major_anomaly.",minor_anomaly,Observed traffic is -38.2% different from the expected baseline. Main reason: unexplained_beyond_crash.
55406,02393,Crown Street,Crown Street,Darlinghurst,Sydney,2024-06-03,13,519.0,519.0,0.0,0.0,no_change,2,1,normal,explained_by_crash,Station: Crown Street. Road: Crown Street. Suburb: Darlinghurst. Date: 2024-06-03. Hour: 13. Traffic volume: 519.0. Expected volume: 519.0. Traffic change: 0.0%. Rain: 0.0 mm. Weather: no_rain+overcast. Crash count: 3. Event count within 3km: 0. Public holiday: 0. School holiday: 0.,"Classify the anomaly level for this traffic station context. Choose one: normal, minor_anomaly, major_anomaly.",normal,Observed traffic is 0.0% different from the expected baseline. Main reason: explained_by_crash.
55406,02393,Crown Street,Crown Street,Darlinghurst,Sydney,2024-07-01,2,47.0,42.0,5.0,11.904761904761903,no_change,0,0,normal,no_deviation,Station: Crown Street. Road: Crown Street. Suburb: Darlinghurst. Date: 2024-07-01. Hour: 2. Traffic volume: 47.0. Expected volume: 42.0. Traffic change: 11.9%. Rain: 0.0 mm. Weather: no_rain. Crash count: 0. Event count within 3km: 0. Public holiday: 0. School holiday: 0.,"Classify the anomaly level for this traffic station context. Choose one: normal, minor_anomaly, major_anomaly.",normal,Observed traffic is 11.9% different from the expected baseline. Main reason: no_deviation.
55406,02393,Crown Street,Crown Street,Darlinghurst,Sydney,2024-06-05,6,427.0,401.0,26.0,6.483790523690773,no_change,1,1,normal,explained_by_event,Station: Crown Street. Road: Crown Street. Suburb: Darlinghurst. Date: 2024-06-05. Hour: 6. Traffic volume: 427.0. Expected volume: 401.0. Traffic change: 6.5%. Rain: 0.0 mm. Weather: no_rain+very_humid. Crash count: 0. Event count within 3km: 1. Public holiday: 0. School holiday: 0.,"Classify the anomaly level for this traffic station context. Choose one: normal, minor_anomaly, major_anomaly.",normal,Observed traffic is 6.5% different from the expected baseline. Main reason: explained_by_event.
55423,02413,Allen Street,Allen Street,Pyrmont,Sydney,2022-08-03,8,403.0,737.0,-334.0,-45.31886024423338,decrease,2,1,major_anomaly,unexplained_beyond_crash,Station: Allen Street. Road: Allen Street. Suburb: Pyrmont. Date: 2022-08-03. Hour: 8. Traffic volume: 403.0. Expected volume: 737.0. Traffic change: -45.3%. Rain: 0.0 mm. Weather: no_rain. Crash count: 8. Event count within 3km: 0. Public holiday: 0. School holiday: 0.,"Classify the anomaly level for this traffic station context. Choose one: normal, minor_anomaly, major_anomaly.",major_anomaly,Observed traffic is -45.3% different from the expected baseline. Main reason: unexplained_beyond_crash.
55423,02413,Allen Street,Allen Street,Pyrmont,Sydney,2023-12-22,22,313.0,194.0,119.0,61.34020618556701,increase,3,1,major_anomaly,unexplained_beyond_crash,Station: Allen Street. Road: Allen Street. Suburb: Pyrmont. Date: 2023-12-22. Hour: 22. Traffic volume: 313.0. Expected volume: 194.0. Traffic change: 61.3%. Rain: 0.0 mm. Weather: no_rain+overcast. Crash count: 5. Event count within 3km: 0. Public holiday: 0. School holiday: 0.,"Classify the anomaly level for this traffic station context. Choose one: normal, minor_anomaly, major_anomaly.",major_anomaly,Observed traffic is 61.3% different from the expected baseline. Main reason: unexplained_beyond_crash.
55423,02413,Allen Street,Allen Street,Pyrmont,Sydney,2022-11-11,0,84.0,54.0,30.0,55.55555555555556,increase,3,1,major_anomaly,unexplained_beyond_crash,Station: Allen Street. Road: Allen Street. Suburb: Pyrmont. Date: 2022-11-11. Hour: 0. Traffic volume: 84.0. Expected volume: 54.0. Traffic change: 55.6%. Rain: 0.0 mm. Weather: no_rain+very_humid. Crash count: 3. Event count within 3km: 0. Public holiday: 0. School holiday: 0.,"Classify the anomaly level for this traffic station context. Choose one: normal, minor_anomaly, major_anomaly.",major_anomaly,Observed traffic is 55.6% different from the expected baseline. Main reason: unexplained_beyond_crash.
55423,02413,Allen Street,Allen Street,Pyrmont,Sydney,2022-03-06,5,99.0,138.0,-39.0,-28.26086956521739,decrease,1,1,minor_anomaly,unexplained_beyond_rain,Station: Allen Street. Road: Allen Street. Suburb: Pyrmont. Date: 2022-03-06. Hour: 5. Traffic volume: 99.0. Expected volume: 138.0. Traffic change: -28.3%. Rain: 0.9 mm. Weather: light_rain+very_humid+overcast. Crash count: 0. Event count within 3km: 0. Public holiday: 0. School holiday: 0.,"Classify the anomaly level for this traffic station context. Choose one: normal, minor_anomaly, major_anomaly.",minor_anomaly,Observed traffic is -28.3% different from the expected baseline. Main reason: unexplained_beyond_rain.
55423,02413,Allen Street,Allen Street,Pyrmont,Sydney,2022-01-19,2,18.0,31.0,-13.0,-41.935483870967744,decrease,4,3,minor_anomaly,unexplained_beyond_rain_crash_event,Station: Allen Street. Road: Allen Street. Suburb: Pyrmont. Date: 2022-01-19. Hour: 2. Traffic volume: 18.0. Expected volume: 31.0. Traffic change: -41.9%. Rain: 0.7 mm. Weather: light_rain+very_humid+overcast. Crash count: 1. Event count within 3km: 2. Public holiday: 0. School holiday: 0.,"Classify the anomaly level for this traffic station context. Choose one: normal, minor_anomaly, major_anomaly.",minor_anomaly,Observed traffic is -41.9% different from the expected baseline. Main reason: unexplained_beyond_rain_crash_event.
55423,02413,Allen Street,Allen Street,Pyrmont,Sydney,2022-07-04,1,23.0,33.0,-10.0,-30.303030303030305,decrease,2,2,minor_anomaly,unexplained_beyond_rain_strong_wind,Station: Allen Street. Road: Allen Street. Suburb: Pyrmont. Date: 2022-07-04. Hour: 1. Traffic volume: 23.0. Expected volume: 33.0. Traffic change: -30.3%. Rain: 0.4 mm. Weather: light_rain+strong_wind+very_humid+overcast. Crash count: 0. Event count within 3km: 0. Public holiday: 0. School holiday: 0.,"Classify the anomaly level for this traffic station context. Choose one: normal, minor_anomaly, major_anomaly.",minor_anomaly,Observed traffic is -30.3% different from the expected baseline. Main reason: unexplained_beyond_rain_strong_wind.
55423,02413,Allen Street,Allen Street,Pyrmont,Sydney,2023-05-28,18,483.0,532.0,-49.0,-9.210526315789473,no_change,3,2,normal,explained_by_crash_event,Station: Allen Street. Road: Allen Street. Suburb: Pyrmont. Date: 2023-05-28. Hour: 18. Traffic volume: 483.0. Expected volume: 532.0. Traffic change: -9.2%. Rain: 0.0 mm. Weather: no_rain. Crash count: 2. Event count within 3km: 1. Public holiday: 0. School holiday: 0.,"Classify the anomaly level for this traffic station context. Choose one: normal, minor_anomaly, major_anomaly.",normal,Observed traffic is -9.2% different from the expected baseline. Main reason: explained_by_crash_event.
55423,02413,Allen Street,Allen Street,Pyrmont,Sydney,2023-08-02,0,50.0,54.0,-4.0,-7.4074074074074066,no_change,2,1,normal,explained_by_crash,Station: Allen Street. Road: Allen Street. Suburb: Pyrmont. Date: 2023-08-02. Hour: 0. Traffic volume: 50.0. Expected volume: 54.0. Traffic change: -7.4%. Rain: 0.0 mm. Weather: no_rain+very_humid. Crash count: 1. Event count within 3km: 0. Public holiday: 0. School holiday: 0.,"Classify the anomaly level for this traffic station context. Choose one: normal, minor_anomaly, major_anomaly.",normal,Observed traffic is -7.4% different from the expected baseline. Main reason: explained_by_crash.
55423,02413,Allen Street,Allen Street,Pyrmont,Sydney,2023-11-17,8,645.0,737.0,-92.0,-12.48303934871099,no_change,3,2,normal,explained_by_crash_strong_wind,Station: Allen Street. Road: Allen Street. Suburb: Pyrmont. Date: 2023-11-17. Hour: 8. Traffic volume: 645.0. Expected volume: 737.0. Traffic change: -12.5%. Rain: 0.0 mm. Weather: no_rain+strong_wind+overcast. Crash count: 6. Event count within 3km: 0. Public holiday: 0. School holiday: 0.,"Classify the anomaly level for this traffic station context. Choose one: normal, minor_anomaly, major_anomaly.",normal,Observed traffic is -12.5% different from the expected baseline. Main reason: explained_by_crash_strong_wind.
55430,03018,Eastern Distributor,Eastern Distributor,Moore Park,Sydney,2023-03-03,3,112.0,77.0,35.0,45.45454545454545,increase,0,0,major_anomaly,unexplained_no_context,Station: Eastern Distributor. Road: Eastern Distributor. Suburb: Moore Park. Date: 2023-03-03. Hour: 3. Traffic volume: 112.0. Expected volume: 77.0. Traffic change: 45.5%. Rain: 0.0 mm. Weather: no_rain+very_humid+overcast. Crash count: 0. Event count within 3km: 0. Public holiday: 0. School holiday: 0.,"Classify the anomaly level for this traffic station context. Choose one: normal, minor_anomaly, major_anomaly.",major_anomaly,Observed traffic is 45.5% different from the expected baseline. Main reason: unexplained_no_context.
55430,03018,Eastern Distributor,Eastern Distributor,Moore Park,Sydney,2022-09-17,9,2043.0,1263.0,780.0,61.75771971496437,increase,3,2,major_anomaly,unexplained_beyond_crash_event,Station: Eastern Distributor. Road: Eastern Distributor. Suburb: Moore Park. Date: 2022-09-17. Hour: 9. Traffic volume: 2043.0. Expected volume: 1263.0. Traffic change: 61.8%. Rain: 0.0 mm. Weather: no_rain. Crash count: 1. Event count within 3km: 1. Public holiday: 0. School holiday: 0.,"Classify the anomaly level for this traffic station context. Choose one: normal, minor_anomaly, major_anomaly.",major_anomaly,Observed traffic is 61.8% different from the expected baseline. Main reason: unexplained_beyond_crash_event.
55430,03018,Eastern Distributor,Eastern Distributor,Moore Park,Sydney,2023-07-20,14,983.0,1643.0,-660.0,-40.170419963481436,decrease,2,1,major_anomaly,unexplained_beyond_crash,Station: Eastern Distributor. Road: Eastern Distributor. Suburb: Moore Park. Date: 2023-07-20. Hour: 14. Traffic volume: 983.0. Expected volume: 1643.0. Traffic change: -40.2%. Rain: 0.0 mm. Weather: no_rain. Crash count: 2. Event count within 3km: 0. Public holiday: 0. School holiday: 0.,"Classify the anomaly level for this traffic station context. Choose one: normal, minor_anomaly, major_anomaly.",major_anomaly,Observed traffic is -40.2% different from the expected baseline. Main reason: unexplained_beyond_crash.
55430,03018,Eastern Distributor,Eastern Distributor,Moore Park,Sydney,2023-08-10,22,464.0,603.0,-139.0,-23.0514096185738,decrease,2,1,minor_anomaly,unexplained_beyond_crash,Station: Eastern Distributor. Road: Eastern Distributor. Suburb: Moore Park. Date: 2023-08-10. Hour: 22. Traffic volume: 464.0. Expected volume: 603.0. Traffic change: -23.1%. Rain: 0.0 mm. Weather: no_rain. Crash count: 1. Event count within 3km: 0. Public holiday: 0. School holiday: 0.,"Classify the anomaly level for this traffic station context. Choose one: normal, minor_anomaly, major_anomaly.",minor_anomaly,Observed traffic is -23.1% different from the expected baseline. Main reason: unexplained_beyond_crash.
55430,03018,Eastern Distributor,Eastern Distributor,Moore Park,Sydney,2022-08-01,4,157.0,126.0,31.0,24.6031746031746,increase,1,1,minor_anomaly,unexplained_beyond_crash,Station: Eastern Distributor. Road: Eastern Distributor. Suburb: Moore Park. Date: 2022-08-01. Hour: 4. Traffic volume: 157.0. Expected volume: 126.0. Traffic change: 24.6%. Rain: 0.0 mm. Weather: no_rain+overcast. Crash count: 1. Event count within 3km: 0. Public holiday: 0. School holiday: 0.,"Classify the anomaly level for this traffic station context. Choose one: normal, minor_anomaly, major_anomaly.",minor_anomaly,Observed traffic is 24.6% different from the expected baseline. Main reason: unexplained_beyond_crash.
55430,03018,Eastern Distributor,Eastern Distributor,Moore Park,Sydney,2022-08-15,6,1945.0,1426.5,518.5,36.347704171048015,increase,2,1,minor_anomaly,unexplained_beyond_crash,Station: Eastern Distributor. Road: Eastern Distributor. Suburb: Moore Park. Date: 2022-08-15. Hour: 6. Traffic volume: 1945.0. Expected volume: 1426.5. Traffic change: 36.3%. Rain: 0.0 mm. Weather: no_rain. Crash count: 5. Event count within 3km: 0. Public holiday: 0. School holiday: 0.,"Classify the anomaly level for this traffic station context. Choose one: normal, minor_anomaly, major_anomaly.",minor_anomaly,Observed traffic is 36.3% different from the expected baseline. Main reason: unexplained_beyond_crash.
55430,03018,Eastern Distributor,Eastern Distributor,Moore Park,Sydney,2022-01-15,9,1445.0,1263.0,182.0,14.410134600158353,no_change,3,2,normal,explained_by_crash_event,Station: Eastern Distributor. Road: Eastern Distributor. Suburb: Moore Park. Date: 2022-01-15. Hour: 9. Traffic volume: 1445.0. Expected volume: 1263.0. Traffic change: 14.4%. Rain: 0.0 mm. Weather: no_rain. Crash count: 5. Event count within 3km: 2. Public holiday: 0. School holiday: 0.,"Classify the anomaly level for this traffic station context. Choose one: normal, minor_anomaly, major_anomaly.",normal,Observed traffic is 14.4% different from the expected baseline. Main reason: explained_by_crash_event.
55430,03018,Eastern Distributor,Eastern Distributor,Moore Park,Sydney,2023-09-10,4,128.0,163.0,-35.0,-21.472392638036812,decrease,3,2,normal,explained_by_crash_event,Station: Eastern Distributor. Road: Eastern Distributor. Suburb: Moore Park. Date: 2023-09-10. Hour: 4. Traffic volume: 128.0. Expected volume: 163.0. Traffic change: -21.5%. Rain: 0.0 mm. Weather: no_rain. Crash count: 2. Event count within 3km: 1. Public holiday: 0. School holiday: 0.,"Classify the anomaly level for this traffic station context. Choose one: normal, minor_anomaly, major_anomaly.",normal,Observed traffic is -21.5% different from the expected baseline. Main reason: explained_by_crash_event.
55430,03018,Eastern Distributor,Eastern Distributor,Moore Park,Sydney,2023-08-10,18,1546.0,1961.0,-415.0,-21.162672106068335,decrease,2,1,normal,explained_by_crash,Station: Eastern Distributor. Road: Eastern Distributor. Suburb: Moore Park. Date: 2023-08-10. Hour: 18. Traffic volume: 1546.0. Expected volume: 1961.0. Traffic change: -21.2%. Rain: 0.0 mm. Weather: no_rain. Crash count: 9. Event count within 3km: 0. Public holiday: 0. School holiday: 0.,"Classify the anomaly level for this traffic station context. Choose one: normal, minor_anomaly, major_anomaly.",normal,Observed traffic is -21.2% different from the expected baseline. Main reason: explained_by_crash.
55432,03022,Cleveland Street,Cleveland Street,Moore Park,Sydney,2022-04-29,19,722.0,509.0,213.0,41.846758349705304,increase,2,1,major_anomaly,unexplained_beyond_crash,Station: Cleveland Street. Road: Cleveland Street. Suburb: Moore Park. Date: 2022-04-29. Hour: 19. Traffic volume: 722.0. Expected volume: 509.0. Traffic change: 41.8%. Rain: 0.0 mm. Weather: no_rain+very_humid. Crash count: 8. Event count within 3km: 0. Public holiday: 0. School holiday: 0.,"Classify the anomaly level for this traffic station context. Choose one: normal, minor_anomaly, major_anomaly.",major_anomaly,Observed traffic is 41.8% different from the expected baseline. Main reason: unexplained_beyond_crash.
55432,03022,Cleveland Street,Cleveland Street,Moore Park,Sydney,2022-12-08,1,116.0,45.0,71.0,157.77777777777777,increase,0,0,major_anomaly,unexplained_no_context,Station: Cleveland Street. Road: Cleveland Street. Suburb: Moore Park. Date: 2022-12-08. Hour: 1. Traffic volume: 116.0. Expected volume: 45.0. Traffic change: 157.8%. Rain: 0.0 mm. Weather: no_rain. Crash count: 0. Event count within 3km: 0. Public holiday: 0. School holiday: 0.,"Classify the anomaly level for this traffic station context. Choose one: normal, minor_anomaly, major_anomaly.",major_anomaly,Observed traffic is 157.8% different from the expected baseline. Main reason: unexplained_no_context.
55432,03022,Cleveland Street,Cleveland Street,Moore Park,Sydney,2022-10-22,21,597.0,384.0,213.0,55.46875,increase,2,1,major_anomaly,unexplained_beyond_crash,Station: Cleveland Street. Road: Cleveland Street. Suburb: Moore Park. Date: 2022-10-22. Hour: 21. Traffic volume: 597.0. Expected volume: 384.0. Traffic change: 55.5%. Rain: 0.0 mm. Weather: no_rain+very_humid+overcast. Crash count: 3. Event count within 3km: 0. Public holiday: 0. School holiday: 0.,"Classify the anomaly level for this traffic station context. Choose one: normal, minor_anomaly, major_anomaly.",major_anomaly,Observed traffic is 55.5% different from the expected baseline. Main reason: unexplained_beyond_crash.
55432,03022,Cleveland Street,Cleveland Street,Moore Park,Sydney,2022-12-19,4,97.0,78.0,19.0,24.358974358974358,increase,1,1,minor_anomaly,unexplained_beyond_rain,Station: Cleveland Street. Road: Cleveland Street. Suburb: Moore Park. Date: 2022-12-19. Hour: 4. Traffic volume: 97.0. Expected volume: 78.0. Traffic change: 24.4%. Rain: 0.1 mm. Weather: no_rain+overcast. Crash count: 0. Event count within 3km: 0. Public holiday: 0. School holiday: 0.,"Classify the anomaly level for this traffic station context. Choose one: normal, minor_anomaly, major_anomaly.",minor_anomaly,Observed traffic is 24.4% different from the expected baseline. Main reason: unexplained_beyond_rain.
55432,03022,Cleveland Street,Cleveland Street,Moore Park,Sydney,2022-03-11,20,575.0,437.0,138.0,31.57894736842105,increase,2,1,minor_anomaly,unexplained_beyond_crash,Station: Cleveland Street. Road: Cleveland Street. Suburb: Moore Park. Date: 2022-03-11. Hour: 20. Traffic volume: 575.0. Expected volume: 437.0. Traffic change: 31.6%. Rain: 0.0 mm. Weather: no_rain. Crash count: 5. Event count within 3km: 0. Public holiday: 0. School holiday: 0.,"Classify the anomaly level for this traffic station context. Choose one: normal, minor_anomaly, major_anomaly.",minor_anomaly,Observed traffic is 31.6% different from the expected baseline. Main reason: unexplained_beyond_crash.
55432,03022,Cleveland Street,Cleveland Street,Moore Park,Sydney,2022-08-03,3,33.0,41.0,-8.0,-19.51219512195122,no_change,0,0,minor_anomaly,unexplained_no_context,Station: Cleveland Street. Road: Cleveland Street. Suburb: Moore Park. Date: 2022-08-03. Hour: 3. Traffic volume: 33.0. Expected volume: 41.0. Traffic change: -19.5%. Rain: 0.0 mm. Weather: no_rain+overcast. Crash count: 0. Event count within 3km: 0. Public holiday: 0. School holiday: 0.,"Classify the anomaly level for this traffic station context. Choose one: normal, minor_anomaly, major_anomaly.",minor_anomaly,Observed traffic is -19.5% different from the expected baseline. Main reason: unexplained_no_context.
55432,03022,Cleveland Street,Cleveland Street,Moore Park,Sydney,2022-03-14,18,600.0,652.0,-52.0,-7.975460122699387,no_change,2,1,normal,explained_by_crash,Station: Cleveland Street. Road: Cleveland Street. Suburb: Moore Park. Date: 2022-03-14. Hour: 18. Traffic volume: 600.0. Expected volume: 652.0. Traffic change: -8.0%. Rain: 0.0 mm. Weather: no_rain. Crash count: 2. Event count within 3km: 0. Public holiday: 0. School holiday: 0.,"Classify the anomaly level for this traffic station context. Choose one: normal, minor_anomaly, major_anomaly.",normal,Observed traffic is -8.0% different from the expected baseline. Main reason: explained_by_crash.
55432,03022,Cleveland Street,Cleveland Street,Moore Park,Sydney,2023-03-08,14,636.0,624.0,12.0,1.9230769230769231,no_change,3,1,normal,explained_by_crash,Station: Cleveland Street. Road: Cleveland Street. Suburb: Moore Park. Date: 2023-03-08. Hour: 14. Traffic volume: 636.0. Expected volume: 624.0. Traffic change: 1.9%. Rain: 0.0 mm. Weather: no_rain. Crash count: 4. Event count within 3km: 0. Public holiday: 0. School holiday: 0.,"Classify the anomaly level for this traffic station context. Choose one: normal, minor_anomaly, major_anomaly.",normal,Observed traffic is 1.9% different from the expected baseline. Main reason: explained_by_crash.
55432,03022,Cleveland Street,Cleveland Street,Moore Park,Sydney,2022-05-26,10,600.0,621.0,-21.0,-3.3816425120772946,no_change,2,1,normal,explained_by_crash,Station: Cleveland Street. Road: Cleveland Street. Suburb: Moore Park. Date: 2022-05-26. Hour: 10. Traffic volume: 600.0. Expected volume: 621.0. Traffic change: -3.4%. Rain: 0.0 mm. Weather: no_rain+very_humid. Crash count: 4. Event count within 3km: 0. Public holiday: 0. School holiday: 0.,"Classify the anomaly level for this traffic station context. Choose one: normal, minor_anomaly, major_anomaly.",normal,Observed traffic is -3.4% different from the expected baseline. Main reason: explained_by_crash.
56602,100001,Cambridge Street,Cambridge Street,Canley Heights,Fairfield,2024-04-12,1,276.0,202.0,74.0,36.633663366336634,increase,0,0,major_anomaly,unexplained_no_context,Station: Cambridge Street. Road: Cambridge Street. Suburb: Canley Heights. Date: 2024-04-12. Hour: 1. Traffic volume: 276.0. Expected volume: 202.0. Traffic change: 36.6%. Rain: 0.0 mm. Weather: no_rain+very_humid. Crash count: 0. Event count within 3km: 0. Public holiday: 0. School holiday: 0.,"Classify the anomaly level for this traffic station context. Choose one: normal, minor_anomaly, major_anomaly.",major_anomaly,Observed traffic is 36.6% different from the expected baseline. Main reason: unexplained_no_context.
56602,100001,Cambridge Street,Cambridge Street,Canley Heights,Fairfield,2023-06-09,7,1095.0,2134.0,-1039.0,-48.687910028116214,decrease,2,1,major_anomaly,unexplained_beyond_crash,Station: Cambridge Street. Road: Cambridge Street. Suburb: Canley Heights. Date: 2023-06-09. Hour: 7. Traffic volume: 1095.0. Expected volume: 2134.0. Traffic change: -48.7%. Rain: 0.0 mm. Weather: no_rain+very_humid. Crash count: 2. Event count within 3km: 0. Public holiday: 0. School holiday: 0.,"Classify the anomaly level for this traffic station context. Choose one: normal, minor_anomaly, major_anomaly.",major_anomaly,Observed traffic is -48.7% different from the expected baseline. Main reason: unexplained_beyond_crash.
56602,100001,Cambridge Street,Cambridge Street,Canley Heights,Fairfield,2023-06-08,13,1263.0,2179.0,-916.0,-42.03763194125746,decrease,0,0,major_anomaly,unexplained_no_context,Station: Cambridge Street. Road: Cambridge Street. Suburb: Canley Heights. Date: 2023-06-08. Hour: 13. Traffic volume: 1263.0. Expected volume: 2179.0. Traffic change: -42.0%. Rain: 0.0 mm. Weather: no_rain+overcast. Crash count: 0. Event count within 3km: 0. Public holiday: 0. School holiday: 0.,"Classify the anomaly level for this traffic station context. Choose one: normal, minor_anomaly, major_anomaly.",major_anomaly,Observed traffic is -42.0% different from the expected baseline. Main reason: unexplained_no_context.
56602,100001,Cambridge Street,Cambridge Street,Canley Heights,Fairfield,2022-06-09,7,2676.0,2134.0,542.0,25.398313027179007,increase,1,1,minor_anomaly,unexplained_beyond_crash,Station: Cambridge Street. Road: Cambridge Street. Suburb: Canley Heights. Date: 2022-06-09. Hour: 7. Traffic volume: 2676.0. Expected volume: 2134.0. Traffic change: 25.4%. Rain: 0.0 mm. Weather: no_rain. Crash count: 1. Event count within 3km: 0. Public holiday: 0. School holiday: 0.,"Classify the anomaly level for this traffic station context. Choose one: normal, minor_anomaly, major_anomaly.",minor_anomaly,Observed traffic is 25.4% different from the expected baseline. Main reason: unexplained_beyond_crash.
56602,100001,Cambridge Street,Cambridge Street,Canley Heights,Fairfield,2023-05-01,17,1758.0,2605.5,-847.5,-32.52734599884859,decrease,2,1,minor_anomaly,unexplained_beyond_crash,Station: Cambridge Street. Road: Cambridge Street. Suburb: Canley Heights. Date: 2023-05-01. Hour: 17. Traffic volume: 1758.0. Expected volume: 2605.5. Traffic change: -32.5%. Rain: 0.0 mm. Weather: no_rain. Crash count: 2. Event count within 3km: 0. Public holiday: 0. School holiday: 0.,"Classify the anomaly level for this traffic station context. Choose one: normal, minor_anomaly, major_anomaly.",minor_anomaly,Observed traffic is -32.5% different from the expected baseline. Main reason: unexplained_beyond_crash.
56602,100001,Cambridge Street,Cambridge Street,Canley Heights,Fairfield,2024-10-29,9,2256.0,1843.0,413.0,22.409115572436246,increase,0,0,minor_anomaly,unexplained_no_context,Station: Cambridge Street. Road: Cambridge Street. Suburb: Canley Heights. Date: 2024-10-29. Hour: 9. Traffic volume: 2256.0. Expected volume: 1843.0. Traffic change: 22.4%. Rain: 0.0 mm. Weather: no_rain. Crash count: 0. Event count within 3km: 0. Public holiday: 0. School holiday: 0.,"Classify the anomaly level for this traffic station context. Choose one: normal, minor_anomaly, major_anomaly.",minor_anomaly,Observed traffic is 22.4% different from the expected baseline. Main reason: unexplained_no_context.
56602,100001,Cambridge Street,Cambridge Street,Canley Heights,Fairfield,2022-03-28,2,165.0,170.5,-5.5,-3.225806451612903,no_change,0,0,normal,no_deviation,Station: Cambridge Street. Road: Cambridge Street. Suburb: Canley Heights. Date: 2022-03-28. Hour: 2. Traffic volume: 165.0. Expected volume: 170.5. Traffic change: -3.2%. Rain: 0.0 mm. Weather: no_rain+very_humid+overcast. Crash count: 0. Event count within 3km: 0. Public holiday: 0. School holiday: 0.,"Classify the anomaly level for this traffic station context. Choose one: normal, minor_anomaly, major_anomaly.",normal,Observed traffic is -3.2% different from the expected baseline. Main reason: no_deviation.
56602,100001,Cambridge Street,Cambridge Street,Canley Heights,Fairfield,2024-07-16,23,666.0,580.0,86.0,14.827586206896552,no_change,0,0,normal,no_deviation,Station: Cambridge Street. Road: Cambridge Street. Suburb: Canley Heights. Date: 2024-07-16. Hour: 23. Traffic volume: 666.0. Expected volume: 580.0. Traffic change: 14.8%. Rain: 0.0 mm. Weather: no_rain+overcast. Crash count: 0. Event count within 3km: 0. Public holiday: 0. School holiday: 0.,"Classify the anomaly level for this traffic station context. Choose one: normal, minor_anomaly, major_anomaly.",normal,Observed traffic is 14.8% different from the expected baseline. Main reason: no_deviation.
56602,100001,Cambridge Street,Cambridge Street,Canley Heights,Fairfield,2023-12-28,22,1000.0,892.5,107.5,12.044817927170868,no_change,0,0,normal,no_deviation,Station: Cambridge Street. Road: Cambridge Street. Suburb: Canley Heights. Date: 2023-12-28. Hour: 22. Traffic volume: 1000.0. Expected volume: 892.5. Traffic change: 12.0%. Rain: 0.0 mm. Weather: no_rain+very_humid. Crash count: 0. Event count within 3km: 0. Public holiday: 0. School holiday: 0.,"Classify the anomaly level for this traffic station context. Choose one: normal, minor_anomaly, major_anomaly.",normal,Observed traffic is 12.0% different from the expected baseline. Main reason: no_deviation.
56606,10011,New South Head Road,New South Head Road,Edgecliff,Woollahra,2022-08-19,1,305.0,189.0,116.0,61.37566137566137,increase,0,0,major_anomaly,unexplained_no_context,Station: New South Head Road. Road: New South Head Road. Suburb: Edgecliff. Date: 2022-08-19. Hour: 1. Traffic volume: 305.0. Expected volume: 189.0. Traffic change: 61.4%. Rain: 0.0 mm. Weather: no_rain+overcast. Crash count: 0. Event count within 3km: 0. Public holiday: 0. School holiday: 0.,"Classify the anomaly level for this traffic station context. Choose one: normal, minor_anomaly, major_anomaly.",major_anomaly,Observed traffic is 61.4% different from the expected baseline. Main reason: unexplained_no_context.
56606,10011,New South Head Road,New South Head Road,Edgecliff,Woollahra,2023-12-01,1,458.0,189.0,269.0,142.32804232804233,increase,1,1,major_anomaly,unexplained_beyond_crash,Station: New South Head Road. Road: New South Head Road. Suburb: Edgecliff. Date: 2023-12-01. Hour: 1. Traffic volume: 458.0. Expected volume: 189.0. Traffic change: 142.3%. Rain: 0.0 mm. Weather: no_rain+very_humid+overcast. Crash count: 3. Event count within 3km: 0. Public holiday: 0. School holiday: 0.,"Classify the anomaly level for this traffic station context. Choose one: normal, minor_anomaly, major_anomaly.",major_anomaly,Observed traffic is 142.3% different from the expected baseline. Main reason: unexplained_beyond_crash.
56606,10011,New South Head Road,New South Head Road,Edgecliff,Woollahra,2024-06-10,21,721.0,1865.5,-1144.5,-61.350844277673545,decrease,3,2,major_anomaly,unexplained_beyond_crash_event,Station: New South Head Road. Road: New South Head Road. Suburb: Edgecliff. Date: 2024-06-10. Hour: 21. Traffic volume: 721.0. Expected volume: 1865.5. Traffic change: -61.4%. Rain: 0.0 mm. Weather: no_rain+very_humid. Crash count: 4. Event count within 3km: 1. Public holiday: 0. School holiday: 0.,"Classify the anomaly level for this traffic station context. Choose one: normal, minor_anomaly, major_anomaly.",major_anomaly,Observed traffic is -61.4% different from the expected baseline. Main reason: unexplained_beyond_crash_event.
56606,10011,New South Head Road,New South Head Road,Edgecliff,Woollahra,2022-12-21,16,2289.0,4797.0,-2508.0,-52.28267667292058,decrease,3,1,minor_anomaly,unexplained_beyond_crash,Station: New South Head Road. Road: New South Head Road. Suburb: Edgecliff. Date: 2022-12-21. Hour: 16. Traffic volume: 2289.0. Expected volume: 4797.0. Traffic change: -52.3%. Rain: 0.0 mm. Weather: no_rain. Crash count: 2. Event count within 3km: 0. Public holiday: 0. School holiday: 0.,"Classify the anomaly level for this traffic station context. Choose one: normal, minor_anomaly, major_anomaly.",minor_anomaly,Observed traffic is -52.3% different from the expected baseline. Main reason: unexplained_beyond_crash.
56606,10011,New South Head Road,New South Head Road,Edgecliff,Woollahra,2024-02-22,23,1002.0,753.0,249.0,33.067729083665334,increase,1,1,minor_anomaly,unexplained_beyond_crash,Station: New South Head Road. Road: New South Head Road. Suburb: Edgecliff. Date: 2024-02-22. Hour: 23. Traffic volume: 1002.0. Expected volume: 753.0. Traffic change: 33.1%. Rain: 0.0 mm. Weather: no_rain+very_humid. Crash count: 1. Event count within 3km: 0. Public holiday: 0. School holiday: 0.,"Classify the anomaly level for this traffic station context. Choose one: normal, minor_anomaly, major_anomaly.",minor_anomaly,Observed traffic is 33.1% different from the expected baseline. Main reason: unexplained_beyond_crash.
56606,10011,New South Head Road,New South Head Road,Edgecliff,Woollahra,2022-04-27,0,217.0,320.0,-103.0,-32.1875,decrease,2,2,minor_anomaly,unexplained_beyond_rain_event,Station: New South Head Road. Road: New South Head Road. Suburb: Edgecliff. Date: 2022-04-27. Hour: 0. Traffic volume: 217.0. Expected volume: 320.0. Traffic change: -32.2%. Rain: 0.3 mm. Weather: light_rain+very_humid+overcast. Crash count: 0. Event count within 3km: 1. Public holiday: 0. School holiday: 0.,"Classify the anomaly level for this traffic station context. Choose one: normal, minor_anomaly, major_anomaly.",minor_anomaly,Observed traffic is -32.2% different from the expected baseline. Main reason: unexplained_beyond_rain_event.
56606,10011,New South Head Road,New South Head Road,Edgecliff,Woollahra,2023-02-15,9,4832.0,4643.0,189.0,4.070643980185225,no_change,4,3,normal,explained_by_rain_crash_event,Station: New South Head Road. Road: New South Head Road. Suburb: Edgecliff. Date: 2023-02-15. Hour: 9. Traffic volume: 4832.0. Expected volume: 4643.0. Traffic change: 4.1%. Rain: 0.3 mm. Weather: light_rain. Crash count: 5. Event count within 3km: 1. Public holiday: 0. School holiday: 0.,"Classify the anomaly level for this traffic station context. Choose one: normal, minor_anomaly, major_anomaly.",normal,Observed traffic is 4.1% different from the expected baseline. Main reason: explained_by_rain_crash_event.
56606,10011,New South Head Road,New South Head Road,Edgecliff,Woollahra,2022-05-13,16,4985.0,4797.0,188.0,3.919116114238066,no_change,4,3,normal,explained_by_rain_crash_event,Station: New South Head Road. Road: New South Head Road. Suburb: Edgecliff. Date: 2022-05-13. Hour: 16. Traffic volume: 4985.0. Expected volume: 4797.0. Traffic change: 3.9%. Rain: 0.1 mm. Weather: no_rain+very_humid. Crash count: 5. Event count within 3km: 1. Public holiday: 0. School holiday: 0.,"Classify the anomaly level for this traffic station context. Choose one: normal, minor_anomaly, major_anomaly.",normal,Observed traffic is 3.9% different from the expected baseline. Main reason: explained_by_rain_crash_event.
56606,10011,New South Head Road,New South Head Road,Edgecliff,Woollahra,2024-10-18,19,2082.0,2697.5,-615.5,-22.817423540315108,decrease,4,3,normal,explained_by_rain_crash_event,Station: New South Head Road. Road: New South Head Road. Suburb: Edgecliff. Date: 2024-10-18. Hour: 19. Traffic volume: 2082.0. Expected volume: 2697.5. Traffic change: -22.8%. Rain: 0.9 mm. Weather: light_rain+overcast. Crash count: 2. Event count within 3km: 2. Public holiday: 0. School holiday: 0.,"Classify the anomaly level for this traffic station context. Choose one: normal, minor_anomaly, major_anomaly.",normal,Observed traffic is -22.8% different from the expected baseline. Main reason: explained_by_rain_crash_event.
56615,10052,Syd Einfeld Drive,Syd Einfeld Drive,Bondi Junction,Waverley,2023-01-11,18,1172.0,2235.0,-1063.0,-47.56152125279642,decrease,2,1,major_anomaly,unexplained_beyond_crash,Station: Syd Einfeld Drive. Road: Syd Einfeld Drive. Suburb: Bondi Junction. Date: 2023-01-11. Hour: 18. Traffic volume: 1172.0. Expected volume: 2235.0. Traffic change: -47.6%. Rain: 0.0 mm. Weather: no_rain. Crash count: 2. Event count within 3km: 0. Public holiday: 0. School holiday: 0.,"Classify the anomaly level for this traffic station context. Choose one: normal, minor_anomaly, major_anomaly.",major_anomaly,Observed traffic is -47.6% different from the expected baseline. Main reason: unexplained_beyond_crash.
56615,10052,Syd Einfeld Drive,Syd Einfeld Drive,Bondi Junction,Waverley,2022-11-07,22,328.0,774.0,-446.0,-57.622739018087856,decrease,2,2,major_anomaly,unexplained_beyond_crash_event,Station: Syd Einfeld Drive. Road: Syd Einfeld Drive. Suburb: Bondi Junction. Date: 2022-11-07. Hour: 22. Traffic volume: 328.0. Expected volume: 774.0. Traffic change: -57.6%. Rain: 0.0 mm. Weather: no_rain. Crash count: 1. Event count within 3km: 1. Public holiday: 0. School holiday: 0.,"Classify the anomaly level for this traffic station context. Choose one: normal, minor_anomaly, major_anomaly.",major_anomaly,Observed traffic is -57.6% different from the expected baseline. Main reason: unexplained_beyond_crash_event.
56615,10052,Syd Einfeld Drive,Syd Einfeld Drive,Bondi Junction,Waverley,2022-04-15,7,1166.0,2438.5,-1272.5,-52.18371949969244,decrease,0,0,major_anomaly,unexplained_no_context,Station: Syd Einfeld Drive. Road: Syd Einfeld Drive. Suburb: Bondi Junction. Date: 2022-04-15. Hour: 7. Traffic volume: 1166.0. Expected volume: 2438.5. Traffic change: -52.2%. Rain: 0.0 mm. Weather: no_rain+very_humid+overcast. Crash count: 0. Event count within 3km: 0. Public holiday: 0. School holiday: 0.,"Classify the anomaly level for this traffic station context. Choose one: normal, minor_anomaly, major_anomaly.",major_anomaly,Observed traffic is -52.2% different from the expected baseline. Main reason: unexplained_no_context.
56615,10052,Syd Einfeld Drive,Syd Einfeld Drive,Bondi Junction,Waverley,2022-05-13,20,1499.0,1144.5,354.5,30.974224552206202,increase,1,1,minor_anomaly,unexplained_beyond_crash,Station: Syd Einfeld Drive. Road: Syd Einfeld Drive. Suburb: Bondi Junction. Date: 2022-05-13. Hour: 20. Traffic volume: 1499.0. Expected volume: 1144.5. Traffic change: 31.0%. Rain: 0.0 mm. Weather: no_rain+very_humid. Crash count: 1. Event count within 3km: 0. Public holiday: 0. School holiday: 0.,"Classify the anomaly level for this traffic station context. Choose one: normal, minor_anomaly, major_anomaly.",minor_anomaly,Observed traffic is 31.0% different from the expected baseline. Main reason: unexplained_beyond_crash.
56615,10052,Syd Einfeld Drive,Syd Einfeld Drive,Bondi Junction,Waverley,2022-10-06,22,524.0,774.0,-250.0,-32.299741602067186,decrease,2,1,minor_anomaly,unexplained_beyond_crash,Station: Syd Einfeld Drive. Road: Syd Einfeld Drive. Suburb: Bondi Junction. Date: 2022-10-06. Hour: 22. Traffic volume: 524.0. Expected volume: 774.0. Traffic change: -32.3%. Rain: 0.0 mm. Weather: no_rain+very_humid. Crash count: 3. Event count within 3km: 0. Public holiday: 0. School holiday: 0.,"Classify the anomaly level for this traffic station context. Choose one: normal, minor_anomaly, major_anomaly.",minor_anomaly,Observed traffic is -32.3% different from the expected baseline. Main reason: unexplained_beyond_crash.
56615,10052,Syd Einfeld Drive,Syd Einfeld Drive,Bondi Junction,Waverley,2023-01-27,18,1264.0,2235.0,-971.0,-43.44519015659955,decrease,3,2,minor_anomaly,unexplained_beyond_rain_crash,Station: Syd Einfeld Drive. Road: Syd Einfeld Drive. Suburb: Bondi Junction. Date: 2023-01-27. Hour: 18. Traffic volume: 1264.0. Expected volume: 2235.0. Traffic change: -43.4%. Rain: 0.1 mm. Weather: no_rain+very_humid+overcast. Crash count: 2. Event count within 3km: 0. Public holiday: 0. School holiday: 0.,"Classify the anomaly level for this traffic station context. Choose one: normal, minor_anomaly, major_anomaly.",minor_anomaly,Observed traffic is -43.4% different from the expected baseline. Main reason: unexplained_beyond_rain_crash.
56615,10052,Syd Einfeld Drive,Syd Einfeld Drive,Bondi Junction,Waverley,2022-11-02,20,802.0,1144.5,-342.5,-29.92573176059415,decrease,3,2,normal,explained_by_crash_event,Station: Syd Einfeld Drive. Road: Syd Einfeld Drive. Suburb: Bondi Junction. Date: 2022-11-02. Hour: 20. Traffic volume: 802.0. Expected volume: 1144.5. Traffic change: -29.9%. Rain: 0.0 mm. Weather: no_rain. Crash count: 2. Event count within 3km: 1. Public holiday: 0. School holiday: 0.,"Classify the anomaly level for this traffic station context. Choose one: normal, minor_anomaly, major_anomaly.",normal,Observed traffic is -29.9% different from the expected baseline. Main reason: explained_by_crash_event.
56615,10052,Syd Einfeld Drive,Syd Einfeld Drive,Bondi Junction,Waverley,2022-04-11,3,87.0,85.0,2.0,2.3529411764705883,no_change,2,1,normal,explained_by_crash,Station: Syd Einfeld Drive. Road: Syd Einfeld Drive. Suburb: Bondi Junction. Date: 2022-04-11. Hour: 3. Traffic volume: 87.0. Expected volume: 85.0. Traffic change: 2.4%. Rain: 0.0 mm. Weather: no_rain+very_humid. Crash count: 1. Event count within 3km: 0. Public holiday: 0. School holiday: 0.,"Classify the anomaly level for this traffic station context. Choose one: normal, minor_anomaly, major_anomaly.",normal,Observed traffic is 2.4% different from the expected baseline. Main reason: explained_by_crash.
56615,10052,Syd Einfeld Drive,Syd Einfeld Drive,Bondi Junction,Waverley,2023-03-11,20,1179.0,1138.0,41.0,3.6028119507908607,no_change,2,1,normal,explained_by_crash,Station: Syd Einfeld Drive. Road: Syd Einfeld Drive. Suburb: Bondi Junction. Date: 2023-03-11. Hour: 20. Traffic volume: 1179.0. Expected volume: 1138.0. Traffic change: 3.6%. Rain: 0.0 mm. Weather: no_rain. Crash count: 2. Event count within 3km: 0. Public holiday: 0. School holiday: 0.,"Classify the anomaly level for this traffic station context. Choose one: normal, minor_anomaly, major_anomaly.",normal,Observed traffic is 3.6% different from the expected baseline. Main reason: explained_by_crash.
56678,18011,Princes Highway,Princes Highway,Sydenham,Marrickville,2023-11-24,22,516.0,363.0,153.0,42.14876033057851,increase,1,1,major_anomaly,unexplained_beyond_rain,Station: Princes Highway. Road: Princes Highway. Suburb: Sydenham. Date: 2023-11-24. Hour: 22. Traffic volume: 516.0. Expected volume: 363.0. Traffic change: 42.1%. Rain: 2.5 mm. Weather: moderate_rain+very_humid+overcast. Crash count: 0. Event count within 3km: 0. Public holiday: 0. School holiday: 0.,"Classify the anomaly level for this traffic station context. Choose one: normal, minor_anomaly, major_anomaly.",major_anomaly,Observed traffic is 42.1% different from the expected baseline. Main reason: unexplained_beyond_rain.
56678,18011,Princes Highway,Princes Highway,Sydenham,Marrickville,2022-01-24,21,146.0,557.0,-411.0,-73.78815080789947,decrease,2,1,major_anomaly,unexplained_beyond_crash,Station: Princes Highway. Road: Princes Highway. Suburb: Sydenham. Date: 2022-01-24. Hour: 21. Traffic volume: 146.0. Expected volume: 557.0. Traffic change: -73.8%. Rain: 0.0 mm. Weather: no_rain+very_humid+overcast. Crash count: 1. Event count within 3km: 0. Public holiday: 0. School holiday: 0.,"Classify the anomaly level for this traffic station context. Choose one: normal, minor_anomaly, major_anomaly.",major_anomaly,Observed traffic is -73.8% different from the expected baseline. Main reason: unexplained_beyond_crash.
56678,18011,Princes Highway,Princes Highway,Sydenham,Marrickville,2023-10-14,4,799.0,487.0,312.0,64.06570841889116,increase,0,0,major_anomaly,unexplained_no_context,Station: Princes Highway. Road: Princes Highway. Suburb: Sydenham. Date: 2023-10-14. Hour: 4. Traffic volume: 799.0. Expected volume: 487.0. Traffic change: 64.1%. Rain: 0.0 mm. Weather: no_rain. Crash count: 0. Event count within 3km: 0. Public holiday: 0. School holiday: 0.,"Classify the anomaly level for this traffic station context. Choose one: normal, minor_anomaly, major_anomaly.",major_anomaly,Observed traffic is 64.1% different from the expected baseline. Main reason: unexplained_no_context.
56678,18011,Princes Highway,Princes Highway,Sydenham,Marrickville,2022-04-06,13,931.0,1375.5,-444.5,-32.31552162849873,decrease,4,2,minor_anomaly,unexplained_beyond_rain_crash,Station: Princes Highway. Road: Princes Highway. Suburb: Sydenham. Date: 2022-04-06. Hour: 13. Traffic volume: 931.0. Expected volume: 1375.5. Traffic change: -32.3%. Rain: 3.3 mm. Weather: moderate_rain+very_humid+overcast. Crash count: 4. Event count within 3km: 0. Public holiday: 0. School holiday: 0.,"Classify the anomaly level for this traffic station context. Choose one: normal, minor_anomaly, major_anomaly.",minor_anomaly,Observed traffic is -32.3% different from the expected baseline. Main reason: unexplained_beyond_rain_crash.
56678,18011,Princes Highway,Princes Highway,Sydenham,Marrickville,2023-11-03,2,272.0,234.0,38.0,16.23931623931624,no_change,0,0,minor_anomaly,unexplained_no_context,Station: Princes Highway. Road: Princes Highway. Suburb: Sydenham. Date: 2023-11-03. Hour: 2. Traffic volume: 272.0. Expected volume: 234.0. Traffic change: 16.2%. Rain: 0.0 mm. Weather: no_rain+very_humid+overcast. Crash count: 0. Event count within 3km: 0. Public holiday: 0. School holiday: 0.,"Classify the anomaly level for this traffic station context. Choose one: normal, minor_anomaly, major_anomaly.",minor_anomaly,Observed traffic is 16.2% different from the expected baseline. Main reason: unexplained_no_context.
56678,18011,Princes Highway,Princes Highway,Sydenham,Marrickville,2024-04-28,3,216.0,282.0,-66.0,-23.404255319148938,decrease,2,1,minor_anomaly,unexplained_beyond_crash,Station: Princes Highway. Road: Princes Highway. Suburb: Sydenham. Date: 2024-04-28. Hour: 3. Traffic volume: 216.0. Expected volume: 282.0. Traffic change: -23.4%. Rain: 0.0 mm. Weather: no_rain+very_humid+overcast. Crash count: 2. Event count within 3km: 0. Public holiday: 0. School holiday: 0.,"Classify the anomaly level for this traffic station context. Choose one: normal, minor_anomaly, major_anomaly.",minor_anomaly,Observed traffic is -23.4% different from the expected baseline. Main reason: unexplained_beyond_crash.
56678,18011,Princes Highway,Princes Highway,Sydenham,Marrickville,2024-02-15,21,564.0,557.0,7.0,1.2567324955116697,no_change,3,2,normal,explained_by_rain_crash,Station: Princes Highway. Road: Princes Highway. Suburb: Sydenham. Date: 2024-02-15. Hour: 21. Traffic volume: 564.0. Expected volume: 557.0. Traffic change: 1.3%. Rain: 0.1 mm. Weather: no_rain+very_humid+overcast. Crash count: 3. Event count within 3km: 0. Public holiday: 0. School holiday: 0.,"Classify the anomaly level for this traffic station context. Choose one: normal, minor_anomaly, major_anomaly.",normal,Observed traffic is 1.3% different from the expected baseline. Main reason: explained_by_rain_crash.
56678,18011,Princes Highway,Princes Highway,Sydenham,Marrickville,2024-04-07,20,854.0,849.5,4.5,0.5297233666862861,no_change,2,1,normal,explained_by_crash,Station: Princes Highway. Road: Princes Highway. Suburb: Sydenham. Date: 2024-04-07. Hour: 20. Traffic volume: 854.0. Expected volume: 849.5. Traffic change: 0.5%. Rain: 0.0 mm. Weather: no_rain+very_humid. Crash count: 2. Event count within 3km: 0. Public holiday: 0. School holiday: 0.,"Classify the anomaly level for this traffic station context. Choose one: normal, minor_anomaly, major_anomaly.",normal,Observed traffic is 0.5% different from the expected baseline. Main reason: explained_by_crash.
56678,18011,Princes Highway,Princes Highway,Sydenham,Marrickville,2023-12-05,13,1488.0,1375.5,112.5,8.178844056706652,no_change,2,1,normal,explained_by_crash,Station: Princes Highway. Road: Princes Highway. Suburb: Sydenham. Date: 2023-12-05. Hour: 13. Traffic volume: 1488.0. Expected volume: 1375.5. Traffic change: 8.2%. Rain: 0.0 mm. Weather: no_rain. Crash count: 7. Event count within 3km: 0. Public holiday: 0. School holiday: 0.,"Classify the anomaly level for this traffic station context. Choose one: normal, minor_anomaly, major_anomaly.",normal,Observed traffic is 8.2% different from the expected baseline. Main reason: explained_by_crash.
56683,18041,Canal Road,Canal Road,St Peters,Marrickville,2022-04-22,8,1776.0,916.0,860.0,93.88646288209607,increase,2,1,major_anomaly,unexplained_beyond_crash,Station: Canal Road. Road: Canal Road. Suburb: St Peters. Date: 2022-04-22. Hour: 8. Traffic volume: 1776.0. Expected volume: 916.0. Traffic change: 93.9%. Rain: 0.0 mm. Weather: no_rain+very_humid+overcast. Crash count: 4. Event count within 3km: 0. Public holiday: 0. School holiday: 0.,"Classify the anomaly level for this traffic station context. Choose one: normal, minor_anomaly, major_anomaly.",major_anomaly,Observed traffic is 93.9% different from the expected baseline. Main reason: unexplained_beyond_crash.
56683,18041,Canal Road,Canal Road,St Peters,Marrickville,2022-04-18,7,195.0,1036.0,-841.0,-81.17760617760618,decrease,2,1,major_anomaly,unexplained_beyond_crash,Station: Canal Road. Road: Canal Road. Suburb: St Peters. Date: 2022-04-18. Hour: 7. Traffic volume: 195.0. Expected volume: 1036.0. Traffic change: -81.2%. Rain: 0.0 mm. Weather: no_rain+very_humid. Crash count: 1. Event count within 3km: 0. Public holiday: 0. School holiday: 0.,"Classify the anomaly level for this traffic station context. Choose one: normal, minor_anomaly, major_anomaly.",major_anomaly,Observed traffic is -81.2% different from the expected baseline. Main reason: unexplained_beyond_crash.
56683,18041,Canal Road,Canal Road,St Peters,Marrickville,2022-03-26,4,274.0,167.0,107.0,64.07185628742515,increase,3,2,major_anomaly,unexplained_beyond_rain_crash,Station: Canal Road. Road: Canal Road. Suburb: St Peters. Date: 2022-03-26. Hour: 4. Traffic volume: 274.0. Expected volume: 167.0. Traffic change: 64.1%. Rain: 0.4 mm. Weather: light_rain+very_humid+overcast. Crash count: 2. Event count within 3km: 0. Public holiday: 0. School holiday: 0.,"Classify the anomaly level for this traffic station context. Choose one: normal, minor_anomaly, major_anomaly.",major_anomaly,Observed traffic is 64.1% different from the expected baseline. Main reason: unexplained_beyond_rain_crash.
56683,18041,Canal Road,Canal Road,St Peters,Marrickville,2022-03-15,6,667.0,945.0,-278.0,-29.417989417989414,decrease,2,1,minor_anomaly,unexplained_beyond_crash,Station: Canal Road. Road: Canal Road. Suburb: St Peters. Date: 2022-03-15. Hour: 6. Traffic volume: 667.0. Expected volume: 945.0. Traffic change: -29.4%. Rain: 0.0 mm. Weather: no_rain. Crash count: 4. Event count within 3km: 0. Public holiday: 0. School holiday: 0.,"Classify the anomaly level for this traffic station context. Choose one: normal, minor_anomaly, major_anomaly.",minor_anomaly,Observed traffic is -29.4% different from the expected baseline. Main reason: unexplained_beyond_crash.
56683,18041,Canal Road,Canal Road,St Peters,Marrickville,2022-02-05,6,460.0,351.0,109.0,31.054131054131055,increase,3,1,minor_anomaly,unexplained_beyond_crash,Station: Canal Road. Road: Canal Road. Suburb: St Peters. Date: 2022-02-05. Hour: 6. Traffic volume: 460.0. Expected volume: 351.0. Traffic change: 31.1%. Rain: 0.0 mm. Weather: no_rain. Crash count: 2. Event count within 3km: 0. Public holiday: 0. School holiday: 0.,"Classify the anomaly level for this traffic station context. Choose one: normal, minor_anomaly, major_anomaly.",minor_anomaly,Observed traffic is 31.1% different from the expected baseline. Main reason: unexplained_beyond_crash.
56683,18041,Canal Road,Canal Road,St Peters,Marrickville,2022-01-19,11,519.0,915.0,-396.0,-43.278688524590166,decrease,3,2,minor_anomaly,unexplained_beyond_rain_crash,Station: Canal Road. Road: Canal Road. Suburb: St Peters. Date: 2022-01-19. Hour: 11. Traffic volume: 519.0. Expected volume: 915.0. Traffic change: -43.3%. Rain: 1.4 mm. Weather: light_rain+very_humid+overcast. Crash count: 4. Event count within 3km: 0. Public holiday: 0. School holiday: 0.,"Classify the anomaly level for this traffic station context. Choose one: normal, minor_anomaly, major_anomaly.",minor_anomaly,Observed traffic is -43.3% different from the expected baseline. Main reason: unexplained_beyond_rain_crash.
56683,18041,Canal Road,Canal Road,St Peters,Marrickville,2022-02-25,9,706.0,844.0,-138.0,-16.350710900473935,no_change,2,2,normal,explained_by_rain_crash,Station: Canal Road. Road: Canal Road. Suburb: St Peters. Date: 2022-02-25. Hour: 9. Traffic volume: 706.0. Expected volume: 844.0. Traffic change: -16.4%. Rain: 0.9 mm. Weather: light_rain+very_humid+overcast. Crash count: 1. Event count within 3km: 0. Public holiday: 0. School holiday: 0.,"Classify the anomaly level for this traffic station context. Choose one: normal, minor_anomaly, major_anomaly.",normal,Observed traffic is -16.4% different from the expected baseline. Main reason: explained_by_rain_crash.
56683,18041,Canal Road,Canal Road,St Peters,Marrickville,2022-03-25,7,1055.0,1036.0,19.0,1.833976833976834,no_change,3,2,normal,explained_by_rain_crash,Station: Canal Road. Road: Canal Road. Suburb: St Peters. Date: 2022-03-25. Hour: 7. Traffic volume: 1055.0. Expected volume: 1036.0. Traffic change: 1.8%. Rain: 0.4 mm. Weather: light_rain+very_humid+overcast. Crash count: 3. Event count within 3km: 0. Public holiday: 0. School holiday: 0.,"Classify the anomaly level for this traffic station context. Choose one: normal, minor_anomaly, major_anomaly.",normal,Observed traffic is 1.8% different from the expected baseline. Main reason: explained_by_rain_crash.
56683,18041,Canal Road,Canal Road,St Peters,Marrickville,2022-03-16,3,184.0,172.0,12.0,6.976744186046512,no_change,1,1,normal,explained_by_rain,Station: Canal Road. Road: Canal Road. Suburb: St Peters. Date: 2022-03-16. Hour: 3. Traffic volume: 184.0. Expected volume: 172.0. Traffic change: 7.0%. Rain: 0.3 mm. Weather: light_rain+very_humid+overcast. Crash count: 0. Event count within 3km: 0. Public holiday: 0. School holiday: 0.,"Classify the anomaly level for this traffic station context. Choose one: normal, minor_anomaly, major_anomaly.",normal,Observed traffic is 7.0% different from the expected baseline. Main reason: explained_by_rain.
56694,19065,Parramatta Road,Parramatta Road,Annandale,Leichhardt,2022-02-12,7,2030.0,1307.0,723.0,55.31752104055088,increase,4,2,major_anomaly,unexplained_beyond_rain_crash,Station: Parramatta Road. Road: Parramatta Road. Suburb: Annandale. Date: 2022-02-12. Hour: 7. Traffic volume: 2030.0. Expected volume: 1307.0. Traffic change: 55.3%. Rain: 0.8 mm. Weather: light_rain+very_humid. Crash count: 2. Event count within 3km: 0. Public holiday: 0. School holiday: 0.,"Classify the anomaly level for this traffic station context. Choose one: normal, minor_anomaly, major_anomaly.",major_anomaly,Observed traffic is 55.3% different from the expected baseline. Main reason: unexplained_beyond_rain_crash.
56694,19065,Parramatta Road,Parramatta Road,Annandale,Leichhardt,2022-08-19,1,612.0,436.0,176.0,40.36697247706422,increase,1,1,major_anomaly,unexplained_beyond_crash,Station: Parramatta Road. Road: Parramatta Road. Suburb: Annandale. Date: 2022-08-19. Hour: 1. Traffic volume: 612.0. Expected volume: 436.0. Traffic change: 40.4%. Rain: 0.0 mm. Weather: no_rain+overcast. Crash count: 1. Event count within 3km: 0. Public holiday: 0. School holiday: 0.,"Classify the anomaly level for this traffic station context. Choose one: normal, minor_anomaly, major_anomaly.",major_anomaly,Observed traffic is 40.4% different from the expected baseline. Main reason: unexplained_beyond_crash.
56694,19065,Parramatta Road,Parramatta Road,Annandale,Leichhardt,2022-01-26,9,2109.0,3555.0,-1446.0,-40.675105485232066,decrease,2,1,major_anomaly,unexplained_beyond_crash,Station: Parramatta Road. Road: Parramatta Road. Suburb: Annandale. Date: 2022-01-26. Hour: 9. Traffic volume: 2109.0. Expected volume: 3555.0. Traffic change: -40.7%. Rain: 0.0 mm. Weather: no_rain. Crash count: 3. Event count within 3km: 0. Public holiday: 0. School holiday: 0.,"Classify the anomaly level for this traffic station context. Choose one: normal, minor_anomaly, major_anomaly.",major_anomaly,Observed traffic is -40.7% different from the expected baseline. Main reason: unexplained_beyond_crash.
56694,19065,Parramatta Road,Parramatta Road,Annandale,Leichhardt,2022-05-16,22,1437.0,1917.0,-480.0,-25.039123630672925,decrease,2,1,minor_anomaly,unexplained_beyond_crash,Station: Parramatta Road. Road: Parramatta Road. Suburb: Annandale. Date: 2022-05-16. Hour: 22. Traffic volume: 1437.0. Expected volume: 1917.0. Traffic change: -25.0%. Rain: 0.0 mm. Weather: no_rain. Crash count: 4. Event count within 3km: 0. Public holiday: 0. School holiday: 0.,"Classify the anomaly level for this traffic station context. Choose one: normal, minor_anomaly, major_anomaly.",minor_anomaly,Observed traffic is -25.0% different from the expected baseline. Main reason: unexplained_beyond_crash.
56694,19065,Parramatta Road,Parramatta Road,Annandale,Leichhardt,2022-10-09,16,1779.0,3616.0,-1837.0,-50.80199115044248,decrease,3,1,minor_anomaly,unexplained_beyond_crash,Station: Parramatta Road. Road: Parramatta Road. Suburb: Annandale. Date: 2022-10-09. Hour: 16. Traffic volume: 1779.0. Expected volume: 3616.0. Traffic change: -50.8%. Rain: 0.0 mm. Weather: no_rain. Crash count: 5. Event count within 3km: 0. Public holiday: 0. School holiday: 0.,"Classify the anomaly level for this traffic station context. Choose one: normal, minor_anomaly, major_anomaly.",minor_anomaly,Observed traffic is -50.8% different from the expected baseline. Main reason: unexplained_beyond_crash.
56694,19065,Parramatta Road,Parramatta Road,Annandale,Leichhardt,2022-06-19,6,930.0,1106.0,-176.0,-15.913200723327305,no_change,0,0,minor_anomaly,unexplained_no_context,Station: Parramatta Road. Road: Parramatta Road. Suburb: Annandale. Date: 2022-06-19. Hour: 6. Traffic volume: 930.0. Expected volume: 1106.0. Traffic change: -15.9%. Rain: 0.0 mm. Weather: no_rain+very_humid+overcast. Crash count: 0. Event count within 3km: 0. Public holiday: 0. School holiday: 0.,"Classify the anomaly level for this traffic station context. Choose one: normal, minor_anomaly, major_anomaly.",minor_anomaly,Observed traffic is -15.9% different from the expected baseline. Main reason: unexplained_no_context.
56694,19065,Parramatta Road,Parramatta Road,Annandale,Leichhardt,2022-05-05,17,3949.0,4000.0,-51.0,-1.275,no_change,2,1,normal,explained_by_crash,Station: Parramatta Road. Road: Parramatta Road. Suburb: Annandale. Date: 2022-05-05. Hour: 17. Traffic volume: 3949.0. Expected volume: 4000.0. Traffic change: -1.3%. Rain: 0.0 mm. Weather: no_rain+very_humid. Crash count: 8. Event count within 3km: 0. Public holiday: 0. School holiday: 0.,"Classify the anomaly level for this traffic station context. Choose one: normal, minor_anomaly, major_anomaly.",normal,Observed traffic is -1.3% different from the expected baseline. Main reason: explained_by_crash.
56694,19065,Parramatta Road,Parramatta Road,Annandale,Leichhardt,2023-01-28,15,3556.0,3661.0,-105.0,-2.8680688336520075,no_change,2,1,normal,explained_by_crash,Station: Parramatta Road. Road: Parramatta Road. Suburb: Annandale. Date: 2023-01-28. Hour: 15. Traffic volume: 3556.0. Expected volume: 3661.0. Traffic change: -2.9%. Rain: 0.0 mm. Weather: no_rain. Crash count: 2. Event count within 3km: 0. Public holiday: 0. School holiday: 0.,"Classify the anomaly level for this traffic station context. Choose one: normal, minor_anomaly, major_anomaly.",normal,Observed traffic is -2.9% different from the expected baseline. Main reason: explained_by_crash.
56694,19065,Parramatta Road,Parramatta Road,Annandale,Leichhardt,2022-07-10,17,3167.0,3612.0,-445.0,-12.320044296788483,no_change,3,2,normal,explained_by_rain_crash,Station: Parramatta Road. Road: Parramatta Road. Suburb: Annandale. Date: 2022-07-10. Hour: 17. Traffic volume: 3167.0. Expected volume: 3612.0. Traffic change: -12.3%. Rain: 0.8 mm. Weather: light_rain+very_humid. Crash count: 1. Event count within 3km: 0. Public holiday: 0. School holiday: 0.,"Classify the anomaly level for this traffic station context. Choose one: normal, minor_anomaly, major_anomaly.",normal,Observed traffic is -12.3% different from the expected baseline. Main reason: explained_by_rain_crash.
56738,22001,Military Road,Military Road,Mosman,Mosman,2022-03-14,22,534.0,1048.5,-514.5,-49.07010014306152,decrease,0,0,major_anomaly,unexplained_no_context,Station: Military Road. Road: Military Road. Suburb: Mosman. Date: 2022-03-14. Hour: 22. Traffic volume: 534.0. Expected volume: 1048.5. Traffic change: -49.1%. Rain: 0.0 mm. Weather: no_rain. Crash count: 0. Event count within 3km: 0. Public holiday: 0. School holiday: 0.,"Classify the anomaly level for this traffic station context. Choose one: normal, minor_anomaly, major_anomaly.",major_anomaly,Observed traffic is -49.1% different from the expected baseline. Main reason: unexplained_no_context.
56738,22001,Military Road,Military Road,Mosman,Mosman,2023-12-18,5,3372.0,1456.0,1916.0,131.5934065934066,increase,0,0,major_anomaly,unexplained_no_context,Station: Military Road. Road: Military Road. Suburb: Mosman. Date: 2023-12-18. Hour: 5. Traffic volume: 3372.0. Expected volume: 1456.0. Traffic change: 131.6%. Rain: 0.0 mm. Weather: no_rain+very_humid. Crash count: 0. Event count within 3km: 0. Public holiday: 0. School holiday: 0.,"Classify the anomaly level for this traffic station context. Choose one: normal, minor_anomaly, major_anomaly.",major_anomaly,Observed traffic is 131.6% different from the expected baseline. Main reason: unexplained_no_context.
56738,22001,Military Road,Military Road,Mosman,Mosman,2024-03-16,6,2505.0,1506.0,999.0,66.33466135458167,increase,3,2,major_anomaly,unexplained_beyond_rain_crash,Station: Military Road. Road: Military Road. Suburb: Mosman. Date: 2024-03-16. Hour: 6. Traffic volume: 2505.0. Expected volume: 1506.0. Traffic change: 66.3%. Rain: 0.1 mm. Weather: no_rain+very_humid. Crash count: 1. Event count within 3km: 0. Public holiday: 0. School holiday: 0.,"Classify the anomaly level for this traffic station context. Choose one: normal, minor_anomaly, major_anomaly.",major_anomaly,Observed traffic is 66.3% different from the expected baseline. Main reason: unexplained_beyond_rain_crash.
56738,22001,Military Road,Military Road,Mosman,Mosman,2023-03-24,21,2045.0,1539.0,506.0,32.878492527615336,increase,2,1,minor_anomaly,unexplained_beyond_crash,Station: Military Road. Road: Military Road. Suburb: Mosman. Date: 2023-03-24. Hour: 21. Traffic volume: 2045.0. Expected volume: 1539.0. Traffic change: 32.9%. Rain: 0.0 mm. Weather: no_rain+very_humid+overcast. Crash count: 2. Event count within 3km: 0. Public holiday: 0. School holiday: 0.,"Classify the anomaly level for this traffic station context. Choose one: normal, minor_anomaly, major_anomaly.",minor_anomaly,Observed traffic is 32.9% different from the expected baseline. Main reason: unexplained_beyond_crash.
56738,22001,Military Road,Military Road,Mosman,Mosman,2024-07-15,21,1163.0,1539.0,-376.0,-24.431448992852502,decrease,2,1,minor_anomaly,unexplained_beyond_crash,Station: Military Road. Road: Military Road. Suburb: Mosman. Date: 2024-07-15. Hour: 21. Traffic volume: 1163.0. Expected volume: 1539.0. Traffic change: -24.4%. Rain: 0.0 mm. Weather: no_rain. Crash count: 2. Event count within 3km: 0. Public holiday: 0. School holiday: 0.,"Classify the anomaly level for this traffic station context. Choose one: normal, minor_anomaly, major_anomaly.",minor_anomaly,Observed traffic is -24.4% different from the expected baseline. Main reason: unexplained_beyond_crash.
56738,22001,Military Road,Military Road,Mosman,Mosman,2022-02-26,22,1718.0,1115.0,603.0,54.08071748878924,increase,3,2,minor_anomaly,unexplained_beyond_rain_crash,Station: Military Road. Road: Military Road. Suburb: Mosman. Date: 2022-02-26. Hour: 22. Traffic volume: 1718.0. Expected volume: 1115.0. Traffic change: 54.1%. Rain: 2.6 mm. Weather: moderate_rain+very_humid+overcast. Crash count: 2. Event count within 3km: 0. Public holiday: 0. School holiday: 0.,"Classify the anomaly level for this traffic station context. Choose one: normal, minor_anomaly, major_anomaly.",minor_anomaly,Observed traffic is 54.1% different from the expected baseline. Main reason: unexplained_beyond_rain_crash.
56738,22001,Military Road,Military Road,Mosman,Mosman,2024-05-20,8,3090.0,3089.0,1.0,0.03237293622531564,no_change,2,1,normal,explained_by_crash,Station: Military Road. Road: Military Road. Suburb: Mosman. Date: 2024-05-20. Hour: 8. Traffic volume: 3090.0. Expected volume: 3089.0. Traffic change: 0.0%. Rain: 0.0 mm. Weather: no_rain. Crash count: 1. Event count within 3km: 0. Public holiday: 0. School holiday: 0.,"Classify the anomaly level for this traffic station context. Choose one: normal, minor_anomaly, major_anomaly.",normal,Observed traffic is 0.0% different from the expected baseline. Main reason: explained_by_crash.
56738,22001,Military Road,Military Road,Mosman,Mosman,2024-02-06,16,3630.0,3395.0,235.0,6.9219440353460975,no_change,3,2,normal,explained_by_crash_strong_wind,Station: Military Road. Road: Military Road. Suburb: Mosman. Date: 2024-02-06. Hour: 16. Traffic volume: 3630.0. Expected volume: 3395.0. Traffic change: 6.9%. Rain: 0.0 mm. Weather: no_rain+strong_wind+overcast. Crash count: 4. Event count within 3km: 0. Public holiday: 0. School holiday: 0.,"Classify the anomaly level for this traffic station context. Choose one: normal, minor_anomaly, major_anomaly.",normal,Observed traffic is 6.9% different from the expected baseline. Main reason: explained_by_crash_strong_wind.
56738,22001,Military Road,Military Road,Mosman,Mosman,2023-07-13,8,3120.0,3089.0,31.0,1.0035610229847847,no_change,2,1,normal,explained_by_crash,Station: Military Road. Road: Military Road. Suburb: Mosman. Date: 2023-07-13. Hour: 8. Traffic volume: 3120.0. Expected volume: 3089.0. Traffic change: 1.0%. Rain: 0.0 mm. Weather: no_rain+very_humid. Crash count: 2. Event count within 3km: 0. Public holiday: 0. School holiday: 0.,"Classify the anomaly level for this traffic station context. Choose one: normal, minor_anomaly, major_anomaly.",normal,Observed traffic is 1.0% different from the expected baseline. Main reason: explained_by_crash.
56740,22043,Ourimbah Road,Ourimbah Road,Mosman,Mosman,2022-12-24,7,750.0,449.0,301.0,67.03786191536749,increase,0,0,major_anomaly,unexplained_no_context,Station: Ourimbah Road. Road: Ourimbah Road. Suburb: Mosman. Date: 2022-12-24. Hour: 7. Traffic volume: 750.0. Expected volume: 449.0. Traffic change: 67.0%. Rain: 0.0 mm. Weather: no_rain+very_humid. Crash count: 0. Event count within 3km: 0. Public holiday: 0. School holiday: 0.,"Classify the anomaly level for this traffic station context. Choose one: normal, minor_anomaly, major_anomaly.",major_anomaly,Observed traffic is 67.0% different from the expected baseline. Main reason: unexplained_no_context.
56740,22043,Ourimbah Road,Ourimbah Road,Mosman,Mosman,2022-01-12,4,34.0,26.0,8.0,30.76923076923077,increase,0,0,major_anomaly,unexplained_no_context,Station: Ourimbah Road. Road: Ourimbah Road. Suburb: Mosman. Date: 2022-01-12. Hour: 4. Traffic volume: 34.0. Expected volume: 26.0. Traffic change: 30.8%. Rain: 0.0 mm. Weather: no_rain+overcast. Crash count: 0. Event count within 3km: 0. Public holiday: 0. School holiday: 0.,"Classify the anomaly level for this traffic station context. Choose one: normal, minor_anomaly, major_anomaly.",major_anomaly,Observed traffic is 30.8% different from the expected baseline. Main reason: unexplained_no_context.
56740,22043,Ourimbah Road,Ourimbah Road,Mosman,Mosman,2022-07-10,21,158.0,250.0,-92.0,-36.8,decrease,0,0,major_anomaly,unexplained_no_context,Station: Ourimbah Road. Road: Ourimbah Road. Suburb: Mosman. Date: 2022-07-10. Hour: 21. Traffic volume: 158.0. Expected volume: 250.0. Traffic change: -36.8%. Rain: 0.0 mm. Weather: no_rain+very_humid. Crash count: 0. Event count within 3km: 0. Public holiday: 0. School holiday: 0.,"Classify the anomaly level for this traffic station context. Choose one: normal, minor_anomaly, major_anomaly.",major_anomaly,Observed traffic is -36.8% different from the expected baseline. Main reason: unexplained_no_context.
56740,22043,Ourimbah Road,Ourimbah Road,Mosman,Mosman,2023-03-09,22,221.0,179.0,42.0,23.463687150837988,increase,1,1,minor_anomaly,unexplained_beyond_crash,Station: Ourimbah Road. Road: Ourimbah Road. Suburb: Mosman. Date: 2023-03-09. Hour: 22. Traffic volume: 221.0. Expected volume: 179.0. Traffic change: 23.5%. Rain: 0.0 mm. Weather: no_rain+very_humid. Crash count: 1. Event count within 3km: 0. Public holiday: 0. School holiday: 0.,"Classify the anomaly level for this traffic station context. Choose one: normal, minor_anomaly, major_anomaly.",minor_anomaly,Observed traffic is 23.5% different from the expected baseline. Main reason: unexplained_beyond_crash.
56740,22043,Ourimbah Road,Ourimbah Road,Mosman,Mosman,2023-01-06,11,792.0,1263.0,-471.0,-37.29216152019003,decrease,2,1,minor_anomaly,unexplained_beyond_rain,Station: Ourimbah Road. Road: Ourimbah Road. Suburb: Mosman. Date: 2023-01-06. Hour: 11. Traffic volume: 792.0. Expected volume: 1263.0. Traffic change: -37.3%. Rain: 3.4 mm. Weather: moderate_rain+very_humid+overcast. Crash count: 0. Event count within 3km: 0. Public holiday: 0. School holiday: 0.,"Classify the anomaly level for this traffic station context. Choose one: normal, minor_anomaly, major_anomaly.",minor_anomaly,Observed traffic is -37.3% different from the expected baseline. Main reason: unexplained_beyond_rain.
56740,22043,Ourimbah Road,Ourimbah Road,Mosman,Mosman,2022-07-03,16,848.0,1323.0,-475.0,-35.90325018896448,decrease,2,2,minor_anomaly,unexplained_beyond_rain_strong_wind,Station: Ourimbah Road. Road: Ourimbah Road. Suburb: Mosman. Date: 2022-07-03. Hour: 16. Traffic volume: 848.0. Expected volume: 1323.0. Traffic change: -35.9%. Rain: 2.2 mm. Weather: light_rain+strong_wind+very_humid+overcast. Crash count: 0. Event count within 3km: 0. Public holiday: 0. School holiday: 0.,"Classify the anomaly level for this traffic station context. Choose one: normal, minor_anomaly, major_anomaly.",minor_anomaly,Observed traffic is -35.9% different from the expected baseline. Main reason: unexplained_beyond_rain_strong_wind.
56740,22043,Ourimbah Road,Ourimbah Road,Mosman,Mosman,2023-02-02,15,1758.0,1677.0,81.0,4.83005366726297,no_change,0,0,normal,no_deviation,Station: Ourimbah Road. Road: Ourimbah Road. Suburb: Mosman. Date: 2023-02-02. Hour: 15. Traffic volume: 1758.0. Expected volume: 1677.0. Traffic change: 4.8%. Rain: 0.0 mm. Weather: no_rain. Crash count: 0. Event count within 3km: 0. Public holiday: 0. School holiday: 0.,"Classify the anomaly level for this traffic station context. Choose one: normal, minor_anomaly, major_anomaly.",normal,Observed traffic is 4.8% different from the expected baseline. Main reason: no_deviation.
56740,22043,Ourimbah Road,Ourimbah Road,Mosman,Mosman,2022-10-11,17,1756.0,1597.0,159.0,9.956167814652474,no_change,2,1,normal,explained_by_crash,Station: Ourimbah Road. Road: Ourimbah Road. Suburb: Mosman. Date: 2022-10-11. Hour: 17. Traffic volume: 1756.0. Expected volume: 1597.0. Traffic change: 10.0%. Rain: 0.0 mm. Weather: no_rain. Crash count: 3. Event count within 3km: 0. Public holiday: 0. School holiday: 0.,"Classify the anomaly level for this traffic station context. Choose one: normal, minor_anomaly, major_anomaly.",normal,Observed traffic is 10.0% different from the expected baseline. Main reason: explained_by_crash.
56740,22043,Ourimbah Road,Ourimbah Road,Mosman,Mosman,2022-05-27,20,393.0,407.0,-14.0,-3.43980343980344,no_change,0,0,normal,no_deviation,Station: Ourimbah Road. Road: Ourimbah Road. Suburb: Mosman. Date: 2022-05-27. Hour: 20. Traffic volume: 393.0. Expected volume: 407.0. Traffic change: -3.4%. Rain: 0.0 mm. Weather: no_rain+very_humid. Crash count: 0. Event count within 3km: 0. Public holiday: 0. School holiday: 0.,"Classify the anomaly level for this traffic station context. Choose one: normal, minor_anomaly, major_anomaly.",normal,Observed traffic is -3.4% different from the expected baseline. Main reason: no_deviation.
56748,23019,Princes Highway,Princes Highway,Banksia,Rockdale,2022-01-14,1,107.0,78.0,29.0,37.17948717948718,increase,0,0,major_anomaly,unexplained_no_context,Station: Princes Highway. Road: Princes Highway. Suburb: Banksia. Date: 2022-01-14. Hour: 1. Traffic volume: 107.0. Expected volume: 78.0. Traffic change: 37.2%. Rain: 0.0 mm. Weather: no_rain+very_humid. Crash count: 0. Event count within 3km: 0. Public holiday: 0. School holiday: 0.,"Classify the anomaly level for this traffic station context. Choose one: normal, minor_anomaly, major_anomaly.",major_anomaly,Observed traffic is 37.2% different from the expected baseline. Main reason: unexplained_no_context.
56748,23019,Princes Highway,Princes Highway,Banksia,Rockdale,2022-01-02,1,95.0,185.0,-90.0,-48.64864864864865,decrease,2,1,major_anomaly,unexplained_beyond_crash,Station: Princes Highway. Road: Princes Highway. Suburb: Banksia. Date: 2022-01-02. Hour: 1. Traffic volume: 95.0. Expected volume: 185.0. Traffic change: -48.6%. Rain: 0.0 mm. Weather: no_rain+very_humid. Crash count: 2. Event count within 3km: 0. Public holiday: 0. School holiday: 0.,"Classify the anomaly level for this traffic station context. Choose one: normal, minor_anomaly, major_anomaly.",major_anomaly,Observed traffic is -48.6% different from the expected baseline. Main reason: unexplained_beyond_crash.
56748,23019,Princes Highway,Princes Highway,Banksia,Rockdale,2022-02-11,23,380.0,249.0,131.0,52.610441767068274,increase,1,1,major_anomaly,unexplained_beyond_rain,Station: Princes Highway. Road: Princes Highway. Suburb: Banksia. Date: 2022-02-11. Hour: 23. Traffic volume: 380.0. Expected volume: 249.0. Traffic change: 52.6%. Rain: 0.5 mm. Weather: light_rain+very_humid. Crash count: 0. Event count within 3km: 0. Public holiday: 0. School holiday: 0.,"Classify the anomaly level for this traffic station context. Choose one: normal, minor_anomaly, major_anomaly.",major_anomaly,Observed traffic is 52.6% different from the expected baseline. Main reason: unexplained_beyond_rain.
56748,23019,Princes Highway,Princes Highway,Banksia,Rockdale,2022-02-20,1,258.0,185.0,73.0,39.45945945945946,increase,2,1,minor_anomaly,unexplained_beyond_crash,Station: Princes Highway. Road: Princes Highway. Suburb: Banksia. Date: 2022-02-20. Hour: 1. Traffic volume: 258.0. Expected volume: 185.0. Traffic change: 39.5%. Rain: 0.0 mm. Weather: no_rain+very_humid. Crash count: 2. Event count within 3km: 0. Public holiday: 0. School holiday: 0.,"Classify the anomaly level for this traffic station context. Choose one: normal, minor_anomaly, major_anomaly.",minor_anomaly,Observed traffic is 39.5% different from the expected baseline. Main reason: unexplained_beyond_crash.
56748,23019,Princes Highway,Princes Highway,Banksia,Rockdale,2022-02-08,2,82.0,64.0,18.0,28.125,increase,1,1,minor_anomaly,unexplained_beyond_rain,Station: Princes Highway. Road: Princes Highway. Suburb: Banksia. Date: 2022-02-08. Hour: 2. Traffic volume: 82.0. Expected volume: 64.0. Traffic change: 28.1%. Rain: 0.1 mm. Weather: no_rain+very_humid. Crash count: 0. Event count within 3km: 0. Public holiday: 0. School holiday: 0.,"Classify the anomaly level for this traffic station context. Choose one: normal, minor_anomaly, major_anomaly.",minor_anomaly,Observed traffic is 28.1% different from the expected baseline. Main reason: unexplained_beyond_rain.
56748,23019,Princes Highway,Princes Highway,Banksia,Rockdale,2022-02-19,2,163.0,125.0,38.0,30.4,increase,1,1,minor_anomaly,unexplained_beyond_rain,Station: Princes Highway. Road: Princes Highway. Suburb: Banksia. Date: 2022-02-19. Hour: 2. Traffic volume: 163.0. Expected volume: 125.0. Traffic change: 30.4%. Rain: 0.2 mm. Weather: light_rain+very_humid+overcast. Crash count: 0. Event count within 3km: 0. Public holiday: 0. School holiday: 0.,"Classify the anomaly level for this traffic station context. Choose one: normal, minor_anomaly, major_anomaly.",minor_anomaly,Observed traffic is 30.4% different from the expected baseline. Main reason: unexplained_beyond_rain.
56748,23019,Princes Highway,Princes Highway,Banksia,Rockdale,2022-03-04,22,428.0,390.0,38.0,9.743589743589745,no_change,3,2,normal,explained_by_rain_crash,Station: Princes Highway. Road: Princes Highway. Suburb: Banksia. Date: 2022-03-04. Hour: 22. Traffic volume: 428.0. Expected volume: 390.0. Traffic change: 9.7%. Rain: 0.1 mm. Weather: no_rain+very_humid+overcast. Crash count: 3. Event count within 3km: 0. Public holiday: 0. School holiday: 0.,"Classify the anomaly level for this traffic station context. Choose one: normal, minor_anomaly, major_anomaly.",normal,Observed traffic is 9.7% different from the expected baseline. Main reason: explained_by_rain_crash.
56748,23019,Princes Highway,Princes Highway,Banksia,Rockdale,2022-01-07,20,580.0,613.0,-33.0,-5.383360522022838,no_change,2,2,normal,explained_by_crash_strong_wind,Station: Princes Highway. Road: Princes Highway. Suburb: Banksia. Date: 2022-01-07. Hour: 20. Traffic volume: 580.0. Expected volume: 613.0. Traffic change: -5.4%. Rain: 0.0 mm. Weather: no_rain+strong_wind+very_humid+overcast. Crash count: 1. Event count within 3km: 0. Public holiday: 0. School holiday: 0.,"Classify the anomaly level for this traffic station context. Choose one: normal, minor_anomaly, major_anomaly.",normal,Observed traffic is -5.4% different from the expected baseline. Main reason: explained_by_crash_strong_wind.
56748,23019,Princes Highway,Princes Highway,Banksia,Rockdale,2022-01-05,3,99.0,99.0,0.0,0.0,no_change,2,1,normal,explained_by_crash,Station: Princes Highway. Road: Princes Highway. Suburb: Banksia. Date: 2022-01-05. Hour: 3. Traffic volume: 99.0. Expected volume: 99.0. Traffic change: 0.0%. Rain: 0.0 mm. Weather: no_rain+very_humid. Crash count: 2. Event count within 3km: 0. Public holiday: 0. School holiday: 0.,"Classify the anomaly level for this traffic station context. Choose one: normal, minor_anomaly, major_anomaly.",normal,Observed traffic is 0.0% different from the expected baseline. Main reason: explained_by_crash.
56758,23055,General Holmes Drive,General Holmes Drive,Brighton-Le-Sands,Rockdale,2022-03-16,2,133.0,93.0,40.0,43.01075268817204,increase,1,1,major_anomaly,unexplained_beyond_rain,Station: General Holmes Drive. Road: General Holmes Drive. Suburb: Brighton-Le-Sands. Date: 2022-03-16. Hour: 2. Traffic volume: 133.0. Expected volume: 93.0. Traffic change: 43.0%. Rain: 0.3 mm. Weather: light_rain+very_humid+overcast. Crash count: 0. Event count within 3km: 0. Public holiday: 0. School holiday: 0.,"Classify the anomaly level for this traffic station context. Choose one: normal, minor_anomaly, major_anomaly.",major_anomaly,Observed traffic is 43.0% different from the expected baseline. Main reason: unexplained_beyond_rain.
56758,23055,General Holmes Drive,General Holmes Drive,Brighton-Le-Sands,Rockdale,2022-06-21,0,64.0,116.0,-52.0,-44.827586206896555,decrease,0,0,major_anomaly,unexplained_no_context,Station: General Holmes Drive. Road: General Holmes Drive. Suburb: Brighton-Le-Sands. Date: 2022-06-21. Hour: 0. Traffic volume: 64.0. Expected volume: 116.0. Traffic change: -44.8%. Rain: 0.0 mm. Weather: no_rain+very_humid+overcast. Crash count: 0. Event count within 3km: 0. Public holiday: 0. School holiday: 0.,"Classify the anomaly level for this traffic station context. Choose one: normal, minor_anomaly, major_anomaly.",major_anomaly,Observed traffic is -44.8% different from the expected baseline. Main reason: unexplained_no_context.
56758,23055,General Holmes Drive,General Holmes Drive,Brighton-Le-Sands,Rockdale,2022-09-23,22,661.0,446.0,215.0,48.20627802690583,increase,1,1,major_anomaly,unexplained_beyond_crash,Station: General Holmes Drive. Road: General Holmes Drive. Suburb: Brighton-Le-Sands. Date: 2022-09-23. Hour: 22. Traffic volume: 661.0. Expected volume: 446.0. Traffic change: 48.2%. Rain: 0.0 mm. Weather: no_rain+very_humid. Crash count: 1. Event count within 3km: 0. Public holiday: 0. School holiday: 0.,"Classify the anomaly level for this traffic station context. Choose one: normal, minor_anomaly, major_anomaly.",major_anomaly,Observed traffic is 48.2% different from the expected baseline. Main reason: unexplained_beyond_crash.
56758,23055,General Holmes Drive,General Holmes Drive,Brighton-Le-Sands,Rockdale,2022-01-28,4,520.0,665.0,-145.0,-21.804511278195488,decrease,0,0,minor_anomaly,unexplained_no_context,Station: General Holmes Drive. Road: General Holmes Drive. Suburb: Brighton-Le-Sands. Date: 2022-01-28. Hour: 4. Traffic volume: 520.0. Expected volume: 665.0. Traffic change: -21.8%. Rain: 0.0 mm. Weather: no_rain+very_humid. Crash count: 0. Event count within 3km: 0. Public holiday: 0. School holiday: 0.,"Classify the anomaly level for this traffic station context. Choose one: normal, minor_anomaly, major_anomaly.",minor_anomaly,Observed traffic is -21.8% different from the expected baseline. Main reason: unexplained_no_context.
56758,23055,General Holmes Drive,General Holmes Drive,Brighton-Le-Sands,Rockdale,2022-02-27,5,466.0,674.0,-208.0,-30.86053412462908,decrease,3,2,minor_anomaly,unexplained_beyond_rain_crash,Station: General Holmes Drive. Road: General Holmes Drive. Suburb: Brighton-Le-Sands. Date: 2022-02-27. Hour: 5. Traffic volume: 466.0. Expected volume: 674.0. Traffic change: -30.9%. Rain: 0.1 mm. Weather: no_rain+very_humid+overcast. Crash count: 1. Event count within 3km: 0. Public holiday: 0. School holiday: 0.,"Classify the anomaly level for this traffic station context. Choose one: normal, minor_anomaly, major_anomaly.",minor_anomaly,Observed traffic is -30.9% different from the expected baseline. Main reason: unexplained_beyond_rain_crash.
56758,23055,General Holmes Drive,General Holmes Drive,Brighton-Le-Sands,Rockdale,2022-04-27,3,279.0,220.5,58.5,26.53061224489796,increase,1,1,minor_anomaly,unexplained_beyond_rain,Station: General Holmes Drive. Road: General Holmes Drive. Suburb: Brighton-Le-Sands. Date: 2022-04-27. Hour: 3. Traffic volume: 279.0. Expected volume: 220.5. Traffic change: 26.5%. Rain: 0.2 mm. Weather: light_rain+very_humid+overcast. Crash count: 0. Event count within 3km: 0. Public holiday: 0. School holiday: 0.,"Classify the anomaly level for this traffic station context. Choose one: normal, minor_anomaly, major_anomaly.",minor_anomaly,Observed traffic is 26.5% different from the expected baseline. Main reason: unexplained_beyond_rain.
56758,23055,General Holmes Drive,General Holmes Drive,Brighton-Le-Sands,Rockdale,2022-04-13,10,1950.0,1772.0,178.0,10.045146726862303,no_change,3,2,normal,explained_by_rain_crash,Station: General Holmes Drive. Road: General Holmes Drive. Suburb: Brighton-Le-Sands. Date: 2022-04-13. Hour: 10. Traffic volume: 1950.0. Expected volume: 1772.0. Traffic change: 10.0%. Rain: 0.2 mm. Weather: light_rain. Crash count: 1. Event count within 3km: 0. Public holiday: 0. School holiday: 0.,"Classify the anomaly level for this traffic station context. Choose one: normal, minor_anomaly, major_anomaly.",normal,Observed traffic is 10.0% different from the expected baseline. Main reason: explained_by_rain_crash.
56758,23055,General Holmes Drive,General Holmes Drive,Brighton-Le-Sands,Rockdale,2022-08-07,10,1839.0,1862.0,-23.0,-1.2352309344790546,no_change,2,1,normal,explained_by_crash,Station: General Holmes Drive. Road: General Holmes Drive. Suburb: Brighton-Le-Sands. Date: 2022-08-07. Hour: 10. Traffic volume: 1839.0. Expected volume: 1862.0. Traffic change: -1.2%. Rain: 0.0 mm. Weather: no_rain. Crash count: 2. Event count within 3km: 0. Public holiday: 0. School holiday: 0.,"Classify the anomaly level for this traffic station context. Choose one: normal, minor_anomaly, major_anomaly.",normal,Observed traffic is -1.2% different from the expected baseline. Main reason: explained_by_crash.
56758,23055,General Holmes Drive,General Holmes Drive,Brighton-Le-Sands,Rockdale,2022-08-15,3,218.0,220.5,-2.5,-1.1337868480725624,no_change,0,0,normal,no_deviation,Station: General Holmes Drive. Road: General Holmes Drive. Suburb: Brighton-Le-Sands. Date: 2022-08-15. Hour: 3. Traffic volume: 218.0. Expected volume: 220.5. Traffic change: -1.1%. Rain: 0.0 mm. Weather: no_rain. Crash count: 0. Event count within 3km: 0. Public holiday: 0. School holiday: 0.,"Classify the anomaly level for this traffic station context. Choose one: normal, minor_anomaly, major_anomaly.",normal,Observed traffic is -1.1% different from the expected baseline. Main reason: no_deviation.
56762,23067,Marsh Street,Marsh Street,Arncliffe,Rockdale,2024-12-16,23,369.0,737.0,-368.0,-49.93215739484396,decrease,1,1,major_anomaly,unexplained_beyond_crash,Station: Marsh Street. Road: Marsh Street. Suburb: Arncliffe. Date: 2024-12-16. Hour: 23. Traffic volume: 369.0. Expected volume: 737.0. Traffic change: -49.9%. Rain: 0.0 mm. Weather: no_rain+very_humid. Crash count: 1. Event count within 3km: 0. Public holiday: 0. School holiday: 0.,"Classify the anomaly level for this traffic station context. Choose one: normal, minor_anomaly, major_anomaly.",major_anomaly,Observed traffic is -49.9% different from the expected baseline. Main reason: unexplained_beyond_crash.
56762,23067,Marsh Street,Marsh Street,Arncliffe,Rockdale,2024-08-17,0,422.0,223.0,199.0,89.23766816143498,increase,0,0,major_anomaly,unexplained_no_context,Station: Marsh Street. Road: Marsh Street. Suburb: Arncliffe. Date: 2024-08-17. Hour: 0. Traffic volume: 422.0. Expected volume: 223.0. Traffic change: 89.2%. Rain: 0.0 mm. Weather: no_rain+very_humid+overcast. Crash count: 0. Event count within 3km: 0. Public holiday: 0. School holiday: 0.,"Classify the anomaly level for this traffic station context. Choose one: normal, minor_anomaly, major_anomaly.",major_anomaly,Observed traffic is 89.2% different from the expected baseline. Main reason: unexplained_no_context.
56762,23067,Marsh Street,Marsh Street,Arncliffe,Rockdale,2024-07-07,1,127.0,182.5,-55.5,-30.41095890410959,decrease,0,0,major_anomaly,unexplained_no_context,Station: Marsh Street. Road: Marsh Street. Suburb: Arncliffe. Date: 2024-07-07. Hour: 1. Traffic volume: 127.0. Expected volume: 182.5. Traffic change: -30.4%. Rain: 0.0 mm. Weather: no_rain+very_humid. Crash count: 0. Event count within 3km: 0. Public holiday: 0. School holiday: 0.,"Classify the anomaly level for this traffic station context. Choose one: normal, minor_anomaly, major_anomaly.",major_anomaly,Observed traffic is -30.4% different from the expected baseline. Main reason: unexplained_no_context.
56762,23067,Marsh Street,Marsh Street,Arncliffe,Rockdale,2024-08-21,21,1177.0,1659.0,-482.0,-29.053646775165763,decrease,2,1,minor_anomaly,unexplained_beyond_crash,Station: Marsh Street. Road: Marsh Street. Suburb: Arncliffe. Date: 2024-08-21. Hour: 21. Traffic volume: 1177.0. Expected volume: 1659.0. Traffic change: -29.1%. Rain: 0.0 mm. Weather: no_rain+overcast. Crash count: 2. Event count within 3km: 0. Public holiday: 0. School holiday: 0.,"Classify the anomaly level for this traffic station context. Choose one: normal, minor_anomaly, major_anomaly.",minor_anomaly,Observed traffic is -29.1% different from the expected baseline. Main reason: unexplained_beyond_crash.
56762,23067,Marsh Street,Marsh Street,Arncliffe,Rockdale,2024-07-04,6,2389.0,3506.0,-1117.0,-31.859669138619513,decrease,3,2,minor_anomaly,unexplained_beyond_rain_crash,Station: Marsh Street. Road: Marsh Street. Suburb: Arncliffe. Date: 2024-07-04. Hour: 6. Traffic volume: 2389.0. Expected volume: 3506.0. Traffic change: -31.9%. Rain: 0.1 mm. Weather: no_rain+very_humid. Crash count: 3. Event count within 3km: 0. Public holiday: 0. School holiday: 0.,"Classify the anomaly level for this traffic station context. Choose one: normal, minor_anomaly, major_anomaly.",minor_anomaly,Observed traffic is -31.9% different from the expected baseline. Main reason: unexplained_beyond_rain_crash.
56762,23067,Marsh Street,Marsh Street,Arncliffe,Rockdale,2024-11-11,22,918.0,1282.0,-364.0,-28.39313572542902,decrease,1,1,minor_anomaly,unexplained_beyond_rain,Station: Marsh Street. Road: Marsh Street. Suburb: Arncliffe. Date: 2024-11-11. Hour: 22. Traffic volume: 918.0. Expected volume: 1282.0. Traffic change: -28.4%. Rain: 0.2 mm. Weather: light_rain+very_humid+overcast. Crash count: 0. Event count within 3km: 0. Public holiday: 0. School holiday: 0.,"Classify the anomaly level for this traffic station context. Choose one: normal, minor_anomaly, major_anomaly.",minor_anomaly,Observed traffic is -28.4% different from the expected baseline. Main reason: unexplained_beyond_rain.
56762,23067,Marsh Street,Marsh Street,Arncliffe,Rockdale,2024-08-21,10,2745.0,2644.0,101.0,3.8199697428139183,no_change,2,1,normal,explained_by_crash,Station: Marsh Street. Road: Marsh Street. Suburb: Arncliffe. Date: 2024-08-21. Hour: 10. Traffic volume: 2745.0. Expected volume: 2644.0. Traffic change: 3.8%. Rain: 0.0 mm. Weather: no_rain. Crash count: 2. Event count within 3km: 0. Public holiday: 0. School holiday: 0.,"Classify the anomaly level for this traffic station context. Choose one: normal, minor_anomaly, major_anomaly.",normal,Observed traffic is 3.8% different from the expected baseline. Main reason: explained_by_crash.
56762,23067,Marsh Street,Marsh Street,Arncliffe,Rockdale,2024-09-10,21,1832.0,1659.0,173.0,10.427968655816757,no_change,0,0,normal,no_deviation,Station: Marsh Street. Road: Marsh Street. Suburb: Arncliffe. Date: 2024-09-10. Hour: 21. Traffic volume: 1832.0. Expected volume: 1659.0. Traffic change: 10.4%. Rain: 0.0 mm. Weather: no_rain+very_humid. Crash count: 0. Event count within 3km: 0. Public holiday: 0. School holiday: 0.,"Classify the anomaly level for this traffic station context. Choose one: normal, minor_anomaly, major_anomaly.",normal,Observed traffic is 10.4% different from the expected baseline. Main reason: no_deviation.
56762,23067,Marsh Street,Marsh Street,Arncliffe,Rockdale,2024-08-20,19,2014.0,1908.0,106.0,5.555555555555555,no_change,3,2,normal,explained_by_rain_crash,Station: Marsh Street. Road: Marsh Street. Suburb: Arncliffe. Date: 2024-08-20. Hour: 19. Traffic volume: 2014.0. Expected volume: 1908.0. Traffic change: 5.6%. Rain: 0.2 mm. Weather: light_rain+overcast. Crash count: 2. Event count within 3km: 0. Public holiday: 0. School holiday: 0.,"Classify the anomaly level for this traffic station context. Choose one: normal, minor_anomaly, major_anomaly.",normal,Observed traffic is 5.6% different from the expected baseline. Main reason: explained_by_rain_crash.
56778,24014,Canterbury Road,Canterbury Road,Roselands,Canterbury,2022-12-29,1,465.0,348.0,117.0,33.62068965517241,increase,0,0,major_anomaly,unexplained_no_context,Station: Canterbury Road. Road: Canterbury Road. Suburb: Roselands. Date: 2022-12-29. Hour: 1. Traffic volume: 465.0. Expected volume: 348.0. Traffic change: 33.6%. Rain: 0.0 mm. Weather: no_rain+very_humid. Crash count: 0. Event count within 3km: 0. Public holiday: 0. School holiday: 0.,"Classify the anomaly level for this traffic station context. Choose one: normal, minor_anomaly, major_anomaly.",major_anomaly,Observed traffic is 33.6% different from the expected baseline. Main reason: unexplained_no_context.
56778,24014,Canterbury Road,Canterbury Road,Roselands,Canterbury,2022-11-24,0,242.0,555.5,-313.5,-56.43564356435643,decrease,1,1,major_anomaly,unexplained_beyond_crash,Station: Canterbury Road. Road: Canterbury Road. Suburb: Roselands. Date: 2022-11-24. Hour: 0. Traffic volume: 242.0. Expected volume: 555.5. Traffic change: -56.4%. Rain: 0.0 mm. Weather: no_rain. Crash count: 1. Event count within 3km: 0. Public holiday: 0. School holiday: 0.,"Classify the anomaly level for this traffic station context. Choose one: normal, minor_anomaly, major_anomaly.",major_anomaly,Observed traffic is -56.4% different from the expected baseline. Main reason: unexplained_beyond_crash.
56778,24014,Canterbury Road,Canterbury Road,Roselands,Canterbury,2023-01-02,0,786.0,555.5,230.5,41.494149414941496,increase,0,0,major_anomaly,unexplained_no_context,Station: Canterbury Road. Road: Canterbury Road. Suburb: Roselands. Date: 2023-01-02. Hour: 0. Traffic volume: 786.0. Expected volume: 555.5. Traffic change: 41.5%. Rain: 0.0 mm. Weather: no_rain+very_humid. Crash count: 0. Event count within 3km: 0. Public holiday: 0. School holiday: 0.,"Classify the anomaly level for this traffic station context. Choose one: normal, minor_anomaly, major_anomaly.",major_anomaly,Observed traffic is 41.5% different from the expected baseline. Main reason: unexplained_no_context.
56778,24014,Canterbury Road,Canterbury Road,Roselands,Canterbury,2022-09-04,22,1103.0,1542.0,-439.0,-28.469520103761347,decrease,1,1,minor_anomaly,unexplained_beyond_rain,Station: Canterbury Road. Road: Canterbury Road. Suburb: Roselands. Date: 2022-09-04. Hour: 22. Traffic volume: 1103.0. Expected volume: 1542.0. Traffic change: -28.5%. Rain: 0.1 mm. Weather: no_rain+very_humid. Crash count: 0. Event count within 3km: 0. Public holiday: 0. School holiday: 0.,"Classify the anomaly level for this traffic station context. Choose one: normal, minor_anomaly, major_anomaly.",minor_anomaly,Observed traffic is -28.5% different from the expected baseline. Main reason: unexplained_beyond_rain.
56778,24014,Canterbury Road,Canterbury Road,Roselands,Canterbury,2022-04-14,20,2378.0,1712.5,665.5,38.86131386861314,increase,2,1,minor_anomaly,unexplained_beyond_crash,Station: Canterbury Road. Road: Canterbury Road. Suburb: Roselands. Date: 2022-04-14. Hour: 20. Traffic volume: 2378.0. Expected volume: 1712.5. Traffic change: 38.9%. Rain: 0.0 mm. Weather: no_rain+very_humid. Crash count: 2. Event count within 3km: 0. Public holiday: 0. School holiday: 0.,"Classify the anomaly level for this traffic station context. Choose one: normal, minor_anomaly, major_anomaly.",minor_anomaly,Observed traffic is 38.9% different from the expected baseline. Main reason: unexplained_beyond_crash.
56778,24014,Canterbury Road,Canterbury Road,Roselands,Canterbury,2022-11-29,15,1278.0,2673.0,-1395.0,-52.18855218855219,decrease,3,2,minor_anomaly,unexplained_beyond_crash_strong_wind,Station: Canterbury Road. Road: Canterbury Road. Suburb: Roselands. Date: 2022-11-29. Hour: 15. Traffic volume: 1278.0. Expected volume: 2673.0. Traffic change: -52.2%. Rain: 0.0 mm. Weather: no_rain+strong_wind. Crash count: 3. Event count within 3km: 0. Public holiday: 0. School holiday: 0.,"Classify the anomaly level for this traffic station context. Choose one: normal, minor_anomaly, major_anomaly.",minor_anomaly,Observed traffic is -52.2% different from the expected baseline. Main reason: unexplained_beyond_crash_strong_wind.
56778,24014,Canterbury Road,Canterbury Road,Roselands,Canterbury,2022-08-26,17,2619.0,2616.5,2.5,0.09554748710108925,no_change,3,1,normal,explained_by_crash,Station: Canterbury Road. Road: Canterbury Road. Suburb: Roselands. Date: 2022-08-26. Hour: 17. Traffic volume: 2619.0. Expected volume: 2616.5. Traffic change: 0.1%. Rain: 0.0 mm. Weather: no_rain+very_humid. Crash count: 4. Event count within 3km: 0. Public holiday: 0. School holiday: 0.,"Classify the anomaly level for this traffic station context. Choose one: normal, minor_anomaly, major_anomaly.",normal,Observed traffic is 0.1% different from the expected baseline. Main reason: explained_by_crash.
56778,24014,Canterbury Road,Canterbury Road,Roselands,Canterbury,2022-08-21,4,427.0,440.5,-13.5,-3.064699205448354,no_change,1,1,normal,explained_by_crash,Station: Canterbury Road. Road: Canterbury Road. Suburb: Roselands. Date: 2022-08-21. Hour: 4. Traffic volume: 427.0. Expected volume: 440.5. Traffic change: -3.1%. Rain: 0.0 mm. Weather: no_rain. Crash count: 1. Event count within 3km: 0. Public holiday: 0. School holiday: 0.,"Classify the anomaly level for this traffic station context. Choose one: normal, minor_anomaly, major_anomaly.",normal,Observed traffic is -3.1% different from the expected baseline. Main reason: explained_by_crash.
56778,24014,Canterbury Road,Canterbury Road,Roselands,Canterbury,2022-12-05,18,2323.0,2381.5,-58.5,-2.4564350199454124,no_change,3,2,normal,explained_by_rain_crash,Station: Canterbury Road. Road: Canterbury Road. Suburb: Roselands. Date: 2022-12-05. Hour: 18. Traffic volume: 2323.0. Expected volume: 2381.5. Traffic change: -2.5%. Rain: 1.4 mm. Weather: light_rain+overcast. Crash count: 2. Event count within 3km: 0. Public holiday: 0. School holiday: 0.,"Classify the anomaly level for this traffic station context. Choose one: normal, minor_anomaly, major_anomaly.",normal,Observed traffic is -2.5% different from the expected baseline. Main reason: explained_by_rain_crash.
56781,24026,King Georges Road,King Georges Road,Roselands,Canterbury,2022-12-25,6,568.0,899.5,-331.5,-36.8538076709283,decrease,0,0,major_anomaly,unexplained_no_context,Station: King Georges Road. Road: King Georges Road. Suburb: Roselands. Date: 2022-12-25. Hour: 6. Traffic volume: 568.0. Expected volume: 899.5. Traffic change: -36.9%. Rain: 0.0 mm. Weather: no_rain+very_humid. Crash count: 0. Event count within 3km: 0. Public holiday: 0. School holiday: 0.,"Classify the anomaly level for this traffic station context. Choose one: normal, minor_anomaly, major_anomaly.",major_anomaly,Observed traffic is -36.9% different from the expected baseline. Main reason: unexplained_no_context.
56781,24026,King Georges Road,King Georges Road,Roselands,Canterbury,2022-01-02,4,212.0,341.5,-129.5,-37.920937042459734,decrease,0,0,major_anomaly,unexplained_no_context,Station: King Georges Road. Road: King Georges Road. Suburb: Roselands. Date: 2022-01-02. Hour: 4. Traffic volume: 212.0. Expected volume: 341.5. Traffic change: -37.9%. Rain: 0.0 mm. Weather: no_rain+very_humid. Crash count: 0. Event count within 3km: 0. Public holiday: 0. School holiday: 0.,"Classify the anomaly level for this traffic station context. Choose one: normal, minor_anomaly, major_anomaly.",major_anomaly,Observed traffic is -37.9% different from the expected baseline. Main reason: unexplained_no_context.
56781,24026,King Georges Road,King Georges Road,Roselands,Canterbury,2022-04-18,1,360.0,226.0,134.0,59.29203539823009,increase,0,0,major_anomaly,unexplained_no_context,Station: King Georges Road. Road: King Georges Road. Suburb: Roselands. Date: 2022-04-18. Hour: 1. Traffic volume: 360.0. Expected volume: 226.0. Traffic change: 59.3%. Rain: 0.0 mm. Weather: no_rain+very_humid. Crash count: 0. Event count within 3km: 0. Public holiday: 0. School holiday: 0.,"Classify the anomaly level for this traffic station context. Choose one: normal, minor_anomaly, major_anomaly.",major_anomaly,Observed traffic is 59.3% different from the expected baseline. Main reason: unexplained_no_context.
56781,24026,King Georges Road,King Georges Road,Roselands,Canterbury,2022-12-28,7,1389.0,2048.0,-659.0,-32.177734375,decrease,2,1,minor_anomaly,unexplained_beyond_crash,Station: King Georges Road. Road: King Georges Road. Suburb: Roselands. Date: 2022-12-28. Hour: 7. Traffic volume: 1389.0. Expected volume: 2048.0. Traffic change: -32.2%. Rain: 0.0 mm. Weather: no_rain. Crash count: 1. Event count within 3km: 0. Public holiday: 0. School holiday: 0.,"Classify the anomaly level for this traffic station context. Choose one: normal, minor_anomaly, major_anomaly.",minor_anomaly,Observed traffic is -32.2% different from the expected baseline. Main reason: unexplained_beyond_crash.
56781,24026,King Georges Road,King Georges Road,Roselands,Canterbury,2022-07-03,22,799.0,1182.5,-383.5,-32.43128964059196,decrease,3,2,minor_anomaly,unexplained_beyond_rain_strong_wind,Station: King Georges Road. Road: King Georges Road. Suburb: Roselands. Date: 2022-07-03. Hour: 22. Traffic volume: 799.0. Expected volume: 1182.5. Traffic change: -32.4%. Rain: 4.3 mm. Weather: moderate_rain+strong_wind+very_humid+overcast. Crash count: 0. Event count within 3km: 0. Public holiday: 0. School holiday: 0.,"Classify the anomaly level for this traffic station context. Choose one: normal, minor_anomaly, major_anomaly.",minor_anomaly,Observed traffic is -32.4% different from the expected baseline. Main reason: unexplained_beyond_rain_strong_wind.
56781,24026,King Georges Road,King Georges Road,Roselands,Canterbury,2022-02-19,6,1318.0,899.5,418.5,46.525847693162866,increase,3,2,minor_anomaly,unexplained_beyond_rain_crash,Station: King Georges Road. Road: King Georges Road. Suburb: Roselands. Date: 2022-02-19. Hour: 6. Traffic volume: 1318.0. Expected volume: 899.5. Traffic change: 46.5%. Rain: 0.1 mm. Weather: no_rain+very_humid+overcast. Crash count: 1. Event count within 3km: 0. Public holiday: 0. School holiday: 0.,"Classify the anomaly level for this traffic station context. Choose one: normal, minor_anomaly, major_anomaly.",minor_anomaly,Observed traffic is 46.5% different from the expected baseline. Main reason: unexplained_beyond_rain_crash.
56781,24026,King Georges Road,King Georges Road,Roselands,Canterbury,2022-08-18,9,1826.0,1782.0,44.0,2.4691358024691357,no_change,2,1,normal,explained_by_crash,Station: King Georges Road. Road: King Georges Road. Suburb: Roselands. Date: 2022-08-18. Hour: 9. Traffic volume: 1826.0. Expected volume: 1782.0. Traffic change: 2.5%. Rain: 0.0 mm. Weather: no_rain+very_humid+overcast. Crash count: 2. Event count within 3km: 0. Public holiday: 0. School holiday: 0.,"Classify the anomaly level for this traffic station context. Choose one: normal, minor_anomaly, major_anomaly.",normal,Observed traffic is 2.5% different from the expected baseline. Main reason: explained_by_crash.
56781,24026,King Georges Road,King Georges Road,Roselands,Canterbury,2022-11-16,7,2207.0,2048.0,159.0,7.763671875,no_change,2,1,normal,explained_by_crash,Station: King Georges Road. Road: King Georges Road. Suburb: Roselands. Date: 2022-11-16. Hour: 7. Traffic volume: 2207.0. Expected volume: 2048.0. Traffic change: 7.8%. Rain: 0.0 mm. Weather: no_rain. Crash count: 3. Event count within 3km: 0. Public holiday: 0. School holiday: 0.,"Classify the anomaly level for this traffic station context. Choose one: normal, minor_anomaly, major_anomaly.",normal,Observed traffic is 7.8% different from the expected baseline. Main reason: explained_by_crash.
56781,24026,King Georges Road,King Georges Road,Roselands,Canterbury,2022-03-13,13,1979.0,2160.5,-181.5,-8.400833140476742,no_change,2,1,normal,explained_by_crash,Station: King Georges Road. Road: King Georges Road. Suburb: Roselands. Date: 2022-03-13. Hour: 13. Traffic volume: 1979.0. Expected volume: 2160.5. Traffic change: -8.4%. Rain: 0.0 mm. Weather: no_rain+overcast. Crash count: 3. Event count within 3km: 0. Public holiday: 0. School holiday: 0.,"Classify the anomaly level for this traffic station context. Choose one: normal, minor_anomaly, major_anomaly.",normal,Observed traffic is -8.4% different from the expected baseline. Main reason: explained_by_crash.
56820,28008,Centenary Drive,Centenary Drive,Homebush West,Strathfield,2022-04-26,3,728.0,1355.0,-627.0,-46.27306273062731,decrease,0,0,major_anomaly,unexplained_no_context,Station: Centenary Drive. Road: Centenary Drive. Suburb: Homebush West. Date: 2022-04-26. Hour: 3. Traffic volume: 728.0. Expected volume: 1355.0. Traffic change: -46.3%. Rain: 0.0 mm. Weather: no_rain+very_humid+overcast. Crash count: 0. Event count within 3km: 0. Public holiday: 0. School holiday: 0.,"Classify the anomaly level for this traffic station context. Choose one: normal, minor_anomaly, major_anomaly.",major_anomaly,Observed traffic is -46.3% different from the expected baseline. Main reason: unexplained_no_context.
56820,28008,Centenary Drive,Centenary Drive,Homebush West,Strathfield,2022-04-04,4,1489.0,3422.5,-1933.5,-56.49379108838568,decrease,2,1,major_anomaly,unexplained_beyond_crash,Station: Centenary Drive. Road: Centenary Drive. Suburb: Homebush West. Date: 2022-04-04. Hour: 4. Traffic volume: 1489.0. Expected volume: 3422.5. Traffic change: -56.5%. Rain: 0.0 mm. Weather: no_rain. Crash count: 1. Event count within 3km: 0. Public holiday: 0. School holiday: 0.,"Classify the anomaly level for this traffic station context. Choose one: normal, minor_anomaly, major_anomaly.",major_anomaly,Observed traffic is -56.5% different from the expected baseline. Main reason: unexplained_beyond_crash.
56820,28008,Centenary Drive,Centenary Drive,Homebush West,Strathfield,2022-01-22,4,2108.0,1008.5,1099.5,109.02330193356471,increase,0,0,major_anomaly,unexplained_no_context,Station: Centenary Drive. Road: Centenary Drive. Suburb: Homebush West. Date: 2022-01-22. Hour: 4. Traffic volume: 2108.0. Expected volume: 1008.5. Traffic change: 109.0%. Rain: 0.0 mm. Weather: no_rain+very_humid. Crash count: 0. Event count within 3km: 0. Public holiday: 0. School holiday: 0.,"Classify the anomaly level for this traffic station context. Choose one: normal, minor_anomaly, major_anomaly.",major_anomaly,Observed traffic is 109.0% different from the expected baseline. Main reason: unexplained_no_context.
56820,28008,Centenary Drive,Centenary Drive,Homebush West,Strathfield,2024-04-21,7,2279.0,3243.0,-964.0,-29.725562750539623,decrease,0,0,minor_anomaly,unexplained_no_context,Station: Centenary Drive. Road: Centenary Drive. Suburb: Homebush West. Date: 2024-04-21. Hour: 7. Traffic volume: 2279.0. Expected volume: 3243.0. Traffic change: -29.7%. Rain: 0.0 mm. Weather: no_rain+very_humid. Crash count: 0. Event count within 3km: 0. Public holiday: 0. School holiday: 0.,"Classify the anomaly level for this traffic station context. Choose one: normal, minor_anomaly, major_anomaly.",minor_anomaly,Observed traffic is -29.7% different from the expected baseline. Main reason: unexplained_no_context.
56820,28008,Centenary Drive,Centenary Drive,Homebush West,Strathfield,2022-01-09,19,2509.0,3319.0,-810.0,-24.404941247363666,decrease,2,1,minor_anomaly,unexplained_beyond_crash,Station: Centenary Drive. Road: Centenary Drive. Suburb: Homebush West. Date: 2022-01-09. Hour: 19. Traffic volume: 2509.0. Expected volume: 3319.0. Traffic change: -24.4%. Rain: 0.0 mm. Weather: no_rain+very_humid. Crash count: 2. Event count within 3km: 0. Public holiday: 0. School holiday: 0.,"Classify the anomaly level for this traffic station context. Choose one: normal, minor_anomaly, major_anomaly.",minor_anomaly,Observed traffic is -24.4% different from the expected baseline. Main reason: unexplained_beyond_crash.
56820,28008,Centenary Drive,Centenary Drive,Homebush West,Strathfield,2022-01-06,4,2611.0,3422.5,-811.5,-23.71073776479182,decrease,2,2,minor_anomaly,unexplained_beyond_rain_crash,Station: Centenary Drive. Road: Centenary Drive. Suburb: Homebush West. Date: 2022-01-06. Hour: 4. Traffic volume: 2611.0. Expected volume: 3422.5. Traffic change: -23.7%. Rain: 0.1 mm. Weather: no_rain+very_humid. Crash count: 1. Event count within 3km: 0. Public holiday: 0. School holiday: 0.,"Classify the anomaly level for this traffic station context. Choose one: normal, minor_anomaly, major_anomaly.",minor_anomaly,Observed traffic is -23.7% different from the expected baseline. Main reason: unexplained_beyond_rain_crash.
56820,28008,Centenary Drive,Centenary Drive,Homebush West,Strathfield,2022-03-17,14,5380.0,5296.0,84.0,1.5861027190332326,no_change,2,1,normal,explained_by_crash,Station: Centenary Drive. Road: Centenary Drive. Suburb: Homebush West. Date: 2022-03-17. Hour: 14. Traffic volume: 5380.0. Expected volume: 5296.0. Traffic change: 1.6%. Rain: 0.0 mm. Weather: no_rain+overcast. Crash count: 3. Event count within 3km: 0. Public holiday: 0. School holiday: 0.,"Classify the anomaly level for this traffic station context. Choose one: normal, minor_anomaly, major_anomaly.",normal,Observed traffic is 1.6% different from the expected baseline. Main reason: explained_by_crash.
56820,28008,Centenary Drive,Centenary Drive,Homebush West,Strathfield,2022-01-18,22,1271.0,1694.5,-423.5,-24.992623192682206,decrease,3,2,normal,explained_by_rain_crash,Station: Centenary Drive. Road: Centenary Drive. Suburb: Homebush West. Date: 2022-01-18. Hour: 22. Traffic volume: 1271.0. Expected volume: 1694.5. Traffic change: -25.0%. Rain: 0.4 mm. Weather: light_rain+very_humid+overcast. Crash count: 3. Event count within 3km: 0. Public holiday: 0. School holiday: 0.,"Classify the anomaly level for this traffic station context. Choose one: normal, minor_anomaly, major_anomaly.",normal,Observed traffic is -25.0% different from the expected baseline. Main reason: explained_by_rain_crash.
56820,28008,Centenary Drive,Centenary Drive,Homebush West,Strathfield,2022-03-14,2,786.0,735.5,50.5,6.866077498300475,no_change,0,0,normal,no_deviation,Station: Centenary Drive. Road: Centenary Drive. Suburb: Homebush West. Date: 2022-03-14. Hour: 2. Traffic volume: 786.0. Expected volume: 735.5. Traffic change: 6.9%. Rain: 0.0 mm. Weather: no_rain+very_humid. Crash count: 0. Event count within 3km: 0. Public holiday: 0. School holiday: 0.,"Classify the anomaly level for this traffic station context. Choose one: normal, minor_anomaly, major_anomaly.",normal,Observed traffic is 6.9% different from the expected baseline. Main reason: no_deviation.
56823,28022,Liverpool Road,Liverpool Road,Strathfield South,Strathfield,2023-01-10,21,1902.0,764.0,1138.0,148.95287958115185,increase,2,1,major_anomaly,unexplained_beyond_crash,Station: Liverpool Road. Road: Liverpool Road. Suburb: Strathfield South. Date: 2023-01-10. Hour: 21. Traffic volume: 1902.0. Expected volume: 764.0. Traffic change: 149.0%. Rain: 0.0 mm. Weather: no_rain+very_humid. Crash count: 1. Event count within 3km: 0. Public holiday: 0. School holiday: 0.,"Classify the anomaly level for this traffic station context. Choose one: normal, minor_anomaly, major_anomaly.",major_anomaly,Observed traffic is 149.0% different from the expected baseline. Main reason: unexplained_beyond_crash.
56823,28022,Liverpool Road,Liverpool Road,Strathfield South,Strathfield,2022-12-14,23,1063.0,377.0,686.0,181.96286472148543,increase,2,1,major_anomaly,unexplained_beyond_crash,Station: Liverpool Road. Road: Liverpool Road. Suburb: Strathfield South. Date: 2022-12-14. Hour: 23. Traffic volume: 1063.0. Expected volume: 377.0. Traffic change: 182.0%. Rain: 0.0 mm. Weather: no_rain. Crash count: 1. Event count within 3km: 0. Public holiday: 0. School holiday: 0.,"Classify the anomaly level for this traffic station context. Choose one: normal, minor_anomaly, major_anomaly.",major_anomaly,Observed traffic is 182.0% different from the expected baseline. Main reason: unexplained_beyond_crash.
56823,28022,Liverpool Road,Liverpool Road,Strathfield South,Strathfield,2022-02-13,19,2605.0,1366.0,1239.0,90.70278184480233,increase,2,1,major_anomaly,unexplained_beyond_crash,Station: Liverpool Road. Road: Liverpool Road. Suburb: Strathfield South. Date: 2022-02-13. Hour: 19. Traffic volume: 2605.0. Expected volume: 1366.0. Traffic change: 90.7%. Rain: 0.0 mm. Weather: no_rain. Crash count: 1. Event count within 3km: 0. Public holiday: 0. School holiday: 0.,"Classify the anomaly level for this traffic station context. Choose one: normal, minor_anomaly, major_anomaly.",major_anomaly,Observed traffic is 90.7% different from the expected baseline. Main reason: unexplained_beyond_crash.
56823,28022,Liverpool Road,Liverpool Road,Strathfield South,Strathfield,2023-02-12,4,147.0,204.0,-57.0,-27.941176470588236,decrease,1,1,minor_anomaly,unexplained_beyond_crash,Station: Liverpool Road. Road: Liverpool Road. Suburb: Strathfield South. Date: 2023-02-12. Hour: 4. Traffic volume: 147.0. Expected volume: 204.0. Traffic change: -27.9%. Rain: 0.0 mm. Weather: no_rain. Crash count: 1. Event count within 3km: 0. Public holiday: 0. School holiday: 0.,"Classify the anomaly level for this traffic station context. Choose one: normal, minor_anomaly, major_anomaly.",minor_anomaly,Observed traffic is -27.9% different from the expected baseline. Main reason: unexplained_beyond_crash.
56823,28022,Liverpool Road,Liverpool Road,Strathfield South,Strathfield,2022-06-26,8,832.0,1304.5,-472.5,-36.22077424300498,decrease,2,1,minor_anomaly,unexplained_beyond_crash,Station: Liverpool Road. Road: Liverpool Road. Suburb: Strathfield South. Date: 2022-06-26. Hour: 8. Traffic volume: 832.0. Expected volume: 1304.5. Traffic change: -36.2%. Rain: 0.0 mm. Weather: no_rain+very_humid. Crash count: 2. Event count within 3km: 0. Public holiday: 0. School holiday: 0.,"Classify the anomaly level for this traffic station context. Choose one: normal, minor_anomaly, major_anomaly.",minor_anomaly,Observed traffic is -36.2% different from the expected baseline. Main reason: unexplained_beyond_crash.
56823,28022,Liverpool Road,Liverpool Road,Strathfield South,Strathfield,2022-03-28,1,122.0,146.0,-24.0,-16.43835616438356,no_change,0,0,minor_anomaly,unexplained_no_context,Station: Liverpool Road. Road: Liverpool Road. Suburb: Strathfield South. Date: 2022-03-28. Hour: 1. Traffic volume: 122.0. Expected volume: 146.0. Traffic change: -16.4%. Rain: 0.0 mm. Weather: no_rain+very_humid+overcast. Crash count: 0. Event count within 3km: 0. Public holiday: 0. School holiday: 0.,"Classify the anomaly level for this traffic station context. Choose one: normal, minor_anomaly, major_anomaly.",minor_anomaly,Observed traffic is -16.4% different from the expected baseline. Main reason: unexplained_no_context.
56823,28022,Liverpool Road,Liverpool Road,Strathfield South,Strathfield,2022-09-16,1,155.0,146.0,9.0,6.164383561643835,no_change,0,0,normal,no_deviation,Station: Liverpool Road. Road: Liverpool Road. Suburb: Strathfield South. Date: 2022-09-16. Hour: 1. Traffic volume: 155.0. Expected volume: 146.0. Traffic change: 6.2%. Rain: 0.0 mm. Weather: no_rain+very_humid+overcast. Crash count: 0. Event count within 3km: 0. Public holiday: 0. School holiday: 0.,"Classify the anomaly level for this traffic station context. Choose one: normal, minor_anomaly, major_anomaly.",normal,Observed traffic is 6.2% different from the expected baseline. Main reason: no_deviation.
56823,28022,Liverpool Road,Liverpool Road,Strathfield South,Strathfield,2022-10-16,1,251.0,240.0,11.0,4.583333333333333,no_change,2,1,normal,explained_by_crash,Station: Liverpool Road. Road: Liverpool Road. Suburb: Strathfield South. Date: 2022-10-16. Hour: 1. Traffic volume: 251.0. Expected volume: 240.0. Traffic change: 4.6%. Rain: 0.0 mm. Weather: no_rain+very_humid. Crash count: 2. Event count within 3km: 0. Public holiday: 0. School holiday: 0.,"Classify the anomaly level for this traffic station context. Choose one: normal, minor_anomaly, major_anomaly.",normal,Observed traffic is 4.6% different from the expected baseline. Main reason: explained_by_crash.
56823,28022,Liverpool Road,Liverpool Road,Strathfield South,Strathfield,2022-06-11,20,994.0,994.0,0.0,0.0,no_change,2,1,normal,explained_by_crash,Station: Liverpool Road. Road: Liverpool Road. Suburb: Strathfield South. Date: 2022-06-11. Hour: 20. Traffic volume: 994.0. Expected volume: 994.0. Traffic change: 0.0%. Rain: 0.0 mm. Weather: no_rain. Crash count: 5. Event count within 3km: 0. Public holiday: 0. School holiday: 0.,"Classify the anomaly level for this traffic station context. Choose one: normal, minor_anomaly, major_anomaly.",normal,Observed traffic is 0.0% different from the expected baseline. Main reason: explained_by_crash.
56841,29005,Concord Road,Concord Road,Rhodes,Canada Bay,2022-08-19,13,6004.0,2893.0,3111.0,107.53543034911857,increase,3,2,major_anomaly,unexplained_beyond_rain_crash,Station: Concord Road. Road: Concord Road. Suburb: Rhodes. Date: 2022-08-19. Hour: 13. Traffic volume: 6004.0. Expected volume: 2893.0. Traffic change: 107.5%. Rain: 0.8 mm. Weather: light_rain. Crash count: 2. Event count within 3km: 0. Public holiday: 0. School holiday: 0.,"Classify the anomaly level for this traffic station context. Choose one: normal, minor_anomaly, major_anomaly.",major_anomaly,Observed traffic is 107.5% different from the expected baseline. Main reason: unexplained_beyond_rain_crash.
56841,29005,Concord Road,Concord Road,Rhodes,Canada Bay,2022-02-14,17,6669.0,3474.0,3195.0,91.96891191709845,increase,2,1,major_anomaly,unexplained_beyond_crash,Station: Concord Road. Road: Concord Road. Suburb: Rhodes. Date: 2022-02-14. Hour: 17. Traffic volume: 6669.0. Expected volume: 3474.0. Traffic change: 92.0%. Rain: 0.0 mm. Weather: no_rain+overcast. Crash count: 4. Event count within 3km: 0. Public holiday: 0. School holiday: 0.,"Classify the anomaly level for this traffic station context. Choose one: normal, minor_anomaly, major_anomaly.",major_anomaly,Observed traffic is 92.0% different from the expected baseline. Main reason: unexplained_beyond_crash.
56841,29005,Concord Road,Concord Road,Rhodes,Canada Bay,2022-12-28,0,1039.0,457.5,581.5,127.10382513661203,increase,0,0,major_anomaly,unexplained_no_context,Station: Concord Road. Road: Concord Road. Suburb: Rhodes. Date: 2022-12-28. Hour: 0. Traffic volume: 1039.0. Expected volume: 457.5. Traffic change: 127.1%. Rain: 0.0 mm. Weather: no_rain+very_humid+overcast. Crash count: 0. Event count within 3km: 0. Public holiday: 0. School holiday: 0.,"Classify the anomaly level for this traffic station context. Choose one: normal, minor_anomaly, major_anomaly.",major_anomaly,Observed traffic is 127.1% different from the expected baseline. Main reason: unexplained_no_context.
56841,29005,Concord Road,Concord Road,Rhodes,Canada Bay,2022-06-06,0,561.0,457.5,103.5,22.62295081967213,increase,0,0,minor_anomaly,unexplained_no_context,Station: Concord Road. Road: Concord Road. Suburb: Rhodes. Date: 2022-06-06. Hour: 0. Traffic volume: 561.0. Expected volume: 457.5. Traffic change: 22.6%. Rain: 0.0 mm. Weather: no_rain+overcast. Crash count: 0. Event count within 3km: 0. Public holiday: 0. School holiday: 0.,"Classify the anomaly level for this traffic station context. Choose one: normal, minor_anomaly, major_anomaly.",minor_anomaly,Observed traffic is 22.6% different from the expected baseline. Main reason: unexplained_no_context.
56841,29005,Concord Road,Concord Road,Rhodes,Canada Bay,2024-01-07,23,786.0,1127.0,-341.0,-30.257320319432118,decrease,2,1,minor_anomaly,unexplained_beyond_crash,Station: Concord Road. Road: Concord Road. Suburb: Rhodes. Date: 2024-01-07. Hour: 23. Traffic volume: 786.0. Expected volume: 1127.0. Traffic change: -30.3%. Rain: 0.0 mm. Weather: no_rain+overcast. Crash count: 1. Event count within 3km: 0. Public holiday: 0. School holiday: 0.,"Classify the anomaly level for this traffic station context. Choose one: normal, minor_anomaly, major_anomaly.",minor_anomaly,Observed traffic is -30.3% different from the expected baseline. Main reason: unexplained_beyond_crash.
56841,29005,Concord Road,Concord Road,Rhodes,Canada Bay,2024-08-24,7,2268.0,1846.0,422.0,22.8602383531961,increase,0,0,minor_anomaly,unexplained_no_context,Station: Concord Road. Road: Concord Road. Suburb: Rhodes. Date: 2024-08-24. Hour: 7. Traffic volume: 2268.0. Expected volume: 1846.0. Traffic change: 22.9%. Rain: 0.0 mm. Weather: no_rain. Crash count: 0. Event count within 3km: 0. Public holiday: 0. School holiday: 0.,"Classify the anomaly level for this traffic station context. Choose one: normal, minor_anomaly, major_anomaly.",minor_anomaly,Observed traffic is 22.9% different from the expected baseline. Main reason: unexplained_no_context.
56841,29005,Concord Road,Concord Road,Rhodes,Canada Bay,2023-12-04,11,2666.0,2791.5,-125.5,-4.495790793480207,no_change,1,1,normal,explained_by_rain,Station: Concord Road. Road: Concord Road. Suburb: Rhodes. Date: 2023-12-04. Hour: 11. Traffic volume: 2666.0. Expected volume: 2791.5. Traffic change: -4.5%. Rain: 0.1 mm. Weather: no_rain. Crash count: 0. Event count within 3km: 0. Public holiday: 0. School holiday: 0.,"Classify the anomaly level for this traffic station context. Choose one: normal, minor_anomaly, major_anomaly.",normal,Observed traffic is -4.5% different from the expected baseline. Main reason: explained_by_rain.
56841,29005,Concord Road,Concord Road,Rhodes,Canada Bay,2024-08-07,20,1746.0,1811.0,-65.0,-3.5891772501380452,no_change,2,1,normal,explained_by_crash,Station: Concord Road. Road: Concord Road. Suburb: Rhodes. Date: 2024-08-07. Hour: 20. Traffic volume: 1746.0. Expected volume: 1811.0. Traffic change: -3.6%. Rain: 0.0 mm. Weather: no_rain+very_humid. Crash count: 2. Event count within 3km: 0. Public holiday: 0. School holiday: 0.,"Classify the anomaly level for this traffic station context. Choose one: normal, minor_anomaly, major_anomaly.",normal,Observed traffic is -3.6% different from the expected baseline. Main reason: explained_by_crash.
56841,29005,Concord Road,Concord Road,Rhodes,Canada Bay,2023-08-22,18,3204.0,3304.0,-100.0,-3.026634382566586,no_change,2,1,normal,explained_by_crash,Station: Concord Road. Road: Concord Road. Suburb: Rhodes. Date: 2023-08-22. Hour: 18. Traffic volume: 3204.0. Expected volume: 3304.0. Traffic change: -3.0%. Rain: 0.0 mm. Weather: no_rain. Crash count: 2. Event count within 3km: 0. Public holiday: 0. School holiday: 0.,"Classify the anomaly level for this traffic station context. Choose one: normal, minor_anomaly, major_anomaly.",normal,Observed traffic is -3.0% different from the expected baseline. Main reason: explained_by_crash.
56857,32022,Epping Road,Epping Road,Lane Cove,Lane Cove,2022-12-17,7,676.0,458.0,218.0,47.59825327510917,increase,0,0,major_anomaly,unexplained_no_context,Station: Epping Road. Road: Epping Road. Suburb: Lane Cove. Date: 2022-12-17. Hour: 7. Traffic volume: 676.0. Expected volume: 458.0. Traffic change: 47.6%. Rain: 0.0 mm. Weather: no_rain. Crash count: 0. Event count within 3km: 0. Public holiday: 0. School holiday: 0.,"Classify the anomaly level for this traffic station context. Choose one: normal, minor_anomaly, major_anomaly.",major_anomaly,Observed traffic is 47.6% different from the expected baseline. Main reason: unexplained_no_context.
56857,32022,Epping Road,Epping Road,Lane Cove,Lane Cove,2022-07-15,1,245.0,133.0,112.0,84.21052631578947,increase,2,1,major_anomaly,unexplained_beyond_crash,Station: Epping Road. Road: Epping Road. Suburb: Lane Cove. Date: 2022-07-15. Hour: 1. Traffic volume: 245.0. Expected volume: 133.0. Traffic change: 84.2%. Rain: 0.0 mm. Weather: no_rain. Crash count: 1. Event count within 3km: 0. Public holiday: 0. School holiday: 0.,"Classify the anomaly level for this traffic station context. Choose one: normal, minor_anomaly, major_anomaly.",major_anomaly,Observed traffic is 84.2% different from the expected baseline. Main reason: unexplained_beyond_crash.
56857,32022,Epping Road,Epping Road,Lane Cove,Lane Cove,2022-12-15,0,313.0,227.0,86.0,37.88546255506608,increase,0,0,major_anomaly,unexplained_no_context,Station: Epping Road. Road: Epping Road. Suburb: Lane Cove. Date: 2022-12-15. Hour: 0. Traffic volume: 313.0. Expected volume: 227.0. Traffic change: 37.9%. Rain: 0.0 mm. Weather: no_rain. Crash count: 0. Event count within 3km: 0. Public holiday: 0. School holiday: 0.,"Classify the anomaly level for this traffic station context. Choose one: normal, minor_anomaly, major_anomaly.",major_anomaly,Observed traffic is 37.9% different from the expected baseline. Main reason: unexplained_no_context.
56857,32022,Epping Road,Epping Road,Lane Cove,Lane Cove,2022-07-04,0,162.0,227.0,-65.0,-28.634361233480178,decrease,2,2,minor_anomaly,unexplained_beyond_rain_strong_wind,Station: Epping Road. Road: Epping Road. Suburb: Lane Cove. Date: 2022-07-04. Hour: 0. Traffic volume: 162.0. Expected volume: 227.0. Traffic change: -28.6%. Rain: 1.5 mm. Weather: light_rain+strong_wind+very_humid+overcast. Crash count: 0. Event count within 3km: 0. Public holiday: 0. School holiday: 0.,"Classify the anomaly level for this traffic station context. Choose one: normal, minor_anomaly, major_anomaly.",minor_anomaly,Observed traffic is -28.6% different from the expected baseline. Main reason: unexplained_beyond_rain_strong_wind.
56857,32022,Epping Road,Epping Road,Lane Cove,Lane Cove,2022-08-08,21,736.0,969.0,-233.0,-24.045407636738904,decrease,1,1,minor_anomaly,unexplained_beyond_crash,Station: Epping Road. Road: Epping Road. Suburb: Lane Cove. Date: 2022-08-08. Hour: 21. Traffic volume: 736.0. Expected volume: 969.0. Traffic change: -24.0%. Rain: 0.0 mm. Weather: no_rain+very_humid. Crash count: 1. Event count within 3km: 0. Public holiday: 0. School holiday: 0.,"Classify the anomaly level for this traffic station context. Choose one: normal, minor_anomaly, major_anomaly.",minor_anomaly,Observed traffic is -24.0% different from the expected baseline. Main reason: unexplained_beyond_crash.
56857,32022,Epping Road,Epping Road,Lane Cove,Lane Cove,2022-07-04,20,734.0,1024.0,-290.0,-28.3203125,decrease,2,2,minor_anomaly,unexplained_beyond_rain_crash,Station: Epping Road. Road: Epping Road. Suburb: Lane Cove. Date: 2022-07-04. Hour: 20. Traffic volume: 734.0. Expected volume: 1024.0. Traffic change: -28.3%. Rain: 0.8 mm. Weather: light_rain+very_humid+overcast. Crash count: 1. Event count within 3km: 0. Public holiday: 0. School holiday: 0.,"Classify the anomaly level for this traffic station context. Choose one: normal, minor_anomaly, major_anomaly.",minor_anomaly,Observed traffic is -28.3% different from the expected baseline. Main reason: unexplained_beyond_rain_crash.
56857,32022,Epping Road,Epping Road,Lane Cove,Lane Cove,2022-03-07,0,213.0,227.0,-14.0,-6.167400881057269,no_change,2,1,normal,explained_by_rain,Station: Epping Road. Road: Epping Road. Suburb: Lane Cove. Date: 2022-03-07. Hour: 0. Traffic volume: 213.0. Expected volume: 227.0. Traffic change: -6.2%. Rain: 9.2 mm. Weather: heavy_rain+very_humid+overcast. Crash count: 0. Event count within 3km: 0. Public holiday: 0. School holiday: 0.,"Classify the anomaly level for this traffic station context. Choose one: normal, minor_anomaly, major_anomaly.",normal,Observed traffic is -6.2% different from the expected baseline. Main reason: explained_by_rain.
56857,32022,Epping Road,Epping Road,Lane Cove,Lane Cove,2022-11-16,21,1080.0,969.0,111.0,11.455108359133128,no_change,0,0,normal,no_deviation,Station: Epping Road. Road: Epping Road. Suburb: Lane Cove. Date: 2022-11-16. Hour: 21. Traffic volume: 1080.0. Expected volume: 969.0. Traffic change: 11.5%. Rain: 0.0 mm. Weather: no_rain. Crash count: 0. Event count within 3km: 0. Public holiday: 0. School holiday: 0.,"Classify the anomaly level for this traffic station context. Choose one: normal, minor_anomaly, major_anomaly.",normal,Observed traffic is 11.5% different from the expected baseline. Main reason: no_deviation.
56857,32022,Epping Road,Epping Road,Lane Cove,Lane Cove,2022-01-28,20,1028.0,1024.0,4.0,0.390625,no_change,2,1,normal,explained_by_crash,Station: Epping Road. Road: Epping Road. Suburb: Lane Cove. Date: 2022-01-28. Hour: 20. Traffic volume: 1028.0. Expected volume: 1024.0. Traffic change: 0.4%. Rain: 0.0 mm. Weather: no_rain+very_humid. Crash count: 1. Event count within 3km: 0. Public holiday: 0. School holiday: 0.,"Classify the anomaly level for this traffic station context. Choose one: normal, minor_anomaly, major_anomaly.",normal,Observed traffic is 0.4% different from the expected baseline. Main reason: explained_by_crash.
56861,32029,Burns Bay Road,Burns Bay Road,Lane Cove West,Lane Cove,2024-03-12,5,2203.0,799.0,1404.0,175.71964956195245,increase,0,0,major_anomaly,unexplained_no_context,Station: Burns Bay Road. Road: Burns Bay Road. Suburb: Lane Cove West. Date: 2024-03-12. Hour: 5. Traffic volume: 2203.0. Expected volume: 799.0. Traffic change: 175.7%. Rain: 0.0 mm. Weather: no_rain+very_humid. Crash count: 0. Event count within 3km: 0. Public holiday: 0. School holiday: 0.,"Classify the anomaly level for this traffic station context. Choose one: normal, minor_anomaly, major_anomaly.",major_anomaly,Observed traffic is 175.7% different from the expected baseline. Main reason: unexplained_no_context.
56861,32029,Burns Bay Road,Burns Bay Road,Lane Cove West,Lane Cove,2024-12-05,0,40.0,104.0,-64.0,-61.53846153846154,decrease,0,0,major_anomaly,unexplained_no_context,Station: Burns Bay Road. Road: Burns Bay Road. Suburb: Lane Cove West. Date: 2024-12-05. Hour: 0. Traffic volume: 40.0. Expected volume: 104.0. Traffic change: -61.5%. Rain: 0.0 mm. Weather: no_rain+very_humid+overcast. Crash count: 0. Event count within 3km: 0. Public holiday: 0. School holiday: 0.,"Classify the anomaly level for this traffic station context. Choose one: normal, minor_anomaly, major_anomaly.",major_anomaly,Observed traffic is -61.5% different from the expected baseline. Main reason: unexplained_no_context.
56861,32029,Burns Bay Road,Burns Bay Road,Lane Cove West,Lane Cove,2023-04-28,8,1557.0,2562.0,-1005.0,-39.2271662763466,decrease,0,0,major_anomaly,unexplained_no_context,Station: Burns Bay Road. Road: Burns Bay Road. Suburb: Lane Cove West. Date: 2023-04-28. Hour: 8. Traffic volume: 1557.0. Expected volume: 2562.0. Traffic change: -39.2%. Rain: 0.0 mm. Weather: no_rain+very_humid. Crash count: 0. Event count within 3km: 0. Public holiday: 0. School holiday: 0.,"Classify the anomaly level for this traffic station context. Choose one: normal, minor_anomaly, major_anomaly.",major_anomaly,Observed traffic is -39.2% different from the expected baseline. Main reason: unexplained_no_context.
56861,32029,Burns Bay Road,Burns Bay Road,Lane Cove West,Lane Cove,2023-08-14,22,350.0,517.5,-167.5,-32.367149758454104,decrease,1,1,minor_anomaly,unexplained_beyond_crash,Station: Burns Bay Road. Road: Burns Bay Road. Suburb: Lane Cove West. Date: 2023-08-14. Hour: 22. Traffic volume: 350.0. Expected volume: 517.5. Traffic change: -32.4%. Rain: 0.0 mm. Weather: no_rain+very_humid. Crash count: 1. Event count within 3km: 0. Public holiday: 0. School holiday: 0.,"Classify the anomaly level for this traffic station context. Choose one: normal, minor_anomaly, major_anomaly.",minor_anomaly,Observed traffic is -32.4% different from the expected baseline. Main reason: unexplained_beyond_crash.
56861,32029,Burns Bay Road,Burns Bay Road,Lane Cove West,Lane Cove,2022-08-31,1,95.0,69.0,26.0,37.68115942028986,increase,2,1,minor_anomaly,unexplained_beyond_crash,Station: Burns Bay Road. Road: Burns Bay Road. Suburb: Lane Cove West. Date: 2022-08-31. Hour: 1. Traffic volume: 95.0. Expected volume: 69.0. Traffic change: 37.7%. Rain: 0.0 mm. Weather: no_rain. Crash count: 2. Event count within 3km: 0. Public holiday: 0. School holiday: 0.,"Classify the anomaly level for this traffic station context. Choose one: normal, minor_anomaly, major_anomaly.",minor_anomaly,Observed traffic is 37.7% different from the expected baseline. Main reason: unexplained_beyond_crash.
56861,32029,Burns Bay Road,Burns Bay Road,Lane Cove West,Lane Cove,2022-05-30,18,2443.0,1747.0,696.0,39.83972524327418,increase,1,1,minor_anomaly,unexplained_beyond_rain,Station: Burns Bay Road. Road: Burns Bay Road. Suburb: Lane Cove West. Date: 2022-05-30. Hour: 18. Traffic volume: 2443.0. Expected volume: 1747.0. Traffic change: 39.8%. Rain: 0.7 mm. Weather: light_rain+very_humid+overcast. Crash count: 0. Event count within 3km: 0. Public holiday: 0. School holiday: 0.,"Classify the anomaly level for this traffic station context. Choose one: normal, minor_anomaly, major_anomaly.",minor_anomaly,Observed traffic is 39.8% different from the expected baseline. Main reason: unexplained_beyond_rain.
56861,32029,Burns Bay Road,Burns Bay Road,Lane Cove West,Lane Cove,2023-05-24,23,279.0,254.0,25.0,9.84251968503937,no_change,1,1,normal,explained_by_crash,Station: Burns Bay Road. Road: Burns Bay Road. Suburb: Lane Cove West. Date: 2023-05-24. Hour: 23. Traffic volume: 279.0. Expected volume: 254.0. Traffic change: 9.8%. Rain: 0.0 mm. Weather: no_rain+very_humid. Crash count: 1. Event count within 3km: 0. Public holiday: 0. School holiday: 0.,"Classify the anomaly level for this traffic station context. Choose one: normal, minor_anomaly, major_anomaly.",normal,Observed traffic is 9.8% different from the expected baseline. Main reason: explained_by_crash.
56861,32029,Burns Bay Road,Burns Bay Road,Lane Cove West,Lane Cove,2023-05-15,7,2580.0,2657.0,-77.0,-2.898005269100489,no_change,2,1,normal,explained_by_crash,Station: Burns Bay Road. Road: Burns Bay Road. Suburb: Lane Cove West. Date: 2023-05-15. Hour: 7. Traffic volume: 2580.0. Expected volume: 2657.0. Traffic change: -2.9%. Rain: 0.0 mm. Weather: no_rain+very_humid+overcast. Crash count: 1. Event count within 3km: 0. Public holiday: 0. School holiday: 0.,"Classify the anomaly level for this traffic station context. Choose one: normal, minor_anomaly, major_anomaly.",normal,Observed traffic is -2.9% different from the expected baseline. Main reason: explained_by_crash.
56861,32029,Burns Bay Road,Burns Bay Road,Lane Cove West,Lane Cove,2022-05-16,4,240.0,220.0,20.0,9.090909090909092,no_change,2,1,normal,explained_by_crash,Station: Burns Bay Road. Road: Burns Bay Road. Suburb: Lane Cove West. Date: 2022-05-16. Hour: 4. Traffic volume: 240.0. Expected volume: 220.0. Traffic change: 9.1%. Rain: 0.0 mm. Weather: no_rain+very_humid. Crash count: 1. Event count within 3km: 0. Public holiday: 0. School holiday: 0.,"Classify the anomaly level for this traffic station context. Choose one: normal, minor_anomaly, major_anomaly.",normal,Observed traffic is 9.1% different from the expected baseline. Main reason: explained_by_crash.
56868,33013,Pacific Highway,Pacific Highway,Roseville,Willoughby,2022-12-25,22,829.0,578.0,251.0,43.42560553633218,increase,0,0,major_anomaly,unexplained_no_context,Station: Pacific Highway. Road: Pacific Highway. Suburb: Roseville. Date: 2022-12-25. Hour: 22. Traffic volume: 829.0. Expected volume: 578.0. Traffic change: 43.4%. Rain: 0.0 mm. Weather: no_rain+very_humid. Crash count: 0. Event count within 3km: 0. Public holiday: 0. School holiday: 0.,"Classify the anomaly level for this traffic station context. Choose one: normal, minor_anomaly, major_anomaly.",major_anomaly,Observed traffic is 43.4% different from the expected baseline. Main reason: unexplained_no_context.
56868,33013,Pacific Highway,Pacific Highway,Roseville,Willoughby,2022-02-05,6,849.0,516.5,332.5,64.3756050338819,increase,0,0,major_anomaly,unexplained_no_context,Station: Pacific Highway. Road: Pacific Highway. Suburb: Roseville. Date: 2022-02-05. Hour: 6. Traffic volume: 849.0. Expected volume: 516.5. Traffic change: 64.4%. Rain: 0.0 mm. Weather: no_rain. Crash count: 0. Event count within 3km: 0. Public holiday: 0. School holiday: 0.,"Classify the anomaly level for this traffic station context. Choose one: normal, minor_anomaly, major_anomaly.",major_anomaly,Observed traffic is 64.4% different from the expected baseline. Main reason: unexplained_no_context.
56868,33013,Pacific Highway,Pacific Highway,Roseville,Willoughby,2022-04-05,6,3472.0,2037.0,1435.0,70.44673539518901,increase,2,1,major_anomaly,unexplained_beyond_crash,Station: Pacific Highway. Road: Pacific Highway. Suburb: Roseville. Date: 2022-04-05. Hour: 6. Traffic volume: 3472.0. Expected volume: 2037.0. Traffic change: 70.4%. Rain: 0.0 mm. Weather: no_rain+very_humid. Crash count: 3. Event count within 3km: 0. Public holiday: 0. School holiday: 0.,"Classify the anomaly level for this traffic station context. Choose one: normal, minor_anomaly, major_anomaly.",major_anomaly,Observed traffic is 70.4% different from the expected baseline. Main reason: unexplained_beyond_crash.
56868,33013,Pacific Highway,Pacific Highway,Roseville,Willoughby,2022-11-23,0,169.0,141.5,27.5,19.434628975265017,no_change,0,0,minor_anomaly,unexplained_no_context,Station: Pacific Highway. Road: Pacific Highway. Suburb: Roseville. Date: 2022-11-23. Hour: 0. Traffic volume: 169.0. Expected volume: 141.5. Traffic change: 19.4%. Rain: 0.0 mm. Weather: no_rain. Crash count: 0. Event count within 3km: 0. Public holiday: 0. School holiday: 0.,"Classify the anomaly level for this traffic station context. Choose one: normal, minor_anomaly, major_anomaly.",minor_anomaly,Observed traffic is 19.4% different from the expected baseline. Main reason: unexplained_no_context.
56868,33013,Pacific Highway,Pacific Highway,Roseville,Willoughby,2022-11-20,0,401.0,310.0,91.0,29.354838709677416,increase,0,0,minor_anomaly,unexplained_no_context,Station: Pacific Highway. Road: Pacific Highway. Suburb: Roseville. Date: 2022-11-20. Hour: 0. Traffic volume: 401.0. Expected volume: 310.0. Traffic change: 29.4%. Rain: 0.0 mm. Weather: no_rain. Crash count: 0. Event count within 3km: 0. Public holiday: 0. School holiday: 0.,"Classify the anomaly level for this traffic station context. Choose one: normal, minor_anomaly, major_anomaly.",minor_anomaly,Observed traffic is 29.4% different from the expected baseline. Main reason: unexplained_no_context.
56868,33013,Pacific Highway,Pacific Highway,Roseville,Willoughby,2022-11-24,0,179.0,141.5,37.5,26.501766784452297,increase,1,1,minor_anomaly,unexplained_beyond_crash,Station: Pacific Highway. Road: Pacific Highway. Suburb: Roseville. Date: 2022-11-24. Hour: 0. Traffic volume: 179.0. Expected volume: 141.5. Traffic change: 26.5%. Rain: 0.0 mm. Weather: no_rain. Crash count: 1. Event count within 3km: 0. Public holiday: 0. School holiday: 0.,"Classify the anomaly level for this traffic station context. Choose one: normal, minor_anomaly, major_anomaly.",minor_anomaly,Observed traffic is 26.5% different from the expected baseline. Main reason: unexplained_beyond_crash.
56868,33013,Pacific Highway,Pacific Highway,Roseville,Willoughby,2022-08-18,8,2618.0,2375.0,243.0,10.23157894736842,no_change,2,1,normal,explained_by_crash,Station: Pacific Highway. Road: Pacific Highway. Suburb: Roseville. Date: 2022-08-18. Hour: 8. Traffic volume: 2618.0. Expected volume: 2375.0. Traffic change: 10.2%. Rain: 0.0 mm. Weather: no_rain+very_humid+overcast. Crash count: 8. Event count within 3km: 0. Public holiday: 0. School holiday: 0.,"Classify the anomaly level for this traffic station context. Choose one: normal, minor_anomaly, major_anomaly.",normal,Observed traffic is 10.2% different from the expected baseline. Main reason: explained_by_crash.
56868,33013,Pacific Highway,Pacific Highway,Roseville,Willoughby,2022-05-01,6,469.0,516.5,-47.5,-9.19651500484027,no_change,0,0,normal,no_deviation,Station: Pacific Highway. Road: Pacific Highway. Suburb: Roseville. Date: 2022-05-01. Hour: 6. Traffic volume: 469.0. Expected volume: 516.5. Traffic change: -9.2%. Rain: 0.0 mm. Weather: no_rain. Crash count: 0. Event count within 3km: 0. Public holiday: 0. School holiday: 0.,"Classify the anomaly level for this traffic station context. Choose one: normal, minor_anomaly, major_anomaly.",normal,Observed traffic is -9.2% different from the expected baseline. Main reason: no_deviation.
56868,33013,Pacific Highway,Pacific Highway,Roseville,Willoughby,2022-11-08,18,1366.0,1429.0,-63.0,-4.408677396780965,no_change,2,1,normal,explained_by_crash,Station: Pacific Highway. Road: Pacific Highway. Suburb: Roseville. Date: 2022-11-08. Hour: 18. Traffic volume: 1366.0. Expected volume: 1429.0. Traffic change: -4.4%. Rain: 0.0 mm. Weather: no_rain. Crash count: 1. Event count within 3km: 0. Public holiday: 0. School holiday: 0.,"Classify the anomaly level for this traffic station context. Choose one: normal, minor_anomaly, major_anomaly.",normal,Observed traffic is -4.4% different from the expected baseline. Main reason: explained_by_crash.
56869,33014,Pacific Highway,Pacific Highway,Lane Cove North,Lane Cove,2024-06-29,0,635.0,385.0,250.0,64.93506493506493,increase,2,1,major_anomaly,unexplained_beyond_crash,Station: Pacific Highway. Road: Pacific Highway. Suburb: Lane Cove North. Date: 2024-06-29. Hour: 0. Traffic volume: 635.0. Expected volume: 385.0. Traffic change: 64.9%. Rain: 0.0 mm. Weather: no_rain+very_humid. Crash count: 1. Event count within 3km: 0. Public holiday: 0. School holiday: 0.,"Classify the anomaly level for this traffic station context. Choose one: normal, minor_anomaly, major_anomaly.",major_anomaly,Observed traffic is 64.9% different from the expected baseline. Main reason: unexplained_beyond_crash.
56869,33014,Pacific Highway,Pacific Highway,Lane Cove North,Lane Cove,2024-07-31,9,3421.0,1562.0,1859.0,119.01408450704226,increase,2,1,major_anomaly,unexplained_beyond_crash,Station: Pacific Highway. Road: Pacific Highway. Suburb: Lane Cove North. Date: 2024-07-31. Hour: 9. Traffic volume: 3421.0. Expected volume: 1562.0. Traffic change: 119.0%. Rain: 0.0 mm. Weather: no_rain. Crash count: 1. Event count within 3km: 0. Public holiday: 0. School holiday: 0.,"Classify the anomaly level for this traffic station context. Choose one: normal, minor_anomaly, major_anomaly.",major_anomaly,Observed traffic is 119.0% different from the expected baseline. Main reason: unexplained_beyond_crash.
56869,33014,Pacific Highway,Pacific Highway,Lane Cove North,Lane Cove,2024-10-17,5,2540.0,850.0,1690.0,198.8235294117647,increase,0,0,major_anomaly,unexplained_no_context,Station: Pacific Highway. Road: Pacific Highway. Suburb: Lane Cove North. Date: 2024-10-17. Hour: 5. Traffic volume: 2540.0. Expected volume: 850.0. Traffic change: 198.8%. Rain: 0.0 mm. Weather: no_rain+very_humid+overcast. Crash count: 0. Event count within 3km: 0. Public holiday: 0. School holiday: 0.,"Classify the anomaly level for this traffic station context. Choose one: normal, minor_anomaly, major_anomaly.",major_anomaly,Observed traffic is 198.8% different from the expected baseline. Main reason: unexplained_no_context.
56869,33014,Pacific Highway,Pacific Highway,Lane Cove North,Lane Cove,2024-10-14,19,1554.0,1242.0,312.0,25.120772946859905,increase,1,1,minor_anomaly,unexplained_beyond_rain,Station: Pacific Highway. Road: Pacific Highway. Suburb: Lane Cove North. Date: 2024-10-14. Hour: 19. Traffic volume: 1554.0. Expected volume: 1242.0. Traffic change: 25.1%. Rain: 0.4 mm. Weather: light_rain+very_humid+overcast. Crash count: 0. Event count within 3km: 0. Public holiday: 0. School holiday: 0.,"Classify the anomaly level for this traffic station context. Choose one: normal, minor_anomaly, major_anomaly.",minor_anomaly,Observed traffic is 25.1% different from the expected baseline. Main reason: unexplained_beyond_rain.
56869,33014,Pacific Highway,Pacific Highway,Lane Cove North,Lane Cove,2022-09-25,22,559.0,783.0,-224.0,-28.607918263090674,decrease,2,1,minor_anomaly,unexplained_beyond_crash,Station: Pacific Highway. Road: Pacific Highway. Suburb: Lane Cove North. Date: 2022-09-25. Hour: 22. Traffic volume: 559.0. Expected volume: 783.0. Traffic change: -28.6%. Rain: 0.0 mm. Weather: no_rain+very_humid. Crash count: 1. Event count within 3km: 0. Public holiday: 0. School holiday: 0.,"Classify the anomaly level for this traffic station context. Choose one: normal, minor_anomaly, major_anomaly.",minor_anomaly,Observed traffic is -28.6% different from the expected baseline. Main reason: unexplained_beyond_crash.
56869,33014,Pacific Highway,Pacific Highway,Lane Cove North,Lane Cove,2023-02-01,18,1347.0,1835.0,-488.0,-26.59400544959128,decrease,2,1,minor_anomaly,unexplained_beyond_crash,Station: Pacific Highway. Road: Pacific Highway. Suburb: Lane Cove North. Date: 2023-02-01. Hour: 18. Traffic volume: 1347.0. Expected volume: 1835.0. Traffic change: -26.6%. Rain: 0.0 mm. Weather: no_rain+overcast. Crash count: 1. Event count within 3km: 0. Public holiday: 0. School holiday: 0.,"Classify the anomaly level for this traffic station context. Choose one: normal, minor_anomaly, major_anomaly.",minor_anomaly,Observed traffic is -26.6% different from the expected baseline. Main reason: unexplained_beyond_crash.
56869,33014,Pacific Highway,Pacific Highway,Lane Cove North,Lane Cove,2022-01-20,1,84.0,97.0,-13.0,-13.402061855670103,no_change,1,1,normal,explained_by_strong_wind,Station: Pacific Highway. Road: Pacific Highway. Suburb: Lane Cove North. Date: 2022-01-20. Hour: 1. Traffic volume: 84.0. Expected volume: 97.0. Traffic change: -13.4%. Rain: 0.0 mm. Weather: no_rain+strong_wind. Crash count: 0. Event count within 3km: 0. Public holiday: 0. School holiday: 0.,"Classify the anomaly level for this traffic station context. Choose one: normal, minor_anomaly, major_anomaly.",normal,Observed traffic is -13.4% different from the expected baseline. Main reason: explained_by_strong_wind.
56869,33014,Pacific Highway,Pacific Highway,Lane Cove North,Lane Cove,2024-03-14,9,1529.0,1562.0,-33.0,-2.112676056338028,no_change,1,1,normal,explained_by_crash,Station: Pacific Highway. Road: Pacific Highway. Suburb: Lane Cove North. Date: 2024-03-14. Hour: 9. Traffic volume: 1529.0. Expected volume: 1562.0. Traffic change: -2.1%. Rain: 0.0 mm. Weather: no_rain. Crash count: 1. Event count within 3km: 0. Public holiday: 0. School holiday: 0.,"Classify the anomaly level for this traffic station context. Choose one: normal, minor_anomaly, major_anomaly.",normal,Observed traffic is -2.1% different from the expected baseline. Main reason: explained_by_crash.
56869,33014,Pacific Highway,Pacific Highway,Lane Cove North,Lane Cove,2022-04-19,12,1583.0,1625.0,-42.0,-2.5846153846153843,no_change,1,1,normal,explained_by_crash,Station: Pacific Highway. Road: Pacific Highway. Suburb: Lane Cove North. Date: 2022-04-19. Hour: 12. Traffic volume: 1583.0. Expected volume: 1625.0. Traffic change: -2.6%. Rain: 0.0 mm. Weather: no_rain+overcast. Crash count: 1. Event count within 3km: 0. Public holiday: 0. School holiday: 0.,"Classify the anomaly level for this traffic station context. Choose one: normal, minor_anomaly, major_anomaly.",normal,Observed traffic is -2.6% different from the expected baseline. Main reason: explained_by_crash.
56872,33023,Eastern Valley Way,Eastern Valley Way,Castlecrag,Willoughby,2022-04-04,16,1381.0,2425.0,-1044.0,-43.051546391752574,decrease,2,1,major_anomaly,unexplained_beyond_crash,Station: Eastern Valley Way. Road: Eastern Valley Way. Suburb: Castlecrag. Date: 2022-04-04. Hour: 16. Traffic volume: 1381.0. Expected volume: 2425.0. Traffic change: -43.1%. Rain: 0.0 mm. Weather: no_rain. Crash count: 1. Event count within 3km: 0. Public holiday: 0. School holiday: 0.,"Classify the anomaly level for this traffic station context. Choose one: normal, minor_anomaly, major_anomaly.",major_anomaly,Observed traffic is -43.1% different from the expected baseline. Main reason: unexplained_beyond_crash.
56872,33023,Eastern Valley Way,Eastern Valley Way,Castlecrag,Willoughby,2022-08-27,18,1414.0,932.0,482.0,51.716738197424895,increase,1,1,major_anomaly,unexplained_beyond_crash,Station: Eastern Valley Way. Road: Eastern Valley Way. Suburb: Castlecrag. Date: 2022-08-27. Hour: 18. Traffic volume: 1414.0. Expected volume: 932.0. Traffic change: 51.7%. Rain: 0.0 mm. Weather: no_rain+very_humid. Crash count: 1. Event count within 3km: 0. Public holiday: 0. School holiday: 0.,"Classify the anomaly level for this traffic station context. Choose one: normal, minor_anomaly, major_anomaly.",major_anomaly,Observed traffic is 51.7% different from the expected baseline. Main reason: unexplained_beyond_crash.
56872,33023,Eastern Valley Way,Eastern Valley Way,Castlecrag,Willoughby,2022-04-11,8,806.0,2160.0,-1354.0,-62.68518518518519,decrease,2,1,major_anomaly,unexplained_beyond_crash,Station: Eastern Valley Way. Road: Eastern Valley Way. Suburb: Castlecrag. Date: 2022-04-11. Hour: 8. Traffic volume: 806.0. Expected volume: 2160.0. Traffic change: -62.7%. Rain: 0.0 mm. Weather: no_rain+very_humid. Crash count: 1. Event count within 3km: 0. Public holiday: 0. School holiday: 0.,"Classify the anomaly level for this traffic station context. Choose one: normal, minor_anomaly, major_anomaly.",major_anomaly,Observed traffic is -62.7% different from the expected baseline. Main reason: unexplained_beyond_crash.
56872,33023,Eastern Valley Way,Eastern Valley Way,Castlecrag,Willoughby,2022-11-03,23,97.0,126.0,-29.0,-23.015873015873016,decrease,2,1,minor_anomaly,unexplained_beyond_crash,Station: Eastern Valley Way. Road: Eastern Valley Way. Suburb: Castlecrag. Date: 2022-11-03. Hour: 23. Traffic volume: 97.0. Expected volume: 126.0. Traffic change: -23.0%. Rain: 0.0 mm. Weather: no_rain+very_humid. Crash count: 1. Event count within 3km: 0. Public holiday: 0. School holiday: 0.,"Classify the anomaly level for this traffic station context. Choose one: normal, minor_anomaly, major_anomaly.",minor_anomaly,Observed traffic is -23.0% different from the expected baseline. Main reason: unexplained_beyond_crash.
56872,33023,Eastern Valley Way,Eastern Valley Way,Castlecrag,Willoughby,2022-07-11,3,36.0,48.0,-12.0,-25.0,decrease,1,1,minor_anomaly,unexplained_beyond_rain,Station: Eastern Valley Way. Road: Eastern Valley Way. Suburb: Castlecrag. Date: 2022-07-11. Hour: 3. Traffic volume: 36.0. Expected volume: 48.0. Traffic change: -25.0%. Rain: 0.2 mm. Weather: light_rain+very_humid. Crash count: 0. Event count within 3km: 0. Public holiday: 0. School holiday: 0.,"Classify the anomaly level for this traffic station context. Choose one: normal, minor_anomaly, major_anomaly.",minor_anomaly,Observed traffic is -25.0% different from the expected baseline. Main reason: unexplained_beyond_rain.
56872,33023,Eastern Valley Way,Eastern Valley Way,Castlecrag,Willoughby,2022-04-04,6,1189.0,1578.0,-389.0,-24.651457541191384,decrease,1,1,minor_anomaly,unexplained_beyond_crash,Station: Eastern Valley Way. Road: Eastern Valley Way. Suburb: Castlecrag. Date: 2022-04-04. Hour: 6. Traffic volume: 1189.0. Expected volume: 1578.0. Traffic change: -24.7%. Rain: 0.0 mm. Weather: no_rain. Crash count: 2. Event count within 3km: 0. Public holiday: 0. School holiday: 0.,"Classify the anomaly level for this traffic station context. Choose one: normal, minor_anomaly, major_anomaly.",minor_anomaly,Observed traffic is -24.7% different from the expected baseline. Main reason: unexplained_beyond_crash.
56872,33023,Eastern Valley Way,Eastern Valley Way,Castlecrag,Willoughby,2022-03-30,15,2475.0,2436.5,38.5,1.580135440180587,no_change,3,2,normal,explained_by_crash_strong_wind,Station: Eastern Valley Way. Road: Eastern Valley Way. Suburb: Castlecrag. Date: 2022-03-30. Hour: 15. Traffic volume: 2475.0. Expected volume: 2436.5. Traffic change: 1.6%. Rain: 0.0 mm. Weather: no_rain+strong_wind+very_humid+overcast. Crash count: 3. Event count within 3km: 0. Public holiday: 0. School holiday: 0.,"Classify the anomaly level for this traffic station context. Choose one: normal, minor_anomaly, major_anomaly.",normal,Observed traffic is 1.6% different from the expected baseline. Main reason: explained_by_crash_strong_wind.
56872,33023,Eastern Valley Way,Eastern Valley Way,Castlecrag,Willoughby,2022-03-15,15,2546.0,2436.5,109.5,4.4941514467473835,no_change,2,1,normal,explained_by_crash,Station: Eastern Valley Way. Road: Eastern Valley Way. Suburb: Castlecrag. Date: 2022-03-15. Hour: 15. Traffic volume: 2546.0. Expected volume: 2436.5. Traffic change: 4.5%. Rain: 0.0 mm. Weather: no_rain+overcast. Crash count: 2. Event count within 3km: 0. Public holiday: 0. School holiday: 0.,"Classify the anomaly level for this traffic station context. Choose one: normal, minor_anomaly, major_anomaly.",normal,Observed traffic is 4.5% different from the expected baseline. Main reason: explained_by_crash.
56872,33023,Eastern Valley Way,Eastern Valley Way,Castlecrag,Willoughby,2022-04-09,5,180.0,197.5,-17.5,-8.860759493670885,no_change,1,1,normal,explained_by_rain,Station: Eastern Valley Way. Road: Eastern Valley Way. Suburb: Castlecrag. Date: 2022-04-09. Hour: 5. Traffic volume: 180.0. Expected volume: 197.5. Traffic change: -8.9%. Rain: 0.1 mm. Weather: no_rain+very_humid. Crash count: 0. Event count within 3km: 0. Public holiday: 0. School holiday: 0.,"Classify the anomaly level for this traffic station context. Choose one: normal, minor_anomaly, major_anomaly.",normal,Observed traffic is -8.9% different from the expected baseline. Main reason: explained_by_rain.
56888,34016,Condamine Street,Condamine Street,Manly Vale,Warringah,2024-11-30,4,293.0,145.5,147.5,101.37457044673539,increase,1,1,major_anomaly,unexplained_beyond_rain,Station: Condamine Street. Road: Condamine Street. Suburb: Manly Vale. Date: 2024-11-30. Hour: 4. Traffic volume: 293.0. Expected volume: 145.5. Traffic change: 101.4%. Rain: 1.3 mm. Weather: light_rain+very_humid+overcast. Crash count: 0. Event count within 3km: 0. Public holiday: 0. School holiday: 0.,"Classify the anomaly level for this traffic station context. Choose one: normal, minor_anomaly, major_anomaly.",major_anomaly,Observed traffic is 101.4% different from the expected baseline. Main reason: unexplained_beyond_rain.
56888,34016,Condamine Street,Condamine Street,Manly Vale,Warringah,2024-08-04,13,1045.0,2151.0,-1106.0,-51.41794514179452,decrease,0,0,major_anomaly,unexplained_no_context,Station: Condamine Street. Road: Condamine Street. Suburb: Manly Vale. Date: 2024-08-04. Hour: 13. Traffic volume: 1045.0. Expected volume: 2151.0. Traffic change: -51.4%. Rain: 0.0 mm. Weather: no_rain+overcast. Crash count: 0. Event count within 3km: 0. Public holiday: 0. School holiday: 0.,"Classify the anomaly level for this traffic station context. Choose one: normal, minor_anomaly, major_anomaly.",major_anomaly,Observed traffic is -51.4% different from the expected baseline. Main reason: unexplained_no_context.
56888,34016,Condamine Street,Condamine Street,Manly Vale,Warringah,2024-06-22,18,1540.0,1065.0,475.0,44.60093896713615,increase,1,1,major_anomaly,unexplained_beyond_rain,Station: Condamine Street. Road: Condamine Street. Suburb: Manly Vale. Date: 2024-06-22. Hour: 18. Traffic volume: 1540.0. Expected volume: 1065.0. Traffic change: 44.6%. Rain: 0.3 mm. Weather: light_rain+very_humid. Crash count: 0. Event count within 3km: 0. Public holiday: 0. School holiday: 0.,"Classify the anomaly level for this traffic station context. Choose one: normal, minor_anomaly, major_anomaly.",major_anomaly,Observed traffic is 44.6% different from the expected baseline. Main reason: unexplained_beyond_rain.
56888,34016,Condamine Street,Condamine Street,Manly Vale,Warringah,2024-08-24,18,1449.0,1065.0,384.0,36.056338028169016,increase,1,1,minor_anomaly,unexplained_beyond_crash,Station: Condamine Street. Road: Condamine Street. Suburb: Manly Vale. Date: 2024-08-24. Hour: 18. Traffic volume: 1449.0. Expected volume: 1065.0. Traffic change: 36.1%. Rain: 0.0 mm. Weather: no_rain. Crash count: 1. Event count within 3km: 0. Public holiday: 0. School holiday: 0.,"Classify the anomaly level for this traffic station context. Choose one: normal, minor_anomaly, major_anomaly.",minor_anomaly,Observed traffic is 36.1% different from the expected baseline. Main reason: unexplained_beyond_crash.
56888,34016,Condamine Street,Condamine Street,Manly Vale,Warringah,2024-09-05,23,250.0,186.5,63.5,34.048257372654156,increase,1,1,minor_anomaly,unexplained_beyond_crash,Station: Condamine Street. Road: Condamine Street. Suburb: Manly Vale. Date: 2024-09-05. Hour: 23. Traffic volume: 250.0. Expected volume: 186.5. Traffic change: 34.0%. Rain: 0.0 mm. Weather: no_rain. Crash count: 1. Event count within 3km: 0. Public holiday: 0. School holiday: 0.,"Classify the anomaly level for this traffic station context. Choose one: normal, minor_anomaly, major_anomaly.",minor_anomaly,Observed traffic is 34.0% different from the expected baseline. Main reason: unexplained_beyond_crash.
56888,34016,Condamine Street,Condamine Street,Manly Vale,Warringah,2024-08-07,1,63.0,50.0,13.0,26.0,increase,0,0,minor_anomaly,unexplained_no_context,Station: Condamine Street. Road: Condamine Street. Suburb: Manly Vale. Date: 2024-08-07. Hour: 1. Traffic volume: 63.0. Expected volume: 50.0. Traffic change: 26.0%. Rain: 0.0 mm. Weather: no_rain+very_humid. Crash count: 0. Event count within 3km: 0. Public holiday: 0. School holiday: 0.,"Classify the anomaly level for this traffic station context. Choose one: normal, minor_anomaly, major_anomaly.",minor_anomaly,Observed traffic is 26.0% different from the expected baseline. Main reason: unexplained_no_context.
56888,34016,Condamine Street,Condamine Street,Manly Vale,Warringah,2024-11-28,14,2491.0,2158.0,333.0,15.430954587581095,no_change,3,2,normal,explained_by_rain_crash,Station: Condamine Street. Road: Condamine Street. Suburb: Manly Vale. Date: 2024-11-28. Hour: 14. Traffic volume: 2491.0. Expected volume: 2158.0. Traffic change: 15.4%. Rain: 0.1 mm. Weather: no_rain+overcast. Crash count: 1. Event count within 3km: 0. Public holiday: 0. School holiday: 0.,"Classify the anomaly level for this traffic station context. Choose one: normal, minor_anomaly, major_anomaly.",normal,Observed traffic is 15.4% different from the expected baseline. Main reason: explained_by_rain_crash.
56888,34016,Condamine Street,Condamine Street,Manly Vale,Warringah,2024-06-25,7,2020.0,2023.0,-3.0,-0.14829461196243204,no_change,0,0,normal,no_deviation,Station: Condamine Street. Road: Condamine Street. Suburb: Manly Vale. Date: 2024-06-25. Hour: 7. Traffic volume: 2020.0. Expected volume: 2023.0. Traffic change: -0.1%. Rain: 0.0 mm. Weather: no_rain+very_humid. Crash count: 0. Event count within 3km: 0. Public holiday: 0. School holiday: 0.,"Classify the anomaly level for this traffic station context. Choose one: normal, minor_anomaly, major_anomaly.",normal,Observed traffic is -0.1% different from the expected baseline. Main reason: no_deviation.
56888,34016,Condamine Street,Condamine Street,Manly Vale,Warringah,2024-12-06,15,2348.0,2360.0,-12.0,-0.5084745762711864,no_change,0,0,normal,no_deviation,Station: Condamine Street. Road: Condamine Street. Suburb: Manly Vale. Date: 2024-12-06. Hour: 15. Traffic volume: 2348.0. Expected volume: 2360.0. Traffic change: -0.5%. Rain: 0.0 mm. Weather: no_rain+very_humid. Crash count: 0. Event count within 3km: 0. Public holiday: 0. School holiday: 0.,"Classify the anomaly level for this traffic station context. Choose one: normal, minor_anomaly, major_anomaly.",normal,Observed traffic is -0.5% different from the expected baseline. Main reason: no_deviation.
56891,34028,Burnt Bridge Creek Deviation,Burnt Bridge Creek Deviation,Balgowlah,Manly,2022-06-10,5,267.0,629.0,-362.0,-57.5516693163752,decrease,0,0,major_anomaly,unexplained_no_context,Station: Burnt Bridge Creek Deviation. Road: Burnt Bridge Creek Deviation. Suburb: Balgowlah. Date: 2022-06-10. Hour: 5. Traffic volume: 267.0. Expected volume: 629.0. Traffic change: -57.6%. Rain: 0.0 mm. Weather: no_rain. Crash count: 0. Event count within 3km: 0. Public holiday: 0. School holiday: 0.,"Classify the anomaly level for this traffic station context. Choose one: normal, minor_anomaly, major_anomaly.",major_anomaly,Observed traffic is -57.6% different from the expected baseline. Main reason: unexplained_no_context.
56891,34028,Burnt Bridge Creek Deviation,Burnt Bridge Creek Deviation,Balgowlah,Manly,2022-05-06,1,63.0,39.0,24.0,61.53846153846154,increase,1,1,major_anomaly,unexplained_beyond_rain,Station: Burnt Bridge Creek Deviation. Road: Burnt Bridge Creek Deviation. Suburb: Balgowlah. Date: 2022-05-06. Hour: 1. Traffic volume: 63.0. Expected volume: 39.0. Traffic change: 61.5%. Rain: 0.3 mm. Weather: light_rain+very_humid. Crash count: 0. Event count within 3km: 0. Public holiday: 0. School holiday: 0.,"Classify the anomaly level for this traffic station context. Choose one: normal, minor_anomaly, major_anomaly.",major_anomaly,Observed traffic is 61.5% different from the expected baseline. Main reason: unexplained_beyond_rain.
56891,34028,Burnt Bridge Creek Deviation,Burnt Bridge Creek Deviation,Balgowlah,Manly,2023-01-28,1,69.0,137.0,-68.0,-49.63503649635037,decrease,0,0,major_anomaly,unexplained_no_context,Station: Burnt Bridge Creek Deviation. Road: Burnt Bridge Creek Deviation. Suburb: Balgowlah. Date: 2023-01-28. Hour: 1. Traffic volume: 69.0. Expected volume: 137.0. Traffic change: -49.6%. Rain: 0.0 mm. Weather: no_rain+very_humid. Crash count: 0. Event count within 3km: 0. Public holiday: 0. School holiday: 0.,"Classify the anomaly level for this traffic station context. Choose one: normal, minor_anomaly, major_anomaly.",major_anomaly,Observed traffic is -49.6% different from the expected baseline. Main reason: unexplained_no_context.
56891,34028,Burnt Bridge Creek Deviation,Burnt Bridge Creek Deviation,Balgowlah,Manly,2023-02-05,21,296.0,413.0,-117.0,-28.329297820823246,decrease,1,1,minor_anomaly,unexplained_beyond_crash,Station: Burnt Bridge Creek Deviation. Road: Burnt Bridge Creek Deviation. Suburb: Balgowlah. Date: 2023-02-05. Hour: 21. Traffic volume: 296.0. Expected volume: 413.0. Traffic change: -28.3%. Rain: 0.0 mm. Weather: no_rain+overcast. Crash count: 1. Event count within 3km: 0. Public holiday: 0. School holiday: 0.,"Classify the anomaly level for this traffic station context. Choose one: normal, minor_anomaly, major_anomaly.",minor_anomaly,Observed traffic is -28.3% different from the expected baseline. Main reason: unexplained_beyond_crash.
56891,34028,Burnt Bridge Creek Deviation,Burnt Bridge Creek Deviation,Balgowlah,Manly,2023-01-09,19,394.0,648.0,-254.0,-39.19753086419753,decrease,2,1,minor_anomaly,unexplained_beyond_crash,Station: Burnt Bridge Creek Deviation. Road: Burnt Bridge Creek Deviation. Suburb: Balgowlah. Date: 2023-01-09. Hour: 19. Traffic volume: 394.0. Expected volume: 648.0. Traffic change: -39.2%. Rain: 0.0 mm. Weather: no_rain. Crash count: 2. Event count within 3km: 0. Public holiday: 0. School holiday: 0.,"Classify the anomaly level for this traffic station context. Choose one: normal, minor_anomaly, major_anomaly.",minor_anomaly,Observed traffic is -39.2% different from the expected baseline. Main reason: unexplained_beyond_crash.
56891,34028,Burnt Bridge Creek Deviation,Burnt Bridge Creek Deviation,Balgowlah,Manly,2024-02-23,17,1050.0,1382.0,-332.0,-24.02315484804631,decrease,2,1,minor_anomaly,unexplained_beyond_crash,Station: Burnt Bridge Creek Deviation. Road: Burnt Bridge Creek Deviation. Suburb: Balgowlah. Date: 2024-02-23. Hour: 17. Traffic volume: 1050.0. Expected volume: 1382.0. Traffic change: -24.0%. Rain: 0.0 mm. Weather: no_rain+hot+overcast. Crash count: 2. Event count within 3km: 0. Public holiday: 0. School holiday: 0.,"Classify the anomaly level for this traffic station context. Choose one: normal, minor_anomaly, major_anomaly.",minor_anomaly,Observed traffic is -24.0% different from the expected baseline. Main reason: unexplained_beyond_crash.
56891,34028,Burnt Bridge Creek Deviation,Burnt Bridge Creek Deviation,Balgowlah,Manly,2022-07-17,21,327.0,413.0,-86.0,-20.823244552058114,decrease,2,1,normal,explained_by_crash,Station: Burnt Bridge Creek Deviation. Road: Burnt Bridge Creek Deviation. Suburb: Balgowlah. Date: 2022-07-17. Hour: 21. Traffic volume: 327.0. Expected volume: 413.0. Traffic change: -20.8%. Rain: 0.0 mm. Weather: no_rain. Crash count: 1. Event count within 3km: 0. Public holiday: 0. School holiday: 0.,"Classify the anomaly level for this traffic station context. Choose one: normal, minor_anomaly, major_anomaly.",normal,Observed traffic is -20.8% different from the expected baseline. Main reason: explained_by_crash.
56891,34028,Burnt Bridge Creek Deviation,Burnt Bridge Creek Deviation,Balgowlah,Manly,2024-03-20,19,679.0,648.0,31.0,4.78395061728395,no_change,2,2,normal,explained_by_crash_strong_wind,Station: Burnt Bridge Creek Deviation. Road: Burnt Bridge Creek Deviation. Suburb: Balgowlah. Date: 2024-03-20. Hour: 19. Traffic volume: 679.0. Expected volume: 648.0. Traffic change: 4.8%. Rain: 0.0 mm. Weather: no_rain+strong_wind+overcast. Crash count: 1. Event count within 3km: 0. Public holiday: 0. School holiday: 0.,"Classify the anomaly level for this traffic station context. Choose one: normal, minor_anomaly, major_anomaly.",normal,Observed traffic is 4.8% different from the expected baseline. Main reason: explained_by_crash_strong_wind.
56891,34028,Burnt Bridge Creek Deviation,Burnt Bridge Creek Deviation,Balgowlah,Manly,2022-02-19,18,603.0,649.5,-46.5,-7.159353348729793,no_change,0,0,normal,no_deviation,Station: Burnt Bridge Creek Deviation. Road: Burnt Bridge Creek Deviation. Suburb: Balgowlah. Date: 2022-02-19. Hour: 18. Traffic volume: 603.0. Expected volume: 649.5. Traffic change: -7.2%. Rain: 0.0 mm. Weather: no_rain+overcast. Crash count: 0. Event count within 3km: 0. Public holiday: 0. School holiday: 0.,"Classify the anomaly level for this traffic station context. Choose one: normal, minor_anomaly, major_anomaly.",normal,Observed traffic is -7.2% different from the expected baseline. Main reason: no_deviation.
56896,36002,Taren Point Road,Taren Point Road,Taren Point,Sutherland,2022-08-17,0,117.0,179.0,-62.0,-34.63687150837989,decrease,0,0,major_anomaly,unexplained_no_context,Station: Taren Point Road. Road: Taren Point Road. Suburb: Taren Point. Date: 2022-08-17. Hour: 0. Traffic volume: 117.0. Expected volume: 179.0. Traffic change: -34.6%. Rain: 0.0 mm. Weather: no_rain. Crash count: 0. Event count within 3km: 0. Public holiday: 0. School holiday: 0.,"Classify the anomaly level for this traffic station context. Choose one: normal, minor_anomaly, major_anomaly.",major_anomaly,Observed traffic is -34.6% different from the expected baseline. Main reason: unexplained_no_context.
56896,36002,Taren Point Road,Taren Point Road,Taren Point,Sutherland,2022-04-30,23,994.0,540.5,453.5,83.90379278445883,increase,0,0,major_anomaly,unexplained_no_context,Station: Taren Point Road. Road: Taren Point Road. Suburb: Taren Point. Date: 2022-04-30. Hour: 23. Traffic volume: 994.0. Expected volume: 540.5. Traffic change: 83.9%. Rain: 0.0 mm. Weather: no_rain. Crash count: 0. Event count within 3km: 0. Public holiday: 0. School holiday: 0.,"Classify the anomaly level for this traffic station context. Choose one: normal, minor_anomaly, major_anomaly.",major_anomaly,Observed traffic is 83.9% different from the expected baseline. Main reason: unexplained_no_context.
56896,36002,Taren Point Road,Taren Point Road,Taren Point,Sutherland,2022-01-26,7,1293.0,3756.0,-2463.0,-65.57507987220448,decrease,0,0,major_anomaly,unexplained_no_context,Station: Taren Point Road. Road: Taren Point Road. Suburb: Taren Point. Date: 2022-01-26. Hour: 7. Traffic volume: 1293.0. Expected volume: 3756.0. Traffic change: -65.6%. Rain: 0.0 mm. Weather: no_rain. Crash count: 0. Event count within 3km: 0. Public holiday: 0. School holiday: 0.,"Classify the anomaly level for this traffic station context. Choose one: normal, minor_anomaly, major_anomaly.",major_anomaly,Observed traffic is -65.6% different from the expected baseline. Main reason: unexplained_no_context.
56896,36002,Taren Point Road,Taren Point Road,Taren Point,Sutherland,2022-05-06,13,3714.0,3019.0,695.0,23.02086783703213,increase,0,0,minor_anomaly,unexplained_no_context,Station: Taren Point Road. Road: Taren Point Road. Suburb: Taren Point. Date: 2022-05-06. Hour: 13. Traffic volume: 3714.0. Expected volume: 3019.0. Traffic change: 23.0%. Rain: 0.0 mm. Weather: no_rain. Crash count: 0. Event count within 3km: 0. Public holiday: 0. School holiday: 0.,"Classify the anomaly level for this traffic station context. Choose one: normal, minor_anomaly, major_anomaly.",minor_anomaly,Observed traffic is 23.0% different from the expected baseline. Main reason: unexplained_no_context.
56896,36002,Taren Point Road,Taren Point Road,Taren Point,Sutherland,2022-09-12,20,979.0,1293.5,-314.5,-24.313877077696173,decrease,0,0,minor_anomaly,unexplained_no_context,Station: Taren Point Road. Road: Taren Point Road. Suburb: Taren Point. Date: 2022-09-12. Hour: 20. Traffic volume: 979.0. Expected volume: 1293.5. Traffic change: -24.3%. Rain: 0.0 mm. Weather: no_rain. Crash count: 0. Event count within 3km: 0. Public holiday: 0. School holiday: 0.,"Classify the anomaly level for this traffic station context. Choose one: normal, minor_anomaly, major_anomaly.",minor_anomaly,Observed traffic is -24.3% different from the expected baseline. Main reason: unexplained_no_context.
56896,36002,Taren Point Road,Taren Point Road,Taren Point,Sutherland,2022-08-07,17,2150.0,2589.5,-439.5,-16.97238849198687,no_change,0,0,minor_anomaly,unexplained_no_context,Station: Taren Point Road. Road: Taren Point Road. Suburb: Taren Point. Date: 2022-08-07. Hour: 17. Traffic volume: 2150.0. Expected volume: 2589.5. Traffic change: -17.0%. Rain: 0.0 mm. Weather: no_rain. Crash count: 0. Event count within 3km: 0. Public holiday: 0. School holiday: 0.,"Classify the anomaly level for this traffic station context. Choose one: normal, minor_anomaly, major_anomaly.",minor_anomaly,Observed traffic is -17.0% different from the expected baseline. Main reason: unexplained_no_context.
56896,36002,Taren Point Road,Taren Point Road,Taren Point,Sutherland,2022-09-07,16,4357.0,4375.5,-18.5,-0.4228088218489316,no_change,2,1,normal,explained_by_crash,Station: Taren Point Road. Road: Taren Point Road. Suburb: Taren Point. Date: 2022-09-07. Hour: 16. Traffic volume: 4357.0. Expected volume: 4375.5. Traffic change: -0.4%. Rain: 0.0 mm. Weather: no_rain+overcast. Crash count: 2. Event count within 3km: 0. Public holiday: 0. School holiday: 0.,"Classify the anomaly level for this traffic station context. Choose one: normal, minor_anomaly, major_anomaly.",normal,Observed traffic is -0.4% different from the expected baseline. Main reason: explained_by_crash.
56896,36002,Taren Point Road,Taren Point Road,Taren Point,Sutherland,2022-11-20,18,1796.0,1948.5,-152.5,-7.826533230690274,no_change,0,0,normal,no_deviation,Station: Taren Point Road. Road: Taren Point Road. Suburb: Taren Point. Date: 2022-11-20. Hour: 18. Traffic volume: 1796.0. Expected volume: 1948.5. Traffic change: -7.8%. Rain: 0.0 mm. Weather: no_rain. Crash count: 0. Event count within 3km: 0. Public holiday: 0. School holiday: 0.,"Classify the anomaly level for this traffic station context. Choose one: normal, minor_anomaly, major_anomaly.",normal,Observed traffic is -7.8% different from the expected baseline. Main reason: no_deviation.
56896,36002,Taren Point Road,Taren Point Road,Taren Point,Sutherland,2022-08-15,8,3326.0,3622.0,-296.0,-8.172280508006628,no_change,2,1,normal,explained_by_crash,Station: Taren Point Road. Road: Taren Point Road. Suburb: Taren Point. Date: 2022-08-15. Hour: 8. Traffic volume: 3326.0. Expected volume: 3622.0. Traffic change: -8.2%. Rain: 0.0 mm. Weather: no_rain. Crash count: 3. Event count within 3km: 0. Public holiday: 0. School holiday: 0.,"Classify the anomaly level for this traffic station context. Choose one: normal, minor_anomaly, major_anomaly.",normal,Observed traffic is -8.2% different from the expected baseline. Main reason: explained_by_crash.
56918,37022,Heathcote Road,Heathcote Road,Engadine,Sutherland,2022-05-08,21,3.0,134.0,-131.0,-97.76119402985076,decrease,0,0,major_anomaly,unexplained_no_context,Station: Heathcote Road. Road: Heathcote Road. Suburb: Engadine. Date: 2022-05-08. Hour: 21. Traffic volume: 3.0. Expected volume: 134.0. Traffic change: -97.8%. Rain: 0.0 mm. Weather: no_rain+very_humid. Crash count: 0. Event count within 3km: 0. Public holiday: 0. School holiday: 0.,"Classify the anomaly level for this traffic station context. Choose one: normal, minor_anomaly, major_anomaly.",major_anomaly,Observed traffic is -97.8% different from the expected baseline. Main reason: unexplained_no_context.
56918,37022,Heathcote Road,Heathcote Road,Engadine,Sutherland,2022-02-13,8,431.0,326.0,105.0,32.20858895705521,increase,0,0,major_anomaly,unexplained_no_context,Station: Heathcote Road. Road: Heathcote Road. Suburb: Engadine. Date: 2022-02-13. Hour: 8. Traffic volume: 431.0. Expected volume: 326.0. Traffic change: 32.2%. Rain: 0.0 mm. Weather: no_rain+very_humid. Crash count: 0. Event count within 3km: 0. Public holiday: 0. School holiday: 0.,"Classify the anomaly level for this traffic station context. Choose one: normal, minor_anomaly, major_anomaly.",major_anomaly,Observed traffic is 32.2% different from the expected baseline. Main reason: unexplained_no_context.
56918,37022,Heathcote Road,Heathcote Road,Engadine,Sutherland,2022-08-29,10,163.0,428.0,-265.0,-61.915887850467286,decrease,0,0,major_anomaly,unexplained_no_context,Station: Heathcote Road. Road: Heathcote Road. Suburb: Engadine. Date: 2022-08-29. Hour: 10. Traffic volume: 163.0. Expected volume: 428.0. Traffic change: -61.9%. Rain: 0.0 mm. Weather: no_rain+very_humid+overcast. Crash count: 0. Event count within 3km: 0. Public holiday: 0. School holiday: 0.,"Classify the anomaly level for this traffic station context. Choose one: normal, minor_anomaly, major_anomaly.",major_anomaly,Observed traffic is -61.9% different from the expected baseline. Main reason: unexplained_no_context.
56918,37022,Heathcote Road,Heathcote Road,Engadine,Sutherland,2022-02-12,5,66.0,104.0,-38.0,-36.53846153846153,decrease,1,1,minor_anomaly,unexplained_beyond_rain,Station: Heathcote Road. Road: Heathcote Road. Suburb: Engadine. Date: 2022-02-12. Hour: 5. Traffic volume: 66.0. Expected volume: 104.0. Traffic change: -36.5%. Rain: 0.2 mm. Weather: light_rain+very_humid. Crash count: 0. Event count within 3km: 0. Public holiday: 0. School holiday: 0.,"Classify the anomaly level for this traffic station context. Choose one: normal, minor_anomaly, major_anomaly.",minor_anomaly,Observed traffic is -36.5% different from the expected baseline. Main reason: unexplained_beyond_rain.
56918,37022,Heathcote Road,Heathcote Road,Engadine,Sutherland,2022-09-05,11,228.0,297.5,-69.5,-23.361344537815125,decrease,1,1,minor_anomaly,unexplained_beyond_rain,Station: Heathcote Road. Road: Heathcote Road. Suburb: Engadine. Date: 2022-09-05. Hour: 11. Traffic volume: 228.0. Expected volume: 297.5. Traffic change: -23.4%. Rain: 0.3 mm. Weather: light_rain. Crash count: 0. Event count within 3km: 0. Public holiday: 0. School holiday: 0.,"Classify the anomaly level for this traffic station context. Choose one: normal, minor_anomaly, major_anomaly.",minor_anomaly,Observed traffic is -23.4% different from the expected baseline. Main reason: unexplained_beyond_rain.
56918,37022,Heathcote Road,Heathcote Road,Engadine,Sutherland,2022-03-02,9,362.0,544.5,-182.5,-33.51698806244261,decrease,3,2,minor_anomaly,unexplained_beyond_rain_crash,Station: Heathcote Road. Road: Heathcote Road. Suburb: Engadine. Date: 2022-03-02. Hour: 9. Traffic volume: 362.0. Expected volume: 544.5. Traffic change: -33.5%. Rain: 1.0 mm. Weather: light_rain+very_humid+overcast. Crash count: 1. Event count within 3km: 0. Public holiday: 0. School holiday: 0.,"Classify the anomaly level for this traffic station context. Choose one: normal, minor_anomaly, major_anomaly.",minor_anomaly,Observed traffic is -33.5% different from the expected baseline. Main reason: unexplained_beyond_rain_crash.
56918,37022,Heathcote Road,Heathcote Road,Engadine,Sutherland,2022-06-20,7,1204.0,1123.5,80.5,7.165109034267912,no_change,0,0,normal,no_deviation,Station: Heathcote Road. Road: Heathcote Road. Suburb: Engadine. Date: 2022-06-20. Hour: 7. Traffic volume: 1204.0. Expected volume: 1123.5. Traffic change: 7.2%. Rain: 0.0 mm. Weather: no_rain+very_humid+overcast. Crash count: 0. Event count within 3km: 0. Public holiday: 0. School holiday: 0.,"Classify the anomaly level for this traffic station context. Choose one: normal, minor_anomaly, major_anomaly.",normal,Observed traffic is 7.2% different from the expected baseline. Main reason: no_deviation.
56918,37022,Heathcote Road,Heathcote Road,Engadine,Sutherland,2022-05-16,5,694.0,675.0,19.0,2.814814814814815,no_change,0,0,normal,no_deviation,Station: Heathcote Road. Road: Heathcote Road. Suburb: Engadine. Date: 2022-05-16. Hour: 5. Traffic volume: 694.0. Expected volume: 675.0. Traffic change: 2.8%. Rain: 0.0 mm. Weather: no_rain+very_humid. Crash count: 0. Event count within 3km: 0. Public holiday: 0. School holiday: 0.,"Classify the anomaly level for this traffic station context. Choose one: normal, minor_anomaly, major_anomaly.",normal,Observed traffic is 2.8% different from the expected baseline. Main reason: no_deviation.
56918,37022,Heathcote Road,Heathcote Road,Engadine,Sutherland,2022-08-31,6,1221.0,1046.0,175.0,16.730401529636712,no_change,2,1,normal,explained_by_crash,Station: Heathcote Road. Road: Heathcote Road. Suburb: Engadine. Date: 2022-08-31. Hour: 6. Traffic volume: 1221.0. Expected volume: 1046.0. Traffic change: 16.7%. Rain: 0.0 mm. Weather: no_rain+very_humid. Crash count: 1. Event count within 3km: 0. Public holiday: 0. School holiday: 0.,"Classify the anomaly level for this traffic station context. Choose one: normal, minor_anomaly, major_anomaly.",normal,Observed traffic is 16.7% different from the expected baseline. Main reason: explained_by_crash.
56927,40041,King Georges Road,King Georges Road,Blakehurst,Kogarah,2023-12-26,7,630.0,3000.0,-2370.0,-79.0,decrease,2,1,major_anomaly,unexplained_beyond_crash,Station: King Georges Road. Road: King Georges Road. Suburb: Blakehurst. Date: 2023-12-26. Hour: 7. Traffic volume: 630.0. Expected volume: 3000.0. Traffic change: -79.0%. Rain: 0.0 mm. Weather: no_rain+very_humid. Crash count: 2. Event count within 3km: 0. Public holiday: 0. School holiday: 0.,"Classify the anomaly level for this traffic station context. Choose one: normal, minor_anomaly, major_anomaly.",major_anomaly,Observed traffic is -79.0% different from the expected baseline. Main reason: unexplained_beyond_crash.
56927,40041,King Georges Road,King Georges Road,Blakehurst,Kogarah,2024-02-05,0,105.0,208.0,-103.0,-49.519230769230774,decrease,1,1,major_anomaly,unexplained_beyond_school_holiday,Station: King Georges Road. Road: King Georges Road. Suburb: Blakehurst. Date: 2024-02-05. Hour: 0. Traffic volume: 105.0. Expected volume: 208.0. Traffic change: -49.5%. Rain: 0.0 mm. Weather: no_rain+very_humid. Crash count: 0. Event count within 3km: 0. Public holiday: 0. School holiday: 1.,"Classify the anomaly level for this traffic station context. Choose one: normal, minor_anomaly, major_anomaly.",major_anomaly,Observed traffic is -49.5% different from the expected baseline. Main reason: unexplained_beyond_school_holiday.
56927,40041,King Georges Road,King Georges Road,Blakehurst,Kogarah,2022-04-25,22,165.0,744.0,-579.0,-77.82258064516128,decrease,1,1,major_anomaly,unexplained_beyond_crash,Station: King Georges Road. Road: King Georges Road. Suburb: Blakehurst. Date: 2022-04-25. Hour: 22. Traffic volume: 165.0. Expected volume: 744.0. Traffic change: -77.8%. Rain: 0.0 mm. Weather: no_rain+very_humid+overcast. Crash count: 1. Event count within 3km: 0. Public holiday: 0. School holiday: 0.,"Classify the anomaly level for this traffic station context. Choose one: normal, minor_anomaly, major_anomaly.",major_anomaly,Observed traffic is -77.8% different from the expected baseline. Main reason: unexplained_beyond_crash.
56927,40041,King Georges Road,King Georges Road,Blakehurst,Kogarah,2023-09-29,1,179.0,152.0,27.0,17.763157894736842,no_change,0,0,minor_anomaly,unexplained_no_context,Station: King Georges Road. Road: King Georges Road. Suburb: Blakehurst. Date: 2023-09-29. Hour: 1. Traffic volume: 179.0. Expected volume: 152.0. Traffic change: 17.8%. Rain: 0.0 mm. Weather: no_rain+very_humid. Crash count: 0. Event count within 3km: 0. Public holiday: 0. School holiday: 0.,"Classify the anomaly level for this traffic station context. Choose one: normal, minor_anomaly, major_anomaly.",minor_anomaly,Observed traffic is 17.8% different from the expected baseline. Main reason: unexplained_no_context.
56927,40041,King Georges Road,King Georges Road,Blakehurst,Kogarah,2022-09-19,3,157.0,198.0,-41.0,-20.707070707070706,decrease,0,0,minor_anomaly,unexplained_no_context,Station: King Georges Road. Road: King Georges Road. Suburb: Blakehurst. Date: 2022-09-19. Hour: 3. Traffic volume: 157.0. Expected volume: 198.0. Traffic change: -20.7%. Rain: 0.0 mm. Weather: no_rain. Crash count: 0. Event count within 3km: 0. Public holiday: 0. School holiday: 0.,"Classify the anomaly level for this traffic station context. Choose one: normal, minor_anomaly, major_anomaly.",minor_anomaly,Observed traffic is -20.7% different from the expected baseline. Main reason: unexplained_no_context.
56927,40041,King Georges Road,King Georges Road,Blakehurst,Kogarah,2022-01-26,1,189.0,152.0,37.0,24.342105263157894,increase,2,1,minor_anomaly,unexplained_beyond_crash,Station: King Georges Road. Road: King Georges Road. Suburb: Blakehurst. Date: 2022-01-26. Hour: 1. Traffic volume: 189.0. Expected volume: 152.0. Traffic change: 24.3%. Rain: 0.0 mm. Weather: no_rain+very_humid+overcast. Crash count: 1. Event count within 3km: 0. Public holiday: 0. School holiday: 0.,"Classify the anomaly level for this traffic station context. Choose one: normal, minor_anomaly, major_anomaly.",minor_anomaly,Observed traffic is 24.3% different from the expected baseline. Main reason: unexplained_beyond_crash.
56927,40041,King Georges Road,King Georges Road,Blakehurst,Kogarah,2022-10-07,8,2628.0,2810.0,-182.0,-6.476868327402135,no_change,2,1,normal,explained_by_crash,Station: King Georges Road. Road: King Georges Road. Suburb: Blakehurst. Date: 2022-10-07. Hour: 8. Traffic volume: 2628.0. Expected volume: 2810.0. Traffic change: -6.5%. Rain: 0.0 mm. Weather: no_rain+very_humid. Crash count: 3. Event count within 3km: 0. Public holiday: 0. School holiday: 0.,"Classify the anomaly level for this traffic station context. Choose one: normal, minor_anomaly, major_anomaly.",normal,Observed traffic is -6.5% different from the expected baseline. Main reason: explained_by_crash.
56927,40041,King Georges Road,King Georges Road,Blakehurst,Kogarah,2023-10-09,6,2933.0,2599.0,334.0,12.851096575606002,no_change,2,1,normal,explained_by_crash,Station: King Georges Road. Road: King Georges Road. Suburb: Blakehurst. Date: 2023-10-09. Hour: 6. Traffic volume: 2933.0. Expected volume: 2599.0. Traffic change: 12.9%. Rain: 0.0 mm. Weather: no_rain+very_humid. Crash count: 1. Event count within 3km: 0. Public holiday: 0. School holiday: 0.,"Classify the anomaly level for this traffic station context. Choose one: normal, minor_anomaly, major_anomaly.",normal,Observed traffic is 12.9% different from the expected baseline. Main reason: explained_by_crash.
56927,40041,King Georges Road,King Georges Road,Blakehurst,Kogarah,2022-10-09,1,239.0,293.5,-54.5,-18.56899488926746,no_change,1,1,normal,explained_by_rain,Station: King Georges Road. Road: King Georges Road. Suburb: Blakehurst. Date: 2022-10-09. Hour: 1. Traffic volume: 239.0. Expected volume: 293.5. Traffic change: -18.6%. Rain: 1.8 mm. Weather: light_rain+very_humid+overcast. Crash count: 0. Event count within 3km: 0. Public holiday: 0. School holiday: 0.,"Classify the anomaly level for this traffic station context. Choose one: normal, minor_anomaly, major_anomaly.",normal,Observed traffic is -18.6% different from the expected baseline. Main reason: explained_by_rain.
56949,41154,Stoney Creek Road,Stoney Creek Road,Beverly Hills,Hurstville,2022-01-04,2,569.0,245.0,324.0,132.24489795918367,increase,0,0,major_anomaly,unexplained_no_context,Station: Stoney Creek Road. Road: Stoney Creek Road. Suburb: Beverly Hills. Date: 2022-01-04. Hour: 2. Traffic volume: 569.0. Expected volume: 245.0. Traffic change: 132.2%. Rain: 0.0 mm. Weather: no_rain+very_humid. Crash count: 0. Event count within 3km: 0. Public holiday: 0. School holiday: 0.,"Classify the anomaly level for this traffic station context. Choose one: normal, minor_anomaly, major_anomaly.",major_anomaly,Observed traffic is 132.2% different from the expected baseline. Main reason: unexplained_no_context.
56949,41154,Stoney Creek Road,Stoney Creek Road,Beverly Hills,Hurstville,2022-01-03,7,731.0,1326.0,-595.0,-44.871794871794876,decrease,2,1,major_anomaly,unexplained_beyond_crash,Station: Stoney Creek Road. Road: Stoney Creek Road. Suburb: Beverly Hills. Date: 2022-01-03. Hour: 7. Traffic volume: 731.0. Expected volume: 1326.0. Traffic change: -44.9%. Rain: 0.0 mm. Weather: no_rain. Crash count: 1. Event count within 3km: 0. Public holiday: 0. School holiday: 0.,"Classify the anomaly level for this traffic station context. Choose one: normal, minor_anomaly, major_anomaly.",major_anomaly,Observed traffic is -44.9% different from the expected baseline. Main reason: unexplained_beyond_crash.
56949,41154,Stoney Creek Road,Stoney Creek Road,Beverly Hills,Hurstville,2022-01-01,1,1090.0,697.0,393.0,56.3845050215208,increase,2,1,major_anomaly,unexplained_beyond_crash,Station: Stoney Creek Road. Road: Stoney Creek Road. Suburb: Beverly Hills. Date: 2022-01-01. Hour: 1. Traffic volume: 1090.0. Expected volume: 697.0. Traffic change: 56.4%. Rain: 0.0 mm. Weather: no_rain. Crash count: 1. Event count within 3km: 0. Public holiday: 0. School holiday: 0.,"Classify the anomaly level for this traffic station context. Choose one: normal, minor_anomaly, major_anomaly.",major_anomaly,Observed traffic is 56.4% different from the expected baseline. Main reason: unexplained_beyond_crash.
56949,41154,Stoney Creek Road,Stoney Creek Road,Beverly Hills,Hurstville,2022-01-02,2,404.0,544.5,-140.5,-25.803489439853077,decrease,0,0,minor_anomaly,unexplained_no_context,Station: Stoney Creek Road. Road: Stoney Creek Road. Suburb: Beverly Hills. Date: 2022-01-02. Hour: 2. Traffic volume: 404.0. Expected volume: 544.5. Traffic change: -25.8%. Rain: 0.0 mm. Weather: no_rain+very_humid. Crash count: 0. Event count within 3km: 0. Public holiday: 0. School holiday: 0.,"Classify the anomaly level for this traffic station context. Choose one: normal, minor_anomaly, major_anomaly.",minor_anomaly,Observed traffic is -25.8% different from the expected baseline. Main reason: unexplained_no_context.
56949,41154,Stoney Creek Road,Stoney Creek Road,Beverly Hills,Hurstville,2022-01-01,0,1132.0,857.5,274.5,32.011661807580175,increase,2,1,minor_anomaly,unexplained_beyond_crash,Station: Stoney Creek Road. Road: Stoney Creek Road. Suburb: Beverly Hills. Date: 2022-01-01. Hour: 0. Traffic volume: 1132.0. Expected volume: 857.5. Traffic change: 32.0%. Rain: 0.0 mm. Weather: no_rain. Crash count: 1. Event count within 3km: 0. Public holiday: 0. School holiday: 0.,"Classify the anomaly level for this traffic station context. Choose one: normal, minor_anomaly, major_anomaly.",minor_anomaly,Observed traffic is 32.0% different from the expected baseline. Main reason: unexplained_beyond_crash.
56949,41154,Stoney Creek Road,Stoney Creek Road,Beverly Hills,Hurstville,2022-01-03,8,888.0,1303.0,-415.0,-31.849577897160398,decrease,2,1,minor_anomaly,unexplained_beyond_crash,Station: Stoney Creek Road. Road: Stoney Creek Road. Suburb: Beverly Hills. Date: 2022-01-03. Hour: 8. Traffic volume: 888.0. Expected volume: 1303.0. Traffic change: -31.8%. Rain: 0.0 mm. Weather: no_rain. Crash count: 2. Event count within 3km: 0. Public holiday: 0. School holiday: 0.,"Classify the anomaly level for this traffic station context. Choose one: normal, minor_anomaly, major_anomaly.",minor_anomaly,Observed traffic is -31.8% different from the expected baseline. Main reason: unexplained_beyond_crash.
56949,41154,Stoney Creek Road,Stoney Creek Road,Beverly Hills,Hurstville,2022-01-04,12,1727.0,1613.0,114.0,7.067575945443274,no_change,2,1,normal,explained_by_crash,Station: Stoney Creek Road. Road: Stoney Creek Road. Suburb: Beverly Hills. Date: 2022-01-04. Hour: 12. Traffic volume: 1727.0. Expected volume: 1613.0. Traffic change: 7.1%. Rain: 0.0 mm. Weather: no_rain. Crash count: 3. Event count within 3km: 0. Public holiday: 0. School holiday: 0.,"Classify the anomaly level for this traffic station context. Choose one: normal, minor_anomaly, major_anomaly.",normal,Observed traffic is 7.1% different from the expected baseline. Main reason: explained_by_crash.
56949,41154,Stoney Creek Road,Stoney Creek Road,Beverly Hills,Hurstville,2022-01-03,12,1613.0,1613.0,0.0,0.0,no_change,2,1,normal,explained_by_crash,Station: Stoney Creek Road. Road: Stoney Creek Road. Suburb: Beverly Hills. Date: 2022-01-03. Hour: 12. Traffic volume: 1613.0. Expected volume: 1613.0. Traffic change: 0.0%. Rain: 0.0 mm. Weather: no_rain. Crash count: 5. Event count within 3km: 0. Public holiday: 0. School holiday: 0.,"Classify the anomaly level for this traffic station context. Choose one: normal, minor_anomaly, major_anomaly.",normal,Observed traffic is 0.0% different from the expected baseline. Main reason: explained_by_crash.
56949,41154,Stoney Creek Road,Stoney Creek Road,Beverly Hills,Hurstville,2022-01-05,20,1166.0,1275.0,-109.0,-8.549019607843137,no_change,3,2,normal,explained_by_rain_crash,Station: Stoney Creek Road. Road: Stoney Creek Road. Suburb: Beverly Hills. Date: 2022-01-05. Hour: 20. Traffic volume: 1166.0. Expected volume: 1275.0. Traffic change: -8.5%. Rain: 0.1 mm. Weather: no_rain+very_humid. Crash count: 1. Event count within 3km: 0. Public holiday: 0. School holiday: 0.,"Classify the anomaly level for this traffic station context. Choose one: normal, minor_anomaly, major_anomaly.",normal,Observed traffic is -8.5% different from the expected baseline. Main reason: explained_by_rain_crash.
56950,42001,Alfords Point Road,Alfords Point Road,Padstow Heights,Bankstown,2022-01-06,19,1030.0,1849.0,-819.0,-44.29421308815576,decrease,2,1,major_anomaly,unexplained_beyond_crash,Station: Alfords Point Road. Road: Alfords Point Road. Suburb: Padstow Heights. Date: 2022-01-06. Hour: 19. Traffic volume: 1030.0. Expected volume: 1849.0. Traffic change: -44.3%. Rain: 0.0 mm. Weather: no_rain+overcast. Crash count: 2. Event count within 3km: 0. Public holiday: 0. School holiday: 0.,"Classify the anomaly level for this traffic station context. Choose one: normal, minor_anomaly, major_anomaly.",major_anomaly,Observed traffic is -44.3% different from the expected baseline. Main reason: unexplained_beyond_crash.
56950,42001,Alfords Point Road,Alfords Point Road,Padstow Heights,Bankstown,2022-05-08,0,711.0,507.0,204.0,40.23668639053255,increase,2,1,major_anomaly,unexplained_beyond_crash,Station: Alfords Point Road. Road: Alfords Point Road. Suburb: Padstow Heights. Date: 2022-05-08. Hour: 0. Traffic volume: 711.0. Expected volume: 507.0. Traffic change: 40.2%. Rain: 0.0 mm. Weather: no_rain+very_humid. Crash count: 2. Event count within 3km: 0. Public holiday: 0. School holiday: 0.,"Classify the anomaly level for this traffic station context. Choose one: normal, minor_anomaly, major_anomaly.",major_anomaly,Observed traffic is 40.2% different from the expected baseline. Main reason: unexplained_beyond_crash.
56950,42001,Alfords Point Road,Alfords Point Road,Padstow Heights,Bankstown,2022-10-09,11,734.0,3960.0,-3226.0,-81.46464646464646,decrease,2,1,major_anomaly,unexplained_beyond_crash,Station: Alfords Point Road. Road: Alfords Point Road. Suburb: Padstow Heights. Date: 2022-10-09. Hour: 11. Traffic volume: 734.0. Expected volume: 3960.0. Traffic change: -81.5%. Rain: 0.0 mm. Weather: no_rain+overcast. Crash count: 1. Event count within 3km: 0. Public holiday: 0. School holiday: 0.,"Classify the anomaly level for this traffic station context. Choose one: normal, minor_anomaly, major_anomaly.",major_anomaly,Observed traffic is -81.5% different from the expected baseline. Main reason: unexplained_beyond_crash.
56950,42001,Alfords Point Road,Alfords Point Road,Padstow Heights,Bankstown,2022-07-08,5,1779.0,2153.5,-374.5,-17.390294868818206,no_change,0,0,minor_anomaly,unexplained_no_context,Station: Alfords Point Road. Road: Alfords Point Road. Suburb: Padstow Heights. Date: 2022-07-08. Hour: 5. Traffic volume: 1779.0. Expected volume: 2153.5. Traffic change: -17.4%. Rain: 0.0 mm. Weather: no_rain. Crash count: 0. Event count within 3km: 0. Public holiday: 0. School holiday: 0.,"Classify the anomaly level for this traffic station context. Choose one: normal, minor_anomaly, major_anomaly.",minor_anomaly,Observed traffic is -17.4% different from the expected baseline. Main reason: unexplained_no_context.
56950,42001,Alfords Point Road,Alfords Point Road,Padstow Heights,Bankstown,2022-07-13,20,1075.0,1399.0,-324.0,-23.15939957112223,decrease,1,1,minor_anomaly,unexplained_beyond_crash,Station: Alfords Point Road. Road: Alfords Point Road. Suburb: Padstow Heights. Date: 2022-07-13. Hour: 20. Traffic volume: 1075.0. Expected volume: 1399.0. Traffic change: -23.2%. Rain: 0.0 mm. Weather: no_rain+overcast. Crash count: 1. Event count within 3km: 0. Public holiday: 0. School holiday: 0.,"Classify the anomaly level for this traffic station context. Choose one: normal, minor_anomaly, major_anomaly.",minor_anomaly,Observed traffic is -23.2% different from the expected baseline. Main reason: unexplained_beyond_crash.
56950,42001,Alfords Point Road,Alfords Point Road,Padstow Heights,Bankstown,2023-09-10,6,905.0,1277.5,-372.5,-29.158512720156555,decrease,0,0,minor_anomaly,unexplained_no_context,Station: Alfords Point Road. Road: Alfords Point Road. Suburb: Padstow Heights. Date: 2023-09-10. Hour: 6. Traffic volume: 905.0. Expected volume: 1277.5. Traffic change: -29.2%. Rain: 0.0 mm. Weather: no_rain. Crash count: 0. Event count within 3km: 0. Public holiday: 0. School holiday: 0.,"Classify the anomaly level for this traffic station context. Choose one: normal, minor_anomaly, major_anomaly.",minor_anomaly,Observed traffic is -29.2% different from the expected baseline. Main reason: unexplained_no_context.
56950,42001,Alfords Point Road,Alfords Point Road,Padstow Heights,Bankstown,2023-06-21,17,5374.0,4606.0,768.0,16.673903603994788,no_change,2,1,normal,explained_by_crash,Station: Alfords Point Road. Road: Alfords Point Road. Suburb: Padstow Heights. Date: 2023-06-21. Hour: 17. Traffic volume: 5374.0. Expected volume: 4606.0. Traffic change: 16.7%. Rain: 0.0 mm. Weather: no_rain. Crash count: 2. Event count within 3km: 0. Public holiday: 0. School holiday: 0.,"Classify the anomaly level for this traffic station context. Choose one: normal, minor_anomaly, major_anomaly.",normal,Observed traffic is 16.7% different from the expected baseline. Main reason: explained_by_crash.
56950,42001,Alfords Point Road,Alfords Point Road,Padstow Heights,Bankstown,2022-05-12,19,1905.0,1849.0,56.0,3.028664142779881,no_change,1,1,normal,explained_by_rain,Station: Alfords Point Road. Road: Alfords Point Road. Suburb: Padstow Heights. Date: 2022-05-12. Hour: 19. Traffic volume: 1905.0. Expected volume: 1849.0. Traffic change: 3.0%. Rain: 0.2 mm. Weather: light_rain+very_humid+overcast. Crash count: 0. Event count within 3km: 0. Public holiday: 0. School holiday: 0.,"Classify the anomaly level for this traffic station context. Choose one: normal, minor_anomaly, major_anomaly.",normal,Observed traffic is 3.0% different from the expected baseline. Main reason: explained_by_rain.
56950,42001,Alfords Point Road,Alfords Point Road,Padstow Heights,Bankstown,2022-06-27,17,4717.0,4606.0,111.0,2.409900130264872,no_change,1,1,normal,explained_by_crash,Station: Alfords Point Road. Road: Alfords Point Road. Suburb: Padstow Heights. Date: 2022-06-27. Hour: 17. Traffic volume: 4717.0. Expected volume: 4606.0. Traffic change: 2.4%. Rain: 0.0 mm. Weather: no_rain. Crash count: 1. Event count within 3km: 0. Public holiday: 0. School holiday: 0.,"Classify the anomaly level for this traffic station context. Choose one: normal, minor_anomaly, major_anomaly.",normal,Observed traffic is 2.4% different from the expected baseline. Main reason: explained_by_crash.
56973,43236,Fairford Road,Fairford Road,Bankstown,Bankstown,2022-01-29,7,1284.0,682.5,601.5,88.13186813186813,increase,0,0,major_anomaly,unexplained_no_context,Station: Fairford Road. Road: Fairford Road. Suburb: Bankstown. Date: 2022-01-29. Hour: 7. Traffic volume: 1284.0. Expected volume: 682.5. Traffic change: 88.1%. Rain: 0.0 mm. Weather: no_rain+very_humid+overcast. Crash count: 0. Event count within 3km: 0. Public holiday: 0. School holiday: 0.,"Classify the anomaly level for this traffic station context. Choose one: normal, minor_anomaly, major_anomaly.",major_anomaly,Observed traffic is 88.1% different from the expected baseline. Main reason: unexplained_no_context.
56973,43236,Fairford Road,Fairford Road,Bankstown,Bankstown,2022-01-01,8,742.0,1068.5,-326.5,-30.55685540477305,decrease,0,0,major_anomaly,unexplained_no_context,Station: Fairford Road. Road: Fairford Road. Suburb: Bankstown. Date: 2022-01-01. Hour: 8. Traffic volume: 742.0. Expected volume: 1068.5. Traffic change: -30.6%. Rain: 0.0 mm. Weather: no_rain. Crash count: 0. Event count within 3km: 0. Public holiday: 0. School holiday: 0.,"Classify the anomaly level for this traffic station context. Choose one: normal, minor_anomaly, major_anomaly.",major_anomaly,Observed traffic is -30.6% different from the expected baseline. Main reason: unexplained_no_context.
56973,43236,Fairford Road,Fairford Road,Bankstown,Bankstown,2022-01-29,8,1529.0,1068.5,460.5,43.097800655124004,increase,0,0,major_anomaly,unexplained_no_context,Station: Fairford Road. Road: Fairford Road. Suburb: Bankstown. Date: 2022-01-29. Hour: 8. Traffic volume: 1529.0. Expected volume: 1068.5. Traffic change: 43.1%. Rain: 0.0 mm. Weather: no_rain+overcast. Crash count: 0. Event count within 3km: 0. Public holiday: 0. School holiday: 0.,"Classify the anomaly level for this traffic station context. Choose one: normal, minor_anomaly, major_anomaly.",major_anomaly,Observed traffic is 43.1% different from the expected baseline. Main reason: unexplained_no_context.
56973,43236,Fairford Road,Fairford Road,Bankstown,Bankstown,2022-01-05,7,1160.0,1700.0,-540.0,-31.76470588235294,decrease,3,2,minor_anomaly,unexplained_beyond_rain_crash,Station: Fairford Road. Road: Fairford Road. Suburb: Bankstown. Date: 2022-01-05. Hour: 7. Traffic volume: 1160.0. Expected volume: 1700.0. Traffic change: -31.8%. Rain: 0.4 mm. Weather: light_rain+very_humid+overcast. Crash count: 1. Event count within 3km: 0. Public holiday: 0. School holiday: 0.,"Classify the anomaly level for this traffic station context. Choose one: normal, minor_anomaly, major_anomaly.",minor_anomaly,Observed traffic is -31.8% different from the expected baseline. Main reason: unexplained_beyond_rain_crash.
56973,43236,Fairford Road,Fairford Road,Bankstown,Bankstown,2022-02-15,8,2214.0,1741.0,473.0,27.168294083859852,increase,2,1,minor_anomaly,unexplained_beyond_crash,Station: Fairford Road. Road: Fairford Road. Suburb: Bankstown. Date: 2022-02-15. Hour: 8. Traffic volume: 2214.0. Expected volume: 1741.0. Traffic change: 27.2%. Rain: 0.0 mm. Weather: no_rain. Crash count: 5. Event count within 3km: 0. Public holiday: 0. School holiday: 0.,"Classify the anomaly level for this traffic station context. Choose one: normal, minor_anomaly, major_anomaly.",minor_anomaly,Observed traffic is 27.2% different from the expected baseline. Main reason: unexplained_beyond_crash.
56973,43236,Fairford Road,Fairford Road,Bankstown,Bankstown,2022-01-28,22,857.0,738.0,119.0,16.124661246612465,no_change,0,0,minor_anomaly,unexplained_no_context,Station: Fairford Road. Road: Fairford Road. Suburb: Bankstown. Date: 2022-01-28. Hour: 22. Traffic volume: 857.0. Expected volume: 738.0. Traffic change: 16.1%. Rain: 0.0 mm. Weather: no_rain+very_humid. Crash count: 0. Event count within 3km: 0. Public holiday: 0. School holiday: 0.,"Classify the anomaly level for this traffic station context. Choose one: normal, minor_anomaly, major_anomaly.",minor_anomaly,Observed traffic is 16.1% different from the expected baseline. Main reason: unexplained_no_context.
56973,43236,Fairford Road,Fairford Road,Bankstown,Bankstown,2022-01-13,14,1840.0,2298.0,-458.0,-19.930374238468232,no_change,3,2,normal,explained_by_rain_crash,Station: Fairford Road. Road: Fairford Road. Suburb: Bankstown. Date: 2022-01-13. Hour: 14. Traffic volume: 1840.0. Expected volume: 2298.0. Traffic change: -19.9%. Rain: 0.2 mm. Weather: light_rain. Crash count: 2. Event count within 3km: 0. Public holiday: 0. School holiday: 0.,"Classify the anomaly level for this traffic station context. Choose one: normal, minor_anomaly, major_anomaly.",normal,Observed traffic is -19.9% different from the expected baseline. Main reason: explained_by_rain_crash.
56973,43236,Fairford Road,Fairford Road,Bankstown,Bankstown,2022-01-20,3,157.0,151.0,6.0,3.9735099337748347,no_change,1,1,normal,explained_by_rain,Station: Fairford Road. Road: Fairford Road. Suburb: Bankstown. Date: 2022-01-20. Hour: 3. Traffic volume: 157.0. Expected volume: 151.0. Traffic change: 4.0%. Rain: 0.2 mm. Weather: light_rain+very_humid. Crash count: 0. Event count within 3km: 0. Public holiday: 0. School holiday: 0.,"Classify the anomaly level for this traffic station context. Choose one: normal, minor_anomaly, major_anomaly.",normal,Observed traffic is 4.0% different from the expected baseline. Main reason: explained_by_rain.
56973,43236,Fairford Road,Fairford Road,Bankstown,Bankstown,2022-01-28,13,2177.0,2037.0,140.0,6.872852233676976,no_change,2,1,normal,explained_by_crash,Station: Fairford Road. Road: Fairford Road. Suburb: Bankstown. Date: 2022-01-28. Hour: 13. Traffic volume: 2177.0. Expected volume: 2037.0. Traffic change: 6.9%. Rain: 0.0 mm. Weather: no_rain+overcast. Crash count: 4. Event count within 3km: 0. Public holiday: 0. School holiday: 0.,"Classify the anomaly level for this traffic station context. Choose one: normal, minor_anomaly, major_anomaly.",normal,Observed traffic is 6.9% different from the expected baseline. Main reason: explained_by_crash.
56974,43237,Fairford Road,Fairford Road,Padstow,Bankstown,2022-01-15,7,1027.0,737.0,290.0,39.348710990502035,increase,0,0,major_anomaly,unexplained_no_context,Station: Fairford Road. Road: Fairford Road. Suburb: Padstow. Date: 2022-01-15. Hour: 7. Traffic volume: 1027.0. Expected volume: 737.0. Traffic change: 39.3%. Rain: 0.0 mm. Weather: no_rain+very_humid. Crash count: 0. Event count within 3km: 0. Public holiday: 0. School holiday: 0.,"Classify the anomaly level for this traffic station context. Choose one: normal, minor_anomaly, major_anomaly.",major_anomaly,Observed traffic is 39.3% different from the expected baseline. Main reason: unexplained_no_context.
56974,43237,Fairford Road,Fairford Road,Padstow,Bankstown,2022-04-15,17,1607.0,2828.0,-1221.0,-43.17538896746817,decrease,0,0,major_anomaly,unexplained_no_context,Station: Fairford Road. Road: Fairford Road. Suburb: Padstow. Date: 2022-04-15. Hour: 17. Traffic volume: 1607.0. Expected volume: 2828.0. Traffic change: -43.2%. Rain: 0.0 mm. Weather: no_rain+overcast. Crash count: 0. Event count within 3km: 0. Public holiday: 0. School holiday: 0.,"Classify the anomaly level for this traffic station context. Choose one: normal, minor_anomaly, major_anomaly.",major_anomaly,Observed traffic is -43.2% different from the expected baseline. Main reason: unexplained_no_context.
56974,43237,Fairford Road,Fairford Road,Padstow,Bankstown,2022-06-08,22,1335.0,751.0,584.0,77.762982689747,increase,0,0,major_anomaly,unexplained_no_context,Station: Fairford Road. Road: Fairford Road. Suburb: Padstow. Date: 2022-06-08. Hour: 22. Traffic volume: 1335.0. Expected volume: 751.0. Traffic change: 77.8%. Rain: 0.0 mm. Weather: no_rain. Crash count: 0. Event count within 3km: 0. Public holiday: 0. School holiday: 0.,"Classify the anomaly level for this traffic station context. Choose one: normal, minor_anomaly, major_anomaly.",major_anomaly,Observed traffic is 77.8% different from the expected baseline. Main reason: unexplained_no_context.
56974,43237,Fairford Road,Fairford Road,Padstow,Bankstown,2022-08-27,21,1204.0,958.0,246.0,25.678496868475992,increase,2,1,minor_anomaly,unexplained_beyond_crash,Station: Fairford Road. Road: Fairford Road. Suburb: Padstow. Date: 2022-08-27. Hour: 21. Traffic volume: 1204.0. Expected volume: 958.0. Traffic change: 25.7%. Rain: 0.0 mm. Weather: no_rain+very_humid. Crash count: 3. Event count within 3km: 0. Public holiday: 0. School holiday: 0.,"Classify the anomaly level for this traffic station context. Choose one: normal, minor_anomaly, major_anomaly.",minor_anomaly,Observed traffic is 25.7% different from the expected baseline. Main reason: unexplained_beyond_crash.
56974,43237,Fairford Road,Fairford Road,Padstow,Bankstown,2022-01-09,21,646.0,958.0,-312.0,-32.5678496868476,decrease,1,1,minor_anomaly,unexplained_beyond_crash,Station: Fairford Road. Road: Fairford Road. Suburb: Padstow. Date: 2022-01-09. Hour: 21. Traffic volume: 646.0. Expected volume: 958.0. Traffic change: -32.6%. Rain: 0.0 mm. Weather: no_rain+very_humid. Crash count: 3. Event count within 3km: 0. Public holiday: 0. School holiday: 0.,"Classify the anomaly level for this traffic station context. Choose one: normal, minor_anomaly, major_anomaly.",minor_anomaly,Observed traffic is -32.6% different from the expected baseline. Main reason: unexplained_beyond_crash.
56974,43237,Fairford Road,Fairford Road,Padstow,Bankstown,2022-05-09,3,130.0,160.0,-30.0,-18.75,no_change,0,0,minor_anomaly,unexplained_no_context,Station: Fairford Road. Road: Fairford Road. Suburb: Padstow. Date: 2022-05-09. Hour: 3. Traffic volume: 130.0. Expected volume: 160.0. Traffic change: -18.8%. Rain: 0.0 mm. Weather: no_rain+overcast. Crash count: 0. Event count within 3km: 0. Public holiday: 0. School holiday: 0.,"Classify the anomaly level for this traffic station context. Choose one: normal, minor_anomaly, major_anomaly.",minor_anomaly,Observed traffic is -18.8% different from the expected baseline. Main reason: unexplained_no_context.
56974,43237,Fairford Road,Fairford Road,Padstow,Bankstown,2022-08-01,0,200.0,232.0,-32.0,-13.793103448275861,no_change,2,1,normal,explained_by_crash,Station: Fairford Road. Road: Fairford Road. Suburb: Padstow. Date: 2022-08-01. Hour: 0. Traffic volume: 200.0. Expected volume: 232.0. Traffic change: -13.8%. Rain: 0.0 mm. Weather: no_rain+overcast. Crash count: 2. Event count within 3km: 0. Public holiday: 0. School holiday: 0.,"Classify the anomaly level for this traffic station context. Choose one: normal, minor_anomaly, major_anomaly.",normal,Observed traffic is -13.8% different from the expected baseline. Main reason: explained_by_crash.
56974,43237,Fairford Road,Fairford Road,Padstow,Bankstown,2022-10-12,15,3052.0,2846.0,206.0,7.238229093464511,no_change,3,2,normal,explained_by_rain_crash,Station: Fairford Road. Road: Fairford Road. Suburb: Padstow. Date: 2022-10-12. Hour: 15. Traffic volume: 3052.0. Expected volume: 2846.0. Traffic change: 7.2%. Rain: 0.2 mm. Weather: light_rain+overcast. Crash count: 3. Event count within 3km: 0. Public holiday: 0. School holiday: 0.,"Classify the anomaly level for this traffic station context. Choose one: normal, minor_anomaly, major_anomaly.",normal,Observed traffic is 7.2% different from the expected baseline. Main reason: explained_by_rain_crash.
56974,43237,Fairford Road,Fairford Road,Padstow,Bankstown,2022-02-14,1,135.0,154.0,-19.0,-12.337662337662337,no_change,0,0,normal,no_deviation,Station: Fairford Road. Road: Fairford Road. Suburb: Padstow. Date: 2022-02-14. Hour: 1. Traffic volume: 135.0. Expected volume: 154.0. Traffic change: -12.3%. Rain: 0.0 mm. Weather: no_rain+very_humid. Crash count: 0. Event count within 3km: 0. Public holiday: 0. School holiday: 0.,"Classify the anomaly level for this traffic station context. Choose one: normal, minor_anomaly, major_anomaly.",normal,Observed traffic is -12.3% different from the expected baseline. Main reason: no_deviation.
56975,43239,Hume Highway,Hume Highway,Greenacre,Bankstown,2022-04-15,14,1715.0,3355.0,-1640.0,-48.8822652757079,decrease,2,1,major_anomaly,unexplained_beyond_crash,Station: Hume Highway. Road: Hume Highway. Suburb: Greenacre. Date: 2022-04-15. Hour: 14. Traffic volume: 1715.0. Expected volume: 3355.0. Traffic change: -48.9%. Rain: 0.0 mm. Weather: no_rain. Crash count: 1. Event count within 3km: 0. Public holiday: 0. School holiday: 0.,"Classify the anomaly level for this traffic station context. Choose one: normal, minor_anomaly, major_anomaly.",major_anomaly,Observed traffic is -48.9% different from the expected baseline. Main reason: unexplained_beyond_crash.
56975,43239,Hume Highway,Hume Highway,Greenacre,Bankstown,2022-08-05,0,329.0,830.5,-501.5,-60.385310054184224,decrease,2,1,major_anomaly,unexplained_beyond_crash,Station: Hume Highway. Road: Hume Highway. Suburb: Greenacre. Date: 2022-08-05. Hour: 0. Traffic volume: 329.0. Expected volume: 830.5. Traffic change: -60.4%. Rain: 0.0 mm. Weather: no_rain+very_humid+overcast. Crash count: 1. Event count within 3km: 0. Public holiday: 0. School holiday: 0.,"Classify the anomaly level for this traffic station context. Choose one: normal, minor_anomaly, major_anomaly.",major_anomaly,Observed traffic is -60.4% different from the expected baseline. Main reason: unexplained_beyond_crash.
56975,43239,Hume Highway,Hume Highway,Greenacre,Bankstown,2022-01-04,5,1785.0,2725.0,-940.0,-34.4954128440367,decrease,0,0,major_anomaly,unexplained_no_context,Station: Hume Highway. Road: Hume Highway. Suburb: Greenacre. Date: 2022-01-04. Hour: 5. Traffic volume: 1785.0. Expected volume: 2725.0. Traffic change: -34.5%. Rain: 0.0 mm. Weather: no_rain+very_humid. Crash count: 0. Event count within 3km: 0. Public holiday: 0. School holiday: 0.,"Classify the anomaly level for this traffic station context. Choose one: normal, minor_anomaly, major_anomaly.",major_anomaly,Observed traffic is -34.5% different from the expected baseline. Main reason: unexplained_no_context.
56975,43239,Hume Highway,Hume Highway,Greenacre,Bankstown,2022-08-27,3,695.0,590.5,104.5,17.696867061812025,no_change,0,0,minor_anomaly,unexplained_no_context,Station: Hume Highway. Road: Hume Highway. Suburb: Greenacre. Date: 2022-08-27. Hour: 3. Traffic volume: 695.0. Expected volume: 590.5. Traffic change: 17.7%. Rain: 0.0 mm. Weather: no_rain+very_humid. Crash count: 0. Event count within 3km: 0. Public holiday: 0. School holiday: 0.,"Classify the anomaly level for this traffic station context. Choose one: normal, minor_anomaly, major_anomaly.",minor_anomaly,Observed traffic is 17.7% different from the expected baseline. Main reason: unexplained_no_context.
56975,43239,Hume Highway,Hume Highway,Greenacre,Bankstown,2022-03-10,0,971.0,830.5,140.5,16.91751956652619,no_change,0,0,minor_anomaly,unexplained_no_context,Station: Hume Highway. Road: Hume Highway. Suburb: Greenacre. Date: 2022-03-10. Hour: 0. Traffic volume: 971.0. Expected volume: 830.5. Traffic change: 16.9%. Rain: 0.0 mm. Weather: no_rain+very_humid. Crash count: 0. Event count within 3km: 0. Public holiday: 0. School holiday: 0.,"Classify the anomaly level for this traffic station context. Choose one: normal, minor_anomaly, major_anomaly.",minor_anomaly,Observed traffic is 16.9% different from the expected baseline. Main reason: unexplained_no_context.
56975,43239,Hume Highway,Hume Highway,Greenacre,Bankstown,2022-03-06,8,1470.0,1962.0,-492.0,-25.076452599388375,decrease,2,2,minor_anomaly,unexplained_beyond_rain_crash,Station: Hume Highway. Road: Hume Highway. Suburb: Greenacre. Date: 2022-03-06. Hour: 8. Traffic volume: 1470.0. Expected volume: 1962.0. Traffic change: -25.1%. Rain: 0.5 mm. Weather: light_rain+very_humid+overcast. Crash count: 1. Event count within 3km: 0. Public holiday: 0. School holiday: 0.,"Classify the anomaly level for this traffic station context. Choose one: normal, minor_anomaly, major_anomaly.",minor_anomaly,Observed traffic is -25.1% different from the expected baseline. Main reason: unexplained_beyond_rain_crash.
56975,43239,Hume Highway,Hume Highway,Greenacre,Bankstown,2022-05-05,10,3145.0,3143.0,2.0,0.06363347120585428,no_change,2,1,normal,explained_by_crash,Station: Hume Highway. Road: Hume Highway. Suburb: Greenacre. Date: 2022-05-05. Hour: 10. Traffic volume: 3145.0. Expected volume: 3143.0. Traffic change: 0.1%. Rain: 0.0 mm. Weather: no_rain+very_humid. Crash count: 5. Event count within 3km: 0. Public holiday: 0. School holiday: 0.,"Classify the anomaly level for this traffic station context. Choose one: normal, minor_anomaly, major_anomaly.",normal,Observed traffic is 0.1% different from the expected baseline. Main reason: explained_by_crash.
56975,43239,Hume Highway,Hume Highway,Greenacre,Bankstown,2022-05-23,14,3251.0,3355.0,-104.0,-3.0998509687034277,no_change,3,2,normal,explained_by_rain_crash,Station: Hume Highway. Road: Hume Highway. Suburb: Greenacre. Date: 2022-05-23. Hour: 14. Traffic volume: 3251.0. Expected volume: 3355.0. Traffic change: -3.1%. Rain: 0.2 mm. Weather: light_rain+very_humid. Crash count: 5. Event count within 3km: 0. Public holiday: 0. School holiday: 0.,"Classify the anomaly level for this traffic station context. Choose one: normal, minor_anomaly, major_anomaly.",normal,Observed traffic is -3.1% different from the expected baseline. Main reason: explained_by_rain_crash.
56975,43239,Hume Highway,Hume Highway,Greenacre,Bankstown,2022-02-14,16,3777.0,3558.0,219.0,6.155143338954469,no_change,2,1,normal,explained_by_crash,Station: Hume Highway. Road: Hume Highway. Suburb: Greenacre. Date: 2022-02-14. Hour: 16. Traffic volume: 3777.0. Expected volume: 3558.0. Traffic change: 6.2%. Rain: 0.0 mm. Weather: no_rain+overcast. Crash count: 3. Event count within 3km: 0. Public holiday: 0. School holiday: 0.,"Classify the anomaly level for this traffic station context. Choose one: normal, minor_anomaly, major_anomaly.",normal,Observed traffic is 6.2% different from the expected baseline. Main reason: explained_by_crash.
57005,47024,Parramatta Road,Parramatta Road,Auburn,Auburn,2024-11-03,20,2370.0,1685.5,684.5,40.61109463067339,increase,2,1,major_anomaly,unexplained_beyond_crash,Station: Parramatta Road. Road: Parramatta Road. Suburb: Auburn. Date: 2024-11-03. Hour: 20. Traffic volume: 2370.0. Expected volume: 1685.5. Traffic change: 40.6%. Rain: 0.0 mm. Weather: no_rain+overcast. Crash count: 4. Event count within 3km: 0. Public holiday: 0. School holiday: 0.,"Classify the anomaly level for this traffic station context. Choose one: normal, minor_anomaly, major_anomaly.",major_anomaly,Observed traffic is 40.6% different from the expected baseline. Main reason: unexplained_beyond_crash.
57005,47024,Parramatta Road,Parramatta Road,Auburn,Auburn,2024-10-27,2,386.0,604.5,-218.5,-36.14557485525228,decrease,0,0,major_anomaly,unexplained_no_context,Station: Parramatta Road. Road: Parramatta Road. Suburb: Auburn. Date: 2024-10-27. Hour: 2. Traffic volume: 386.0. Expected volume: 604.5. Traffic change: -36.1%. Rain: 0.0 mm. Weather: no_rain+very_humid+overcast. Crash count: 0. Event count within 3km: 0. Public holiday: 0. School holiday: 0.,"Classify the anomaly level for this traffic station context. Choose one: normal, minor_anomaly, major_anomaly.",major_anomaly,Observed traffic is -36.1% different from the expected baseline. Main reason: unexplained_no_context.
57005,47024,Parramatta Road,Parramatta Road,Auburn,Auburn,2024-09-06,4,687.0,1082.0,-395.0,-36.50646950092422,decrease,0,0,major_anomaly,unexplained_no_context,Station: Parramatta Road. Road: Parramatta Road. Suburb: Auburn. Date: 2024-09-06. Hour: 4. Traffic volume: 687.0. Expected volume: 1082.0. Traffic change: -36.5%. Rain: 0.0 mm. Weather: no_rain. Crash count: 0. Event count within 3km: 0. Public holiday: 0. School holiday: 0.,"Classify the anomaly level for this traffic station context. Choose one: normal, minor_anomaly, major_anomaly.",major_anomaly,Observed traffic is -36.5% different from the expected baseline. Main reason: unexplained_no_context.
57005,47024,Parramatta Road,Parramatta Road,Auburn,Auburn,2024-09-01,18,2854.0,2064.0,790.0,38.275193798449614,increase,2,1,minor_anomaly,unexplained_beyond_crash,Station: Parramatta Road. Road: Parramatta Road. Suburb: Auburn. Date: 2024-09-01. Hour: 18. Traffic volume: 2854.0. Expected volume: 2064.0. Traffic change: 38.3%. Rain: 0.0 mm. Weather: no_rain. Crash count: 2. Event count within 3km: 0. Public holiday: 0. School holiday: 0.,"Classify the anomaly level for this traffic station context. Choose one: normal, minor_anomaly, major_anomaly.",minor_anomaly,Observed traffic is 38.3% different from the expected baseline. Main reason: unexplained_beyond_crash.
57005,47024,Parramatta Road,Parramatta Road,Auburn,Auburn,2024-10-13,20,1275.0,1685.5,-410.5,-24.35479086324533,decrease,1,1,minor_anomaly,unexplained_beyond_crash,Station: Parramatta Road. Road: Parramatta Road. Suburb: Auburn. Date: 2024-10-13. Hour: 20. Traffic volume: 1275.0. Expected volume: 1685.5. Traffic change: -24.4%. Rain: 0.0 mm. Weather: no_rain+overcast. Crash count: 1. Event count within 3km: 0. Public holiday: 0. School holiday: 0.,"Classify the anomaly level for this traffic station context. Choose one: normal, minor_anomaly, major_anomaly.",minor_anomaly,Observed traffic is -24.4% different from the expected baseline. Main reason: unexplained_beyond_crash.
57005,47024,Parramatta Road,Parramatta Road,Auburn,Auburn,2024-10-23,2,623.0,506.0,117.0,23.122529644268774,increase,1,1,minor_anomaly,unexplained_beyond_crash,Station: Parramatta Road. Road: Parramatta Road. Suburb: Auburn. Date: 2024-10-23. Hour: 2. Traffic volume: 623.0. Expected volume: 506.0. Traffic change: 23.1%. Rain: 0.0 mm. Weather: no_rain+very_humid. Crash count: 1. Event count within 3km: 0. Public holiday: 0. School holiday: 0.,"Classify the anomaly level for this traffic station context. Choose one: normal, minor_anomaly, major_anomaly.",minor_anomaly,Observed traffic is 23.1% different from the expected baseline. Main reason: unexplained_beyond_crash.
57005,47024,Parramatta Road,Parramatta Road,Auburn,Auburn,2024-12-09,22,804.0,1028.5,-224.5,-21.82790471560525,decrease,2,1,normal,explained_by_crash,Station: Parramatta Road. Road: Parramatta Road. Suburb: Auburn. Date: 2024-12-09. Hour: 22. Traffic volume: 804.0. Expected volume: 1028.5. Traffic change: -21.8%. Rain: 0.0 mm. Weather: no_rain+very_humid. Crash count: 2. Event count within 3km: 0. Public holiday: 0. School holiday: 0.,"Classify the anomaly level for this traffic station context. Choose one: normal, minor_anomaly, major_anomaly.",normal,Observed traffic is -21.8% different from the expected baseline. Main reason: explained_by_crash.
57005,47024,Parramatta Road,Parramatta Road,Auburn,Auburn,2024-09-27,9,2449.0,2462.5,-13.5,-0.5482233502538072,no_change,3,2,normal,explained_by_rain_crash,Station: Parramatta Road. Road: Parramatta Road. Suburb: Auburn. Date: 2024-09-27. Hour: 9. Traffic volume: 2449.0. Expected volume: 2462.5. Traffic change: -0.5%. Rain: 0.1 mm. Weather: no_rain+overcast. Crash count: 2. Event count within 3km: 0. Public holiday: 0. School holiday: 0.,"Classify the anomaly level for this traffic station context. Choose one: normal, minor_anomaly, major_anomaly.",normal,Observed traffic is -0.5% different from the expected baseline. Main reason: explained_by_rain_crash.
57005,47024,Parramatta Road,Parramatta Road,Auburn,Auburn,2024-08-08,8,2588.0,2524.0,64.0,2.535657686212361,no_change,2,1,normal,explained_by_crash,Station: Parramatta Road. Road: Parramatta Road. Suburb: Auburn. Date: 2024-08-08. Hour: 8. Traffic volume: 2588.0. Expected volume: 2524.0. Traffic change: 2.5%. Rain: 0.0 mm. Weather: no_rain+very_humid. Crash count: 4. Event count within 3km: 0. Public holiday: 0. School holiday: 0.,"Classify the anomaly level for this traffic station context. Choose one: normal, minor_anomaly, major_anomaly.",normal,Observed traffic is 2.5% different from the expected baseline. Main reason: explained_by_crash.
57048,50232,Marsden Road,Marsden Road,Ermington,Parramatta,2022-11-05,0,44.0,90.0,-46.0,-51.11111111111111,decrease,0,0,major_anomaly,unexplained_no_context,Station: Marsden Road. Road: Marsden Road. Suburb: Ermington. Date: 2022-11-05. Hour: 0. Traffic volume: 44.0. Expected volume: 90.0. Traffic change: -51.1%. Rain: 0.0 mm. Weather: no_rain+very_humid. Crash count: 0. Event count within 3km: 0. Public holiday: 0. School holiday: 0.,"Classify the anomaly level for this traffic station context. Choose one: normal, minor_anomaly, major_anomaly.",major_anomaly,Observed traffic is -51.1% different from the expected baseline. Main reason: unexplained_no_context.
57048,50232,Marsden Road,Marsden Road,Ermington,Parramatta,2022-01-15,5,291.0,116.0,175.0,150.86206896551724,increase,2,1,major_anomaly,unexplained_beyond_crash,Station: Marsden Road. Road: Marsden Road. Suburb: Ermington. Date: 2022-01-15. Hour: 5. Traffic volume: 291.0. Expected volume: 116.0. Traffic change: 150.9%. Rain: 0.0 mm. Weather: no_rain+very_humid. Crash count: 1. Event count within 3km: 0. Public holiday: 0. School holiday: 0.,"Classify the anomaly level for this traffic station context. Choose one: normal, minor_anomaly, major_anomaly.",major_anomaly,Observed traffic is 150.9% different from the expected baseline. Main reason: unexplained_beyond_crash.
57048,50232,Marsden Road,Marsden Road,Ermington,Parramatta,2022-02-02,16,876.0,433.5,442.5,102.07612456747405,increase,3,2,major_anomaly,unexplained_beyond_rain_crash,Station: Marsden Road. Road: Marsden Road. Suburb: Ermington. Date: 2022-02-02. Hour: 16. Traffic volume: 876.0. Expected volume: 433.5. Traffic change: 102.1%. Rain: 0.1 mm. Weather: no_rain+overcast. Crash count: 3. Event count within 3km: 0. Public holiday: 0. School holiday: 0.,"Classify the anomaly level for this traffic station context. Choose one: normal, minor_anomaly, major_anomaly.",major_anomaly,Observed traffic is 102.1% different from the expected baseline. Main reason: unexplained_beyond_rain_crash.
57048,50232,Marsden Road,Marsden Road,Ermington,Parramatta,2022-03-06,17,582.0,441.5,140.5,31.8233295583239,increase,4,3,minor_anomaly,unexplained_beyond_rain_crash_strong_wind,Station: Marsden Road. Road: Marsden Road. Suburb: Ermington. Date: 2022-03-06. Hour: 17. Traffic volume: 582.0. Expected volume: 441.5. Traffic change: 31.8%. Rain: 0.2 mm. Weather: light_rain+strong_wind+very_humid+overcast. Crash count: 1. Event count within 3km: 0. Public holiday: 0. School holiday: 0.,"Classify the anomaly level for this traffic station context. Choose one: normal, minor_anomaly, major_anomaly.",minor_anomaly,Observed traffic is 31.8% different from the expected baseline. Main reason: unexplained_beyond_rain_crash_strong_wind.
57048,50232,Marsden Road,Marsden Road,Ermington,Parramatta,2023-05-17,14,313.0,401.0,-88.0,-21.94513715710723,decrease,0,0,minor_anomaly,unexplained_no_context,Station: Marsden Road. Road: Marsden Road. Suburb: Ermington. Date: 2023-05-17. Hour: 14. Traffic volume: 313.0. Expected volume: 401.0. Traffic change: -21.9%. Rain: 0.0 mm. Weather: no_rain. Crash count: 0. Event count within 3km: 0. Public holiday: 0. School holiday: 0.,"Classify the anomaly level for this traffic station context. Choose one: normal, minor_anomaly, major_anomaly.",minor_anomaly,Observed traffic is -21.9% different from the expected baseline. Main reason: unexplained_no_context.
57048,50232,Marsden Road,Marsden Road,Ermington,Parramatta,2023-03-15,1,18.0,22.0,-4.0,-18.181818181818183,no_change,0,0,minor_anomaly,unexplained_no_context,Station: Marsden Road. Road: Marsden Road. Suburb: Ermington. Date: 2023-03-15. Hour: 1. Traffic volume: 18.0. Expected volume: 22.0. Traffic change: -18.2%. Rain: 0.0 mm. Weather: no_rain+very_humid+overcast. Crash count: 0. Event count within 3km: 0. Public holiday: 0. School holiday: 0.,"Classify the anomaly level for this traffic station context. Choose one: normal, minor_anomaly, major_anomaly.",minor_anomaly,Observed traffic is -18.2% different from the expected baseline. Main reason: unexplained_no_context.
57048,50232,Marsden Road,Marsden Road,Ermington,Parramatta,2022-01-02,13,572.0,474.5,97.5,20.54794520547945,increase,2,1,normal,explained_by_crash,Station: Marsden Road. Road: Marsden Road. Suburb: Ermington. Date: 2022-01-02. Hour: 13. Traffic volume: 572.0. Expected volume: 474.5. Traffic change: 20.5%. Rain: 0.0 mm. Weather: no_rain. Crash count: 1. Event count within 3km: 0. Public holiday: 0. School holiday: 0.,"Classify the anomaly level for this traffic station context. Choose one: normal, minor_anomaly, major_anomaly.",normal,Observed traffic is 20.5% different from the expected baseline. Main reason: explained_by_crash.
57048,50232,Marsden Road,Marsden Road,Ermington,Parramatta,2022-07-06,22,99.0,131.0,-32.0,-24.427480916030532,decrease,3,2,normal,explained_by_rain_crash,Station: Marsden Road. Road: Marsden Road. Suburb: Ermington. Date: 2022-07-06. Hour: 22. Traffic volume: 99.0. Expected volume: 131.0. Traffic change: -24.4%. Rain: 1.1 mm. Weather: light_rain+very_humid+overcast. Crash count: 1. Event count within 3km: 0. Public holiday: 0. School holiday: 0.,"Classify the anomaly level for this traffic station context. Choose one: normal, minor_anomaly, major_anomaly.",normal,Observed traffic is -24.4% different from the expected baseline. Main reason: explained_by_rain_crash.
57048,50232,Marsden Road,Marsden Road,Ermington,Parramatta,2022-04-23,21,216.0,223.0,-7.0,-3.1390134529147984,no_change,2,1,normal,explained_by_crash,Station: Marsden Road. Road: Marsden Road. Suburb: Ermington. Date: 2022-04-23. Hour: 21. Traffic volume: 216.0. Expected volume: 223.0. Traffic change: -3.1%. Rain: 0.0 mm. Weather: no_rain+very_humid. Crash count: 3. Event count within 3km: 0. Public holiday: 0. School holiday: 0.,"Classify the anomaly level for this traffic station context. Choose one: normal, minor_anomaly, major_anomaly.",normal,Observed traffic is -3.1% different from the expected baseline. Main reason: explained_by_crash.
57051,50240,Briens Road,Briens Road,Northmead,Parramatta,2024-06-29,17,5528.0,2691.0,2837.0,105.42549238201413,increase,2,1,major_anomaly,unexplained_beyond_crash,Station: Briens Road. Road: Briens Road. Suburb: Northmead. Date: 2024-06-29. Hour: 17. Traffic volume: 5528.0. Expected volume: 2691.0. Traffic change: 105.4%. Rain: 0.0 mm. Weather: no_rain. Crash count: 3. Event count within 3km: 0. Public holiday: 0. School holiday: 0.,"Classify the anomaly level for this traffic station context. Choose one: normal, minor_anomaly, major_anomaly.",major_anomaly,Observed traffic is 105.4% different from the expected baseline. Main reason: unexplained_beyond_crash.
57051,50240,Briens Road,Briens Road,Northmead,Parramatta,2024-06-23,7,1912.0,1304.0,608.0,46.62576687116564,increase,0,0,major_anomaly,unexplained_no_context,Station: Briens Road. Road: Briens Road. Suburb: Northmead. Date: 2024-06-23. Hour: 7. Traffic volume: 1912.0. Expected volume: 1304.0. Traffic change: 46.6%. Rain: 0.0 mm. Weather: no_rain+very_humid. Crash count: 0. Event count within 3km: 0. Public holiday: 0. School holiday: 0.,"Classify the anomaly level for this traffic station context. Choose one: normal, minor_anomaly, major_anomaly.",major_anomaly,Observed traffic is 46.6% different from the expected baseline. Main reason: unexplained_no_context.
57051,50240,Briens Road,Briens Road,Northmead,Parramatta,2024-10-26,2,188.0,338.0,-150.0,-44.37869822485207,decrease,1,1,major_anomaly,unexplained_beyond_event,Station: Briens Road. Road: Briens Road. Suburb: Northmead. Date: 2024-10-26. Hour: 2. Traffic volume: 188.0. Expected volume: 338.0. Traffic change: -44.4%. Rain: 0.0 mm. Weather: no_rain. Crash count: 0. Event count within 3km: 1. Public holiday: 0. School holiday: 0.,"Classify the anomaly level for this traffic station context. Choose one: normal, minor_anomaly, major_anomaly.",major_anomaly,Observed traffic is -44.4% different from the expected baseline. Main reason: unexplained_beyond_event.
57051,50240,Briens Road,Briens Road,Northmead,Parramatta,2024-11-12,19,1376.0,2107.5,-731.5,-34.70937129300118,decrease,2,1,minor_anomaly,unexplained_beyond_crash,Station: Briens Road. Road: Briens Road. Suburb: Northmead. Date: 2024-11-12. Hour: 19. Traffic volume: 1376.0. Expected volume: 2107.5. Traffic change: -34.7%. Rain: 0.0 mm. Weather: no_rain+very_humid+overcast. Crash count: 2. Event count within 3km: 0. Public holiday: 0. School holiday: 0.,"Classify the anomaly level for this traffic station context. Choose one: normal, minor_anomaly, major_anomaly.",minor_anomaly,Observed traffic is -34.7% different from the expected baseline. Main reason: unexplained_beyond_crash.
57051,50240,Briens Road,Briens Road,Northmead,Parramatta,2024-05-06,1,170.0,277.0,-107.0,-38.628158844765345,decrease,3,2,minor_anomaly,unexplained_beyond_rain_crash,Station: Briens Road. Road: Briens Road. Suburb: Northmead. Date: 2024-05-06. Hour: 1. Traffic volume: 170.0. Expected volume: 277.0. Traffic change: -38.6%. Rain: 4.2 mm. Weather: moderate_rain+very_humid+overcast. Crash count: 1. Event count within 3km: 0. Public holiday: 0. School holiday: 0.,"Classify the anomaly level for this traffic station context. Choose one: normal, minor_anomaly, major_anomaly.",minor_anomaly,Observed traffic is -38.6% different from the expected baseline. Main reason: unexplained_beyond_rain_crash.
57051,50240,Briens Road,Briens Road,Northmead,Parramatta,2023-07-17,22,1117.0,1431.5,-314.5,-21.969961578763535,decrease,0,0,minor_anomaly,unexplained_no_context,Station: Briens Road. Road: Briens Road. Suburb: Northmead. Date: 2023-07-17. Hour: 22. Traffic volume: 1117.0. Expected volume: 1431.5. Traffic change: -22.0%. Rain: 0.0 mm. Weather: no_rain+very_humid. Crash count: 0. Event count within 3km: 0. Public holiday: 0. School holiday: 0.,"Classify the anomaly level for this traffic station context. Choose one: normal, minor_anomaly, major_anomaly.",minor_anomaly,Observed traffic is -22.0% different from the expected baseline. Main reason: unexplained_no_context.
57051,50240,Briens Road,Briens Road,Northmead,Parramatta,2024-05-10,9,2461.0,2351.0,110.0,4.6788600595491285,no_change,2,1,normal,explained_by_crash,Station: Briens Road. Road: Briens Road. Suburb: Northmead. Date: 2024-05-10. Hour: 9. Traffic volume: 2461.0. Expected volume: 2351.0. Traffic change: 4.7%. Rain: 0.0 mm. Weather: no_rain+very_humid+overcast. Crash count: 1. Event count within 3km: 0. Public holiday: 0. School holiday: 0.,"Classify the anomaly level for this traffic station context. Choose one: normal, minor_anomaly, major_anomaly.",normal,Observed traffic is 4.7% different from the expected baseline. Main reason: explained_by_crash.
57051,50240,Briens Road,Briens Road,Northmead,Parramatta,2023-08-30,4,418.0,431.0,-13.0,-3.0162412993039442,no_change,0,0,normal,no_deviation,Station: Briens Road. Road: Briens Road. Suburb: Northmead. Date: 2023-08-30. Hour: 4. Traffic volume: 418.0. Expected volume: 431.0. Traffic change: -3.0%. Rain: 0.0 mm. Weather: no_rain+very_humid. Crash count: 0. Event count within 3km: 0. Public holiday: 0. School holiday: 0.,"Classify the anomaly level for this traffic station context. Choose one: normal, minor_anomaly, major_anomaly.",normal,Observed traffic is -3.0% different from the expected baseline. Main reason: no_deviation.
57051,50240,Briens Road,Briens Road,Northmead,Parramatta,2023-09-10,14,2590.0,2680.0,-90.0,-3.3582089552238807,no_change,2,1,normal,explained_by_crash,Station: Briens Road. Road: Briens Road. Suburb: Northmead. Date: 2023-09-10. Hour: 14. Traffic volume: 2590.0. Expected volume: 2680.0. Traffic change: -3.4%. Rain: 0.0 mm. Weather: no_rain. Crash count: 3. Event count within 3km: 0. Public holiday: 0. School holiday: 0.,"Classify the anomaly level for this traffic station context. Choose one: normal, minor_anomaly, major_anomaly.",normal,Observed traffic is -3.4% different from the expected baseline. Main reason: explained_by_crash.
57052,50250,Hart Drive,Hart Drive,Constitution Hill,Parramatta,2024-09-23,0,26.0,4.0,22.0,550.0,increase,2,1,major_anomaly,unexplained_beyond_crash,Station: Hart Drive. Road: Hart Drive. Suburb: Constitution Hill. Date: 2024-09-23. Hour: 0. Traffic volume: 26.0. Expected volume: 4.0. Traffic change: 550.0%. Rain: 0.0 mm. Weather: no_rain. Crash count: 2. Event count within 3km: 0. Public holiday: 0. School holiday: 0.,"Classify the anomaly level for this traffic station context. Choose one: normal, minor_anomaly, major_anomaly.",major_anomaly,Observed traffic is 550.0% different from the expected baseline. Main reason: unexplained_beyond_crash.
57052,50250,Hart Drive,Hart Drive,Constitution Hill,Parramatta,2024-08-10,4,5.0,10.0,-5.0,-50.0,decrease,1,1,major_anomaly,unexplained_beyond_crash,Station: Hart Drive. Road: Hart Drive. Suburb: Constitution Hill. Date: 2024-08-10. Hour: 4. Traffic volume: 5.0. Expected volume: 10.0. Traffic change: -50.0%. Rain: 0.0 mm. Weather: no_rain+very_humid. Crash count: 2. Event count within 3km: 0. Public holiday: 0. School holiday: 0.,"Classify the anomaly level for this traffic station context. Choose one: normal, minor_anomaly, major_anomaly.",major_anomaly,Observed traffic is -50.0% different from the expected baseline. Main reason: unexplained_beyond_crash.
57052,50250,Hart Drive,Hart Drive,Constitution Hill,Parramatta,2024-08-25,2,2.0,3.0,-1.0,-33.33333333333333,decrease,0,0,major_anomaly,unexplained_no_context,Station: Hart Drive. Road: Hart Drive. Suburb: Constitution Hill. Date: 2024-08-25. Hour: 2. Traffic volume: 2.0. Expected volume: 3.0. Traffic change: -33.3%. Rain: 0.0 mm. Weather: no_rain+overcast. Crash count: 0. Event count within 3km: 0. Public holiday: 0. School holiday: 0.,"Classify the anomaly level for this traffic station context. Choose one: normal, minor_anomaly, major_anomaly.",major_anomaly,Observed traffic is -33.3% different from the expected baseline. Main reason: unexplained_no_context.
57052,50250,Hart Drive,Hart Drive,Constitution Hill,Parramatta,2024-08-10,3,3.0,4.0,-1.0,-25.0,decrease,0,0,minor_anomaly,unexplained_no_context,Station: Hart Drive. Road: Hart Drive. Suburb: Constitution Hill. Date: 2024-08-10. Hour: 3. Traffic volume: 3.0. Expected volume: 4.0. Traffic change: -25.0%. Rain: 0.0 mm. Weather: no_rain+very_humid. Crash count: 0. Event count within 3km: 0. Public holiday: 0. School holiday: 0.,"Classify the anomaly level for this traffic station context. Choose one: normal, minor_anomaly, major_anomaly.",minor_anomaly,Observed traffic is -25.0% different from the expected baseline. Main reason: unexplained_no_context.
57052,50250,Hart Drive,Hart Drive,Constitution Hill,Parramatta,2024-12-03,4,94.0,81.0,13.0,16.049382716049383,no_change,0,0,minor_anomaly,unexplained_no_context,Station: Hart Drive. Road: Hart Drive. Suburb: Constitution Hill. Date: 2024-12-03. Hour: 4. Traffic volume: 94.0. Expected volume: 81.0. Traffic change: 16.0%. Rain: 0.0 mm. Weather: no_rain+overcast. Crash count: 0. Event count within 3km: 0. Public holiday: 0. School holiday: 0.,"Classify the anomaly level for this traffic station context. Choose one: normal, minor_anomaly, major_anomaly.",minor_anomaly,Observed traffic is 16.0% different from the expected baseline. Main reason: unexplained_no_context.
57052,50250,Hart Drive,Hart Drive,Constitution Hill,Parramatta,2024-08-17,7,81.0,64.0,17.0,26.5625,increase,0,0,minor_anomaly,unexplained_no_context,Station: Hart Drive. Road: Hart Drive. Suburb: Constitution Hill. Date: 2024-08-17. Hour: 7. Traffic volume: 81.0. Expected volume: 64.0. Traffic change: 26.6%. Rain: 0.0 mm. Weather: no_rain. Crash count: 0. Event count within 3km: 0. Public holiday: 0. School holiday: 0.,"Classify the anomaly level for this traffic station context. Choose one: normal, minor_anomaly, major_anomaly.",minor_anomaly,Observed traffic is 26.6% different from the expected baseline. Main reason: unexplained_no_context.
57052,50250,Hart Drive,Hart Drive,Constitution Hill,Parramatta,2024-11-24,17,80.0,98.5,-18.5,-18.781725888324875,no_change,2,1,normal,explained_by_crash,Station: Hart Drive. Road: Hart Drive. Suburb: Constitution Hill. Date: 2024-11-24. Hour: 17. Traffic volume: 80.0. Expected volume: 98.5. Traffic change: -18.8%. Rain: 0.0 mm. Weather: no_rain. Crash count: 1. Event count within 3km: 0. Public holiday: 0. School holiday: 0.,"Classify the anomaly level for this traffic station context. Choose one: normal, minor_anomaly, major_anomaly.",normal,Observed traffic is -18.8% different from the expected baseline. Main reason: explained_by_crash.
57052,50250,Hart Drive,Hart Drive,Constitution Hill,Parramatta,2024-08-17,3,4.0,4.0,0.0,0.0,no_change,0,0,normal,no_deviation,Station: Hart Drive. Road: Hart Drive. Suburb: Constitution Hill. Date: 2024-08-17. Hour: 3. Traffic volume: 4.0. Expected volume: 4.0. Traffic change: 0.0%. Rain: 0.0 mm. Weather: no_rain+overcast. Crash count: 0. Event count within 3km: 0. Public holiday: 0. School holiday: 0.,"Classify the anomaly level for this traffic station context. Choose one: normal, minor_anomaly, major_anomaly.",normal,Observed traffic is 0.0% different from the expected baseline. Main reason: no_deviation.
57052,50250,Hart Drive,Hart Drive,Constitution Hill,Parramatta,2024-08-06,7,137.0,151.0,-14.0,-9.271523178807946,no_change,2,1,normal,explained_by_crash,Station: Hart Drive. Road: Hart Drive. Suburb: Constitution Hill. Date: 2024-08-06. Hour: 7. Traffic volume: 137.0. Expected volume: 151.0. Traffic change: -9.3%. Rain: 0.0 mm. Weather: no_rain+very_humid. Crash count: 3. Event count within 3km: 0. Public holiday: 0. School holiday: 0.,"Classify the anomaly level for this traffic station context. Choose one: normal, minor_anomaly, major_anomaly.",normal,Observed traffic is -9.3% different from the expected baseline. Main reason: explained_by_crash.
57053,50260,Silverwater Road,Silverwater Road,Rydalmere,Parramatta,2022-07-02,5,842.0,494.0,348.0,70.44534412955466,increase,2,1,major_anomaly,unexplained_beyond_crash,Station: Silverwater Road. Road: Silverwater Road. Suburb: Rydalmere. Date: 2022-07-02. Hour: 5. Traffic volume: 842.0. Expected volume: 494.0. Traffic change: 70.4%. Rain: 0.0 mm. Weather: no_rain+very_humid+overcast. Crash count: 2. Event count within 3km: 0. Public holiday: 0. School holiday: 0.,"Classify the anomaly level for this traffic station context. Choose one: normal, minor_anomaly, major_anomaly.",major_anomaly,Observed traffic is 70.4% different from the expected baseline. Main reason: unexplained_beyond_crash.
57053,50260,Silverwater Road,Silverwater Road,Rydalmere,Parramatta,2024-10-15,20,1333.0,2028.0,-695.0,-34.27021696252465,decrease,0,0,major_anomaly,unexplained_no_context,Station: Silverwater Road. Road: Silverwater Road. Suburb: Rydalmere. Date: 2024-10-15. Hour: 20. Traffic volume: 1333.0. Expected volume: 2028.0. Traffic change: -34.3%. Rain: 0.0 mm. Weather: no_rain+overcast. Crash count: 0. Event count within 3km: 0. Public holiday: 0. School holiday: 0.,"Classify the anomaly level for this traffic station context. Choose one: normal, minor_anomaly, major_anomaly.",major_anomaly,Observed traffic is -34.3% different from the expected baseline. Main reason: unexplained_no_context.
57053,50260,Silverwater Road,Silverwater Road,Rydalmere,Parramatta,2023-02-12,1,562.0,377.5,184.5,48.87417218543047,increase,0,0,major_anomaly,unexplained_no_context,Station: Silverwater Road. Road: Silverwater Road. Suburb: Rydalmere. Date: 2023-02-12. Hour: 1. Traffic volume: 562.0. Expected volume: 377.5. Traffic change: 48.9%. Rain: 0.0 mm. Weather: no_rain. Crash count: 0. Event count within 3km: 0. Public holiday: 0. School holiday: 0.,"Classify the anomaly level for this traffic station context. Choose one: normal, minor_anomaly, major_anomaly.",major_anomaly,Observed traffic is 48.9% different from the expected baseline. Main reason: unexplained_no_context.
57053,50260,Silverwater Road,Silverwater Road,Rydalmere,Parramatta,2023-12-09,0,836.0,670.5,165.5,24.683072334079046,increase,2,1,minor_anomaly,unexplained_beyond_crash,Station: Silverwater Road. Road: Silverwater Road. Suburb: Rydalmere. Date: 2023-12-09. Hour: 0. Traffic volume: 836.0. Expected volume: 670.5. Traffic change: 24.7%. Rain: 0.0 mm. Weather: no_rain. Crash count: 2. Event count within 3km: 0. Public holiday: 0. School holiday: 0.,"Classify the anomaly level for this traffic station context. Choose one: normal, minor_anomaly, major_anomaly.",minor_anomaly,Observed traffic is 24.7% different from the expected baseline. Main reason: unexplained_beyond_crash.
57053,50260,Silverwater Road,Silverwater Road,Rydalmere,Parramatta,2022-12-21,12,2256.0,3376.0,-1120.0,-33.175355450236964,decrease,2,1,minor_anomaly,unexplained_beyond_crash,Station: Silverwater Road. Road: Silverwater Road. Suburb: Rydalmere. Date: 2022-12-21. Hour: 12. Traffic volume: 2256.0. Expected volume: 3376.0. Traffic change: -33.2%. Rain: 0.0 mm. Weather: no_rain. Crash count: 5. Event count within 3km: 0. Public holiday: 0. School holiday: 0.,"Classify the anomaly level for this traffic station context. Choose one: normal, minor_anomaly, major_anomaly.",minor_anomaly,Observed traffic is -33.2% different from the expected baseline. Main reason: unexplained_beyond_crash.
57053,50260,Silverwater Road,Silverwater Road,Rydalmere,Parramatta,2024-10-12,17,2457.0,3854.5,-1397.5,-36.25632377740304,decrease,2,1,minor_anomaly,unexplained_beyond_crash,Station: Silverwater Road. Road: Silverwater Road. Suburb: Rydalmere. Date: 2024-10-12. Hour: 17. Traffic volume: 2457.0. Expected volume: 3854.5. Traffic change: -36.3%. Rain: 0.0 mm. Weather: no_rain. Crash count: 4. Event count within 3km: 0. Public holiday: 0. School holiday: 0.,"Classify the anomaly level for this traffic station context. Choose one: normal, minor_anomaly, major_anomaly.",minor_anomaly,Observed traffic is -36.3% different from the expected baseline. Main reason: unexplained_beyond_crash.
57053,50260,Silverwater Road,Silverwater Road,Rydalmere,Parramatta,2024-10-06,17,3686.0,3854.5,-168.5,-4.3715138150214035,no_change,2,1,normal,explained_by_crash,Station: Silverwater Road. Road: Silverwater Road. Suburb: Rydalmere. Date: 2024-10-06. Hour: 17. Traffic volume: 3686.0. Expected volume: 3854.5. Traffic change: -4.4%. Rain: 0.0 mm. Weather: no_rain. Crash count: 1. Event count within 3km: 0. Public holiday: 0. School holiday: 0.,"Classify the anomaly level for this traffic station context. Choose one: normal, minor_anomaly, major_anomaly.",normal,Observed traffic is -4.4% different from the expected baseline. Main reason: explained_by_crash.
57053,50260,Silverwater Road,Silverwater Road,Rydalmere,Parramatta,2022-09-12,18,4081.0,4173.5,-92.5,-2.2163651611357373,no_change,2,1,normal,explained_by_crash,Station: Silverwater Road. Road: Silverwater Road. Suburb: Rydalmere. Date: 2022-09-12. Hour: 18. Traffic volume: 4081.0. Expected volume: 4173.5. Traffic change: -2.2%. Rain: 0.0 mm. Weather: no_rain. Crash count: 2. Event count within 3km: 0. Public holiday: 0. School holiday: 0.,"Classify the anomaly level for this traffic station context. Choose one: normal, minor_anomaly, major_anomaly.",normal,Observed traffic is -2.2% different from the expected baseline. Main reason: explained_by_crash.
57053,50260,Silverwater Road,Silverwater Road,Rydalmere,Parramatta,2022-06-06,2,163.0,190.0,-27.0,-14.210526315789473,no_change,0,0,normal,no_deviation,Station: Silverwater Road. Road: Silverwater Road. Suburb: Rydalmere. Date: 2022-06-06. Hour: 2. Traffic volume: 163.0. Expected volume: 190.0. Traffic change: -14.2%. Rain: 0.0 mm. Weather: no_rain. Crash count: 0. Event count within 3km: 0. Public holiday: 0. School holiday: 0.,"Classify the anomaly level for this traffic station context. Choose one: normal, minor_anomaly, major_anomaly.",normal,Observed traffic is -14.2% different from the expected baseline. Main reason: no_deviation.
57055,50374,Pennant Hills Road,Pennant Hills Road,North Parramatta,Parramatta,2022-01-01,4,83.0,55.5,27.5,49.549549549549546,increase,2,1,major_anomaly,unexplained_beyond_crash,Station: Pennant Hills Road. Road: Pennant Hills Road. Suburb: North Parramatta. Date: 2022-01-01. Hour: 4. Traffic volume: 83.0. Expected volume: 55.5. Traffic change: 49.5%. Rain: 0.0 mm. Weather: no_rain+very_humid. Crash count: 1. Event count within 3km: 0. Public holiday: 0. School holiday: 0.,"Classify the anomaly level for this traffic station context. Choose one: normal, minor_anomaly, major_anomaly.",major_anomaly,Observed traffic is 49.5% different from the expected baseline. Main reason: unexplained_beyond_crash.
57055,50374,Pennant Hills Road,Pennant Hills Road,North Parramatta,Parramatta,2022-01-06,7,481.0,1178.0,-697.0,-59.16808149405772,decrease,0,0,major_anomaly,unexplained_no_context,Station: Pennant Hills Road. Road: Pennant Hills Road. Suburb: North Parramatta. Date: 2022-01-06. Hour: 7. Traffic volume: 481.0. Expected volume: 1178.0. Traffic change: -59.2%. Rain: 0.0 mm. Weather: no_rain+very_humid. Crash count: 0. Event count within 3km: 0. Public holiday: 0. School holiday: 0.,"Classify the anomaly level for this traffic station context. Choose one: normal, minor_anomaly, major_anomaly.",major_anomaly,Observed traffic is -59.2% different from the expected baseline. Main reason: unexplained_no_context.
57055,50374,Pennant Hills Road,Pennant Hills Road,North Parramatta,Parramatta,2022-01-01,14,513.0,889.5,-376.5,-42.32715008431703,decrease,2,1,major_anomaly,unexplained_beyond_crash,Station: Pennant Hills Road. Road: Pennant Hills Road. Suburb: North Parramatta. Date: 2022-01-01. Hour: 14. Traffic volume: 513.0. Expected volume: 889.5. Traffic change: -42.3%. Rain: 0.0 mm. Weather: no_rain+overcast. Crash count: 1. Event count within 3km: 0. Public holiday: 0. School holiday: 0.,"Classify the anomaly level for this traffic station context. Choose one: normal, minor_anomaly, major_anomaly.",major_anomaly,Observed traffic is -42.3% different from the expected baseline. Main reason: unexplained_beyond_crash.
57055,50374,Pennant Hills Road,Pennant Hills Road,North Parramatta,Parramatta,2022-02-19,16,993.0,799.5,193.5,24.202626641651033,increase,2,1,minor_anomaly,unexplained_beyond_crash,Station: Pennant Hills Road. Road: Pennant Hills Road. Suburb: North Parramatta. Date: 2022-02-19. Hour: 16. Traffic volume: 993.0. Expected volume: 799.5. Traffic change: 24.2%. Rain: 0.0 mm. Weather: no_rain. Crash count: 2. Event count within 3km: 0. Public holiday: 0. School holiday: 0.,"Classify the anomaly level for this traffic station context. Choose one: normal, minor_anomaly, major_anomaly.",minor_anomaly,Observed traffic is 24.2% different from the expected baseline. Main reason: unexplained_beyond_crash.
57055,50374,Pennant Hills Road,Pennant Hills Road,North Parramatta,Parramatta,2022-01-09,9,475.0,713.5,-238.5,-33.42676944639103,decrease,3,2,minor_anomaly,unexplained_beyond_rain_crash,Station: Pennant Hills Road. Road: Pennant Hills Road. Suburb: North Parramatta. Date: 2022-01-09. Hour: 9. Traffic volume: 475.0. Expected volume: 713.5. Traffic change: -33.4%. Rain: 0.1 mm. Weather: no_rain+very_humid+overcast. Crash count: 1. Event count within 3km: 0. Public holiday: 0. School holiday: 0.,"Classify the anomaly level for this traffic station context. Choose one: normal, minor_anomaly, major_anomaly.",minor_anomaly,Observed traffic is -33.4% different from the expected baseline. Main reason: unexplained_beyond_rain_crash.
57055,50374,Pennant Hills Road,Pennant Hills Road,North Parramatta,Parramatta,2022-02-09,3,22.0,29.0,-7.0,-24.137931034482758,decrease,0,0,minor_anomaly,unexplained_no_context,Station: Pennant Hills Road. Road: Pennant Hills Road. Suburb: North Parramatta. Date: 2022-02-09. Hour: 3. Traffic volume: 22.0. Expected volume: 29.0. Traffic change: -24.1%. Rain: 0.0 mm. Weather: no_rain+very_humid. Crash count: 0. Event count within 3km: 0. Public holiday: 0. School holiday: 0.,"Classify the anomaly level for this traffic station context. Choose one: normal, minor_anomaly, major_anomaly.",minor_anomaly,Observed traffic is -24.1% different from the expected baseline. Main reason: unexplained_no_context.
57055,50374,Pennant Hills Road,Pennant Hills Road,North Parramatta,Parramatta,2022-02-02,6,736.0,796.0,-60.0,-7.537688442211055,no_change,3,2,normal,explained_by_rain_crash,Station: Pennant Hills Road. Road: Pennant Hills Road. Suburb: North Parramatta. Date: 2022-02-02. Hour: 6. Traffic volume: 736.0. Expected volume: 796.0. Traffic change: -7.5%. Rain: 0.2 mm. Weather: light_rain+very_humid+overcast. Crash count: 3. Event count within 3km: 0. Public holiday: 0. School holiday: 0.,"Classify the anomaly level for this traffic station context. Choose one: normal, minor_anomaly, major_anomaly.",normal,Observed traffic is -7.5% different from the expected baseline. Main reason: explained_by_rain_crash.
57055,50374,Pennant Hills Road,Pennant Hills Road,North Parramatta,Parramatta,2022-02-16,6,869.0,796.0,73.0,9.170854271356783,no_change,2,1,normal,explained_by_crash,Station: Pennant Hills Road. Road: Pennant Hills Road. Suburb: North Parramatta. Date: 2022-02-16. Hour: 6. Traffic volume: 869.0. Expected volume: 796.0. Traffic change: 9.2%. Rain: 0.0 mm. Weather: no_rain+very_humid+overcast. Crash count: 3. Event count within 3km: 0. Public holiday: 0. School holiday: 0.,"Classify the anomaly level for this traffic station context. Choose one: normal, minor_anomaly, major_anomaly.",normal,Observed traffic is 9.2% different from the expected baseline. Main reason: explained_by_crash.
57055,50374,Pennant Hills Road,Pennant Hills Road,North Parramatta,Parramatta,2022-01-06,21,346.0,408.5,-62.5,-15.299877600979192,no_change,1,1,normal,explained_by_rain,Station: Pennant Hills Road. Road: Pennant Hills Road. Suburb: North Parramatta. Date: 2022-01-06. Hour: 21. Traffic volume: 346.0. Expected volume: 408.5. Traffic change: -15.3%. Rain: 0.1 mm. Weather: no_rain+very_humid. Crash count: 0. Event count within 3km: 0. Public holiday: 0. School holiday: 0.,"Classify the anomaly level for this traffic station context. Choose one: normal, minor_anomaly, major_anomaly.",normal,Observed traffic is -15.3% different from the expected baseline. Main reason: explained_by_rain.
57060,50385,Church Street,Church Street,North Parramatta,Parramatta,2022-01-01,7,100.0,179.0,-79.0,-44.134078212290504,decrease,2,1,major_anomaly,unexplained_beyond_crash,Station: Church Street. Road: Church Street. Suburb: North Parramatta. Date: 2022-01-01. Hour: 7. Traffic volume: 100.0. Expected volume: 179.0. Traffic change: -44.1%. Rain: 0.0 mm. Weather: no_rain. Crash count: 1. Event count within 3km: 0. Public holiday: 0. School holiday: 0.,"Classify the anomaly level for this traffic station context. Choose one: normal, minor_anomaly, major_anomaly.",major_anomaly,Observed traffic is -44.1% different from the expected baseline. Main reason: unexplained_beyond_crash.
57060,50385,Church Street,Church Street,North Parramatta,Parramatta,2022-01-07,8,468.0,793.0,-325.0,-40.98360655737705,decrease,2,1,major_anomaly,unexplained_beyond_crash,Station: Church Street. Road: Church Street. Suburb: North Parramatta. Date: 2022-01-07. Hour: 8. Traffic volume: 468.0. Expected volume: 793.0. Traffic change: -41.0%. Rain: 0.0 mm. Weather: no_rain+overcast. Crash count: 2. Event count within 3km: 0. Public holiday: 0. School holiday: 0.,"Classify the anomaly level for this traffic station context. Choose one: normal, minor_anomaly, major_anomaly.",major_anomaly,Observed traffic is -41.0% different from the expected baseline. Main reason: unexplained_beyond_crash.
57060,50385,Church Street,Church Street,North Parramatta,Parramatta,2022-01-01,15,408.0,779.5,-371.5,-47.658755612572165,decrease,2,1,major_anomaly,unexplained_beyond_crash,Station: Church Street. Road: Church Street. Suburb: North Parramatta. Date: 2022-01-01. Hour: 15. Traffic volume: 408.0. Expected volume: 779.5. Traffic change: -47.7%. Rain: 0.0 mm. Weather: no_rain+overcast. Crash count: 2. Event count within 3km: 0. Public holiday: 0. School holiday: 0.,"Classify the anomaly level for this traffic station context. Choose one: normal, minor_anomaly, major_anomaly.",major_anomaly,Observed traffic is -47.7% different from the expected baseline. Main reason: unexplained_beyond_crash.
57060,50385,Church Street,Church Street,North Parramatta,Parramatta,2022-02-07,22,205.0,250.5,-45.5,-18.163672654690618,no_change,0,0,minor_anomaly,unexplained_no_context,Station: Church Street. Road: Church Street. Suburb: North Parramatta. Date: 2022-02-07. Hour: 22. Traffic volume: 205.0. Expected volume: 250.5. Traffic change: -18.2%. Rain: 0.0 mm. Weather: no_rain+very_humid. Crash count: 0. Event count within 3km: 0. Public holiday: 0. School holiday: 0.,"Classify the anomaly level for this traffic station context. Choose one: normal, minor_anomaly, major_anomaly.",minor_anomaly,Observed traffic is -18.2% different from the expected baseline. Main reason: unexplained_no_context.
57060,50385,Church Street,Church Street,North Parramatta,Parramatta,2022-02-07,20,359.0,484.0,-125.0,-25.826446280991732,decrease,0,0,minor_anomaly,unexplained_no_context,Station: Church Street. Road: Church Street. Suburb: North Parramatta. Date: 2022-02-07. Hour: 20. Traffic volume: 359.0. Expected volume: 484.0. Traffic change: -25.8%. Rain: 0.0 mm. Weather: no_rain. Crash count: 0. Event count within 3km: 0. Public holiday: 0. School holiday: 0.,"Classify the anomaly level for this traffic station context. Choose one: normal, minor_anomaly, major_anomaly.",minor_anomaly,Observed traffic is -25.8% different from the expected baseline. Main reason: unexplained_no_context.
57060,50385,Church Street,Church Street,North Parramatta,Parramatta,2022-01-02,10,491.0,631.0,-140.0,-22.18700475435816,decrease,0,0,minor_anomaly,unexplained_no_context,Station: Church Street. Road: Church Street. Suburb: North Parramatta. Date: 2022-01-02. Hour: 10. Traffic volume: 491.0. Expected volume: 631.0. Traffic change: -22.2%. Rain: 0.0 mm. Weather: no_rain. Crash count: 0. Event count within 3km: 0. Public holiday: 0. School holiday: 0.,"Classify the anomaly level for this traffic station context. Choose one: normal, minor_anomaly, major_anomaly.",minor_anomaly,Observed traffic is -22.2% different from the expected baseline. Main reason: unexplained_no_context.
57060,50385,Church Street,Church Street,North Parramatta,Parramatta,2022-01-08,12,726.0,842.5,-116.5,-13.827893175074186,no_change,2,1,normal,explained_by_crash,Station: Church Street. Road: Church Street. Suburb: North Parramatta. Date: 2022-01-08. Hour: 12. Traffic volume: 726.0. Expected volume: 842.5. Traffic change: -13.8%. Rain: 0.0 mm. Weather: no_rain+overcast. Crash count: 3. Event count within 3km: 0. Public holiday: 0. School holiday: 0.,"Classify the anomaly level for this traffic station context. Choose one: normal, minor_anomaly, major_anomaly.",normal,Observed traffic is -13.8% different from the expected baseline. Main reason: explained_by_crash.
57060,50385,Church Street,Church Street,North Parramatta,Parramatta,2022-01-08,10,636.0,631.0,5.0,0.7923930269413629,no_change,0,0,normal,no_deviation,Station: Church Street. Road: Church Street. Suburb: North Parramatta. Date: 2022-01-08. Hour: 10. Traffic volume: 636.0. Expected volume: 631.0. Traffic change: 0.8%. Rain: 0.0 mm. Weather: no_rain. Crash count: 0. Event count within 3km: 0. Public holiday: 0. School holiday: 0.,"Classify the anomaly level for this traffic station context. Choose one: normal, minor_anomaly, major_anomaly.",normal,Observed traffic is 0.8% different from the expected baseline. Main reason: no_deviation.
57060,50385,Church Street,Church Street,North Parramatta,Parramatta,2022-02-07,13,902.0,866.0,36.0,4.157043879907621,no_change,1,1,normal,explained_by_crash,Station: Church Street. Road: Church Street. Suburb: North Parramatta. Date: 2022-02-07. Hour: 13. Traffic volume: 902.0. Expected volume: 866.0. Traffic change: 4.2%. Rain: 0.0 mm. Weather: no_rain. Crash count: 2. Event count within 3km: 0. Public holiday: 0. School holiday: 0.,"Classify the anomaly level for this traffic station context. Choose one: normal, minor_anomaly, major_anomaly.",normal,Observed traffic is 4.2% different from the expected baseline. Main reason: explained_by_crash.
57083,51210,Rutledge Street,Rutledge Street,Eastwood,Ryde,2022-02-04,23,265.0,178.0,87.0,48.87640449438202,increase,1,1,major_anomaly,unexplained_beyond_crash,Station: Rutledge Street. Road: Rutledge Street. Suburb: Eastwood. Date: 2022-02-04. Hour: 23. Traffic volume: 265.0. Expected volume: 178.0. Traffic change: 48.9%. Rain: 0.0 mm. Weather: no_rain. Crash count: 1. Event count within 3km: 0. Public holiday: 0. School holiday: 0.,"Classify the anomaly level for this traffic station context. Choose one: normal, minor_anomaly, major_anomaly.",major_anomaly,Observed traffic is 48.9% different from the expected baseline. Main reason: unexplained_beyond_crash.
57083,51210,Rutledge Street,Rutledge Street,Eastwood,Ryde,2022-02-18,23,285.0,178.0,107.0,60.1123595505618,increase,2,2,major_anomaly,unexplained_beyond_rain_crash,Station: Rutledge Street. Road: Rutledge Street. Suburb: Eastwood. Date: 2022-02-18. Hour: 23. Traffic volume: 285.0. Expected volume: 178.0. Traffic change: 60.1%. Rain: 0.2 mm. Weather: light_rain+very_humid+overcast. Crash count: 1. Event count within 3km: 0. Public holiday: 0. School holiday: 0.,"Classify the anomaly level for this traffic station context. Choose one: normal, minor_anomaly, major_anomaly.",major_anomaly,Observed traffic is 60.1% different from the expected baseline. Main reason: unexplained_beyond_rain_crash.
57083,51210,Rutledge Street,Rutledge Street,Eastwood,Ryde,2022-01-10,1,25.0,46.5,-21.5,-46.236559139784944,decrease,0,0,major_anomaly,unexplained_no_context,Station: Rutledge Street. Road: Rutledge Street. Suburb: Eastwood. Date: 2022-01-10. Hour: 1. Traffic volume: 25.0. Expected volume: 46.5. Traffic change: -46.2%. Rain: 0.0 mm. Weather: no_rain+very_humid. Crash count: 0. Event count within 3km: 0. Public holiday: 0. School holiday: 0.,"Classify the anomaly level for this traffic station context. Choose one: normal, minor_anomaly, major_anomaly.",major_anomaly,Observed traffic is -46.2% different from the expected baseline. Main reason: unexplained_no_context.
57083,51210,Rutledge Street,Rutledge Street,Eastwood,Ryde,2022-02-09,4,46.0,39.0,7.0,17.94871794871795,no_change,0,0,minor_anomaly,unexplained_no_context,Station: Rutledge Street. Road: Rutledge Street. Suburb: Eastwood. Date: 2022-02-09. Hour: 4. Traffic volume: 46.0. Expected volume: 39.0. Traffic change: 17.9%. Rain: 0.0 mm. Weather: no_rain+very_humid. Crash count: 0. Event count within 3km: 0. Public holiday: 0. School holiday: 0.,"Classify the anomaly level for this traffic station context. Choose one: normal, minor_anomaly, major_anomaly.",minor_anomaly,Observed traffic is 17.9% different from the expected baseline. Main reason: unexplained_no_context.
57083,51210,Rutledge Street,Rutledge Street,Eastwood,Ryde,2022-01-10,18,986.0,1327.0,-341.0,-25.69706103993971,decrease,2,1,minor_anomaly,unexplained_beyond_crash,Station: Rutledge Street. Road: Rutledge Street. Suburb: Eastwood. Date: 2022-01-10. Hour: 18. Traffic volume: 986.0. Expected volume: 1327.0. Traffic change: -25.7%. Rain: 0.0 mm. Weather: no_rain. Crash count: 2. Event count within 3km: 0. Public holiday: 0. School holiday: 0.,"Classify the anomaly level for this traffic station context. Choose one: normal, minor_anomaly, major_anomaly.",minor_anomaly,Observed traffic is -25.7% different from the expected baseline. Main reason: unexplained_beyond_crash.
57083,51210,Rutledge Street,Rutledge Street,Eastwood,Ryde,2022-02-12,10,1216.0,923.5,292.5,31.67298321602599,increase,3,2,minor_anomaly,unexplained_beyond_rain_crash,Station: Rutledge Street. Road: Rutledge Street. Suburb: Eastwood. Date: 2022-02-12. Hour: 10. Traffic volume: 1216.0. Expected volume: 923.5. Traffic change: 31.7%. Rain: 0.2 mm. Weather: light_rain+very_humid. Crash count: 4. Event count within 3km: 0. Public holiday: 0. School holiday: 0.,"Classify the anomaly level for this traffic station context. Choose one: normal, minor_anomaly, major_anomaly.",minor_anomaly,Observed traffic is 31.7% different from the expected baseline. Main reason: unexplained_beyond_rain_crash.
57083,51210,Rutledge Street,Rutledge Street,Eastwood,Ryde,2022-02-11,13,1068.0,957.0,111.0,11.598746081504702,no_change,3,2,normal,explained_by_crash_strong_wind,Station: Rutledge Street. Road: Rutledge Street. Suburb: Eastwood. Date: 2022-02-11. Hour: 13. Traffic volume: 1068.0. Expected volume: 957.0. Traffic change: 11.6%. Rain: 0.0 mm. Weather: no_rain+strong_wind. Crash count: 3. Event count within 3km: 0. Public holiday: 0. School holiday: 0.,"Classify the anomaly level for this traffic station context. Choose one: normal, minor_anomaly, major_anomaly.",normal,Observed traffic is 11.6% different from the expected baseline. Main reason: explained_by_crash_strong_wind.
57083,51210,Rutledge Street,Rutledge Street,Eastwood,Ryde,2022-02-13,18,1062.0,981.0,81.0,8.256880733944955,no_change,2,1,normal,explained_by_crash,Station: Rutledge Street. Road: Rutledge Street. Suburb: Eastwood. Date: 2022-02-13. Hour: 18. Traffic volume: 1062.0. Expected volume: 981.0. Traffic change: 8.3%. Rain: 0.0 mm. Weather: no_rain+overcast. Crash count: 3. Event count within 3km: 0. Public holiday: 0. School holiday: 0.,"Classify the anomaly level for this traffic station context. Choose one: normal, minor_anomaly, major_anomaly.",normal,Observed traffic is 8.3% different from the expected baseline. Main reason: explained_by_crash.
57083,51210,Rutledge Street,Rutledge Street,Eastwood,Ryde,2022-01-07,15,1153.0,1373.0,-220.0,-16.023306627822286,no_change,2,2,normal,explained_by_rain_crash,Station: Rutledge Street. Road: Rutledge Street. Suburb: Eastwood. Date: 2022-01-07. Hour: 15. Traffic volume: 1153.0. Expected volume: 1373.0. Traffic change: -16.0%. Rain: 0.3 mm. Weather: light_rain+overcast. Crash count: 1. Event count within 3km: 0. Public holiday: 0. School holiday: 0.,"Classify the anomaly level for this traffic station context. Choose one: normal, minor_anomaly, major_anomaly.",normal,Observed traffic is -16.0% different from the expected baseline. Main reason: explained_by_rain_crash.
57095,51234,Lane Cove Road,Lane Cove Road,Ryde,Ryde,2022-02-12,7,1739.0,1107.0,632.0,57.091237579042456,increase,3,2,major_anomaly,unexplained_beyond_rain_crash,Station: Lane Cove Road. Road: Lane Cove Road. Suburb: Ryde. Date: 2022-02-12. Hour: 7. Traffic volume: 1739.0. Expected volume: 1107.0. Traffic change: 57.1%. Rain: 0.1 mm. Weather: no_rain+very_humid. Crash count: 1. Event count within 3km: 0. Public holiday: 0. School holiday: 0.,"Classify the anomaly level for this traffic station context. Choose one: normal, minor_anomaly, major_anomaly.",major_anomaly,Observed traffic is 57.1% different from the expected baseline. Main reason: unexplained_beyond_rain_crash.
57095,51234,Lane Cove Road,Lane Cove Road,Ryde,Ryde,2022-09-17,7,1573.0,1107.0,466.0,42.09575429087624,increase,0,0,major_anomaly,unexplained_no_context,Station: Lane Cove Road. Road: Lane Cove Road. Suburb: Ryde. Date: 2022-09-17. Hour: 7. Traffic volume: 1573.0. Expected volume: 1107.0. Traffic change: 42.1%. Rain: 0.0 mm. Weather: no_rain. Crash count: 0. Event count within 3km: 0. Public holiday: 0. School holiday: 0.,"Classify the anomaly level for this traffic station context. Choose one: normal, minor_anomaly, major_anomaly.",major_anomaly,Observed traffic is 42.1% different from the expected baseline. Main reason: unexplained_no_context.
57095,51234,Lane Cove Road,Lane Cove Road,Ryde,Ryde,2022-01-04,3,291.0,155.0,136.0,87.74193548387098,increase,1,1,major_anomaly,unexplained_beyond_crash,Station: Lane Cove Road. Road: Lane Cove Road. Suburb: Ryde. Date: 2022-01-04. Hour: 3. Traffic volume: 291.0. Expected volume: 155.0. Traffic change: 87.7%. Rain: 0.0 mm. Weather: no_rain+very_humid. Crash count: 1. Event count within 3km: 0. Public holiday: 0. School holiday: 0.,"Classify the anomaly level for this traffic station context. Choose one: normal, minor_anomaly, major_anomaly.",major_anomaly,Observed traffic is 87.7% different from the expected baseline. Main reason: unexplained_beyond_crash.
57095,51234,Lane Cove Road,Lane Cove Road,Ryde,Ryde,2022-02-19,1,118.0,161.0,-43.0,-26.70807453416149,decrease,1,1,minor_anomaly,unexplained_beyond_crash,Station: Lane Cove Road. Road: Lane Cove Road. Suburb: Ryde. Date: 2022-02-19. Hour: 1. Traffic volume: 118.0. Expected volume: 161.0. Traffic change: -26.7%. Rain: 0.0 mm. Weather: no_rain+very_humid+overcast. Crash count: 1. Event count within 3km: 0. Public holiday: 0. School holiday: 0.,"Classify the anomaly level for this traffic station context. Choose one: normal, minor_anomaly, major_anomaly.",minor_anomaly,Observed traffic is -26.7% different from the expected baseline. Main reason: unexplained_beyond_crash.
57095,51234,Lane Cove Road,Lane Cove Road,Ryde,Ryde,2022-08-17,22,570.0,492.0,78.0,15.853658536585366,no_change,0,0,minor_anomaly,unexplained_no_context,Station: Lane Cove Road. Road: Lane Cove Road. Suburb: Ryde. Date: 2022-08-17. Hour: 22. Traffic volume: 570.0. Expected volume: 492.0. Traffic change: 15.9%. Rain: 0.0 mm. Weather: no_rain+very_humid. Crash count: 0. Event count within 3km: 0. Public holiday: 0. School holiday: 0.,"Classify the anomaly level for this traffic station context. Choose one: normal, minor_anomaly, major_anomaly.",minor_anomaly,Observed traffic is 15.9% different from the expected baseline. Main reason: unexplained_no_context.
57095,51234,Lane Cove Road,Lane Cove Road,Ryde,Ryde,2022-01-06,18,912.0,1418.0,-506.0,-35.684062059238364,decrease,3,2,minor_anomaly,unexplained_beyond_crash_strong_wind,Station: Lane Cove Road. Road: Lane Cove Road. Suburb: Ryde. Date: 2022-01-06. Hour: 18. Traffic volume: 912.0. Expected volume: 1418.0. Traffic change: -35.7%. Rain: 0.0 mm. Weather: no_rain+strong_wind. Crash count: 1. Event count within 3km: 0. Public holiday: 0. School holiday: 0.,"Classify the anomaly level for this traffic station context. Choose one: normal, minor_anomaly, major_anomaly.",minor_anomaly,Observed traffic is -35.7% different from the expected baseline. Main reason: unexplained_beyond_crash_strong_wind.
57095,51234,Lane Cove Road,Lane Cove Road,Ryde,Ryde,2022-09-15,7,2079.0,2029.0,50.0,2.464268112370626,no_change,0,0,normal,no_deviation,Station: Lane Cove Road. Road: Lane Cove Road. Suburb: Ryde. Date: 2022-09-15. Hour: 7. Traffic volume: 2079.0. Expected volume: 2029.0. Traffic change: 2.5%. Rain: 0.0 mm. Weather: no_rain+very_humid+overcast. Crash count: 0. Event count within 3km: 0. Public holiday: 0. School holiday: 0.,"Classify the anomaly level for this traffic station context. Choose one: normal, minor_anomaly, major_anomaly.",normal,Observed traffic is 2.5% different from the expected baseline. Main reason: no_deviation.
57095,51234,Lane Cove Road,Lane Cove Road,Ryde,Ryde,2022-09-08,4,420.0,408.0,12.0,2.941176470588235,no_change,2,1,normal,explained_by_crash,Station: Lane Cove Road. Road: Lane Cove Road. Suburb: Ryde. Date: 2022-09-08. Hour: 4. Traffic volume: 420.0. Expected volume: 408.0. Traffic change: 2.9%. Rain: 0.0 mm. Weather: no_rain+very_humid. Crash count: 2. Event count within 3km: 0. Public holiday: 0. School holiday: 0.,"Classify the anomaly level for this traffic station context. Choose one: normal, minor_anomaly, major_anomaly.",normal,Observed traffic is 2.9% different from the expected baseline. Main reason: explained_by_crash.
57095,51234,Lane Cove Road,Lane Cove Road,Ryde,Ryde,2022-08-05,15,1749.0,1674.5,74.5,4.4490892803822035,no_change,2,1,normal,explained_by_crash,Station: Lane Cove Road. Road: Lane Cove Road. Suburb: Ryde. Date: 2022-08-05. Hour: 15. Traffic volume: 1749.0. Expected volume: 1674.5. Traffic change: 4.4%. Rain: 0.0 mm. Weather: no_rain. Crash count: 2. Event count within 3km: 0. Public holiday: 0. School holiday: 0.,"Classify the anomaly level for this traffic station context. Choose one: normal, minor_anomaly, major_anomaly.",normal,Observed traffic is 4.4% different from the expected baseline. Main reason: explained_by_crash.
57096,51235,Victoria Road,Victoria Road,Ryde,Ryde,2022-06-11,18,3299.0,1658.5,1640.5,98.91468194151342,increase,1,1,major_anomaly,unexplained_beyond_crash,Station: Victoria Road. Road: Victoria Road. Suburb: Ryde. Date: 2022-06-11. Hour: 18. Traffic volume: 3299.0. Expected volume: 1658.5. Traffic change: 98.9%. Rain: 0.0 mm. Weather: no_rain. Crash count: 1. Event count within 3km: 0. Public holiday: 0. School holiday: 0.,"Classify the anomaly level for this traffic station context. Choose one: normal, minor_anomaly, major_anomaly.",major_anomaly,Observed traffic is 98.9% different from the expected baseline. Main reason: unexplained_beyond_crash.
57096,51235,Victoria Road,Victoria Road,Ryde,Ryde,2022-03-27,21,1744.0,1049.5,694.5,66.1743687470224,increase,0,0,major_anomaly,unexplained_no_context,Station: Victoria Road. Road: Victoria Road. Suburb: Ryde. Date: 2022-03-27. Hour: 21. Traffic volume: 1744.0. Expected volume: 1049.5. Traffic change: 66.2%. Rain: 0.0 mm. Weather: no_rain+very_humid+overcast. Crash count: 0. Event count within 3km: 0. Public holiday: 0. School holiday: 0.,"Classify the anomaly level for this traffic station context. Choose one: normal, minor_anomaly, major_anomaly.",major_anomaly,Observed traffic is 66.2% different from the expected baseline. Main reason: unexplained_no_context.
57096,51235,Victoria Road,Victoria Road,Ryde,Ryde,2022-02-10,18,3984.0,1831.0,2153.0,117.58601856908793,increase,1,1,major_anomaly,unexplained_beyond_rain,Station: Victoria Road. Road: Victoria Road. Suburb: Ryde. Date: 2022-02-10. Hour: 18. Traffic volume: 3984.0. Expected volume: 1831.0. Traffic change: 117.6%. Rain: 0.1 mm. Weather: no_rain. Crash count: 0. Event count within 3km: 0. Public holiday: 0. School holiday: 0.,"Classify the anomaly level for this traffic station context. Choose one: normal, minor_anomaly, major_anomaly.",major_anomaly,Observed traffic is 117.6% different from the expected baseline. Main reason: unexplained_beyond_rain.
57096,51235,Victoria Road,Victoria Road,Ryde,Ryde,2024-12-22,6,767.0,1069.0,-302.0,-28.250701590271284,decrease,0,0,minor_anomaly,unexplained_no_context,Station: Victoria Road. Road: Victoria Road. Suburb: Ryde. Date: 2024-12-22. Hour: 6. Traffic volume: 767.0. Expected volume: 1069.0. Traffic change: -28.3%. Rain: 0.0 mm. Weather: no_rain+overcast. Crash count: 0. Event count within 3km: 0. Public holiday: 0. School holiday: 0.,"Classify the anomaly level for this traffic station context. Choose one: normal, minor_anomaly, major_anomaly.",minor_anomaly,Observed traffic is -28.3% different from the expected baseline. Main reason: unexplained_no_context.
57096,51235,Victoria Road,Victoria Road,Ryde,Ryde,2022-06-08,11,1452.0,1718.0,-266.0,-15.48311990686845,no_change,0,0,minor_anomaly,unexplained_no_context,Station: Victoria Road. Road: Victoria Road. Suburb: Ryde. Date: 2022-06-08. Hour: 11. Traffic volume: 1452.0. Expected volume: 1718.0. Traffic change: -15.5%. Rain: 0.0 mm. Weather: no_rain. Crash count: 0. Event count within 3km: 0. Public holiday: 0. School holiday: 0.,"Classify the anomaly level for this traffic station context. Choose one: normal, minor_anomaly, major_anomaly.",minor_anomaly,Observed traffic is -15.5% different from the expected baseline. Main reason: unexplained_no_context.
57096,51235,Victoria Road,Victoria Road,Ryde,Ryde,2022-09-05,20,889.0,1077.0,-188.0,-17.45589600742804,no_change,0,0,minor_anomaly,unexplained_no_context,Station: Victoria Road. Road: Victoria Road. Suburb: Ryde. Date: 2022-09-05. Hour: 20. Traffic volume: 889.0. Expected volume: 1077.0. Traffic change: -17.5%. Rain: 0.0 mm. Weather: no_rain. Crash count: 0. Event count within 3km: 0. Public holiday: 0. School holiday: 0.,"Classify the anomaly level for this traffic station context. Choose one: normal, minor_anomaly, major_anomaly.",minor_anomaly,Observed traffic is -17.5% different from the expected baseline. Main reason: unexplained_no_context.
57096,51235,Victoria Road,Victoria Road,Ryde,Ryde,2024-10-26,10,2141.0,2016.0,125.0,6.200396825396826,no_change,2,1,normal,explained_by_crash,Station: Victoria Road. Road: Victoria Road. Suburb: Ryde. Date: 2024-10-26. Hour: 10. Traffic volume: 2141.0. Expected volume: 2016.0. Traffic change: 6.2%. Rain: 0.0 mm. Weather: no_rain. Crash count: 3. Event count within 3km: 0. Public holiday: 0. School holiday: 0.,"Classify the anomaly level for this traffic station context. Choose one: normal, minor_anomaly, major_anomaly.",normal,Observed traffic is 6.2% different from the expected baseline. Main reason: explained_by_crash.
57096,51235,Victoria Road,Victoria Road,Ryde,Ryde,2023-03-16,0,199.0,176.0,23.0,13.068181818181818,no_change,2,1,normal,explained_by_crash,Station: Victoria Road. Road: Victoria Road. Suburb: Ryde. Date: 2023-03-16. Hour: 0. Traffic volume: 199.0. Expected volume: 176.0. Traffic change: 13.1%. Rain: 0.0 mm. Weather: no_rain+very_humid. Crash count: 1. Event count within 3km: 0. Public holiday: 0. School holiday: 0.,"Classify the anomaly level for this traffic station context. Choose one: normal, minor_anomaly, major_anomaly.",normal,Observed traffic is 13.1% different from the expected baseline. Main reason: explained_by_crash.
57096,51235,Victoria Road,Victoria Road,Ryde,Ryde,2024-09-01,9,1826.0,1928.0,-102.0,-5.29045643153527,no_change,0,0,normal,no_deviation,Station: Victoria Road. Road: Victoria Road. Suburb: Ryde. Date: 2024-09-01. Hour: 9. Traffic volume: 1826.0. Expected volume: 1928.0. Traffic change: -5.3%. Rain: 0.0 mm. Weather: no_rain. Crash count: 0. Event count within 3km: 0. Public holiday: 0. School holiday: 0.,"Classify the anomaly level for this traffic station context. Choose one: normal, minor_anomaly, major_anomaly.",normal,Observed traffic is -5.3% different from the expected baseline. Main reason: no_deviation.
57101,52039,Hills Motorway,M2 Motorway,North Ryde,Ryde,2022-02-14,0,245.0,78.0,167.0,214.1025641025641,increase,0,0,major_anomaly,unexplained_no_context,Station: Hills Motorway. Road: M2 Motorway. Suburb: North Ryde. Date: 2022-02-14. Hour: 0. Traffic volume: 245.0. Expected volume: 78.0. Traffic change: 214.1%. Rain: 0.0 mm. Weather: no_rain+very_humid. Crash count: 0. Event count within 3km: 0. Public holiday: 0. School holiday: 0.,"Classify the anomaly level for this traffic station context. Choose one: normal, minor_anomaly, major_anomaly.",major_anomaly,Observed traffic is 214.1% different from the expected baseline. Main reason: unexplained_no_context.
57101,52039,Hills Motorway,M2 Motorway,North Ryde,Ryde,2022-01-09,7,373.0,861.5,-488.5,-56.7034242600116,decrease,1,1,major_anomaly,unexplained_beyond_rain,Station: Hills Motorway. Road: M2 Motorway. Suburb: North Ryde. Date: 2022-01-09. Hour: 7. Traffic volume: 373.0. Expected volume: 861.5. Traffic change: -56.7%. Rain: 0.1 mm. Weather: no_rain+very_humid+overcast. Crash count: 0. Event count within 3km: 0. Public holiday: 0. School holiday: 0.,"Classify the anomaly level for this traffic station context. Choose one: normal, minor_anomaly, major_anomaly.",major_anomaly,Observed traffic is -56.7% different from the expected baseline. Main reason: unexplained_beyond_rain.
57101,52039,Hills Motorway,M2 Motorway,North Ryde,Ryde,2022-02-14,6,4446.0,2741.0,1705.0,62.203575337468074,increase,2,1,major_anomaly,unexplained_beyond_crash,Station: Hills Motorway. Road: M2 Motorway. Suburb: North Ryde. Date: 2022-02-14. Hour: 6. Traffic volume: 4446.0. Expected volume: 2741.0. Traffic change: 62.2%. Rain: 0.0 mm. Weather: no_rain+very_humid. Crash count: 1. Event count within 3km: 0. Public holiday: 0. School holiday: 0.,"Classify the anomaly level for this traffic station context. Choose one: normal, minor_anomaly, major_anomaly.",major_anomaly,Observed traffic is 62.2% different from the expected baseline. Main reason: unexplained_beyond_crash.
57101,52039,Hills Motorway,M2 Motorway,North Ryde,Ryde,2022-01-08,14,1580.0,2341.0,-761.0,-32.50747543784707,decrease,2,2,minor_anomaly,unexplained_beyond_rain_crash,Station: Hills Motorway. Road: M2 Motorway. Suburb: North Ryde. Date: 2022-01-08. Hour: 14. Traffic volume: 1580.0. Expected volume: 2341.0. Traffic change: -32.5%. Rain: 1.3 mm. Weather: light_rain+very_humid+overcast. Crash count: 1. Event count within 3km: 0. Public holiday: 0. School holiday: 0.,"Classify the anomaly level for this traffic station context. Choose one: normal, minor_anomaly, major_anomaly.",minor_anomaly,Observed traffic is -32.5% different from the expected baseline. Main reason: unexplained_beyond_rain_crash.
57101,52039,Hills Motorway,M2 Motorway,North Ryde,Ryde,2022-01-06,21,359.0,515.5,-156.5,-30.358874878758485,decrease,3,2,minor_anomaly,unexplained_beyond_crash_strong_wind,Station: Hills Motorway. Road: M2 Motorway. Suburb: North Ryde. Date: 2022-01-06. Hour: 21. Traffic volume: 359.0. Expected volume: 515.5. Traffic change: -30.4%. Rain: 0.0 mm. Weather: no_rain+strong_wind. Crash count: 1. Event count within 3km: 0. Public holiday: 0. School holiday: 0.,"Classify the anomaly level for this traffic station context. Choose one: normal, minor_anomaly, major_anomaly.",minor_anomaly,Observed traffic is -30.4% different from the expected baseline. Main reason: unexplained_beyond_crash_strong_wind.
57101,52039,Hills Motorway,M2 Motorway,North Ryde,Ryde,2022-01-04,4,164.0,218.5,-54.5,-24.94279176201373,decrease,0,0,minor_anomaly,unexplained_no_context,Station: Hills Motorway. Road: M2 Motorway. Suburb: North Ryde. Date: 2022-01-04. Hour: 4. Traffic volume: 164.0. Expected volume: 218.5. Traffic change: -24.9%. Rain: 0.0 mm. Weather: no_rain+very_humid. Crash count: 0. Event count within 3km: 0. Public holiday: 0. School holiday: 0.,"Classify the anomaly level for this traffic station context. Choose one: normal, minor_anomaly, major_anomaly.",minor_anomaly,Observed traffic is -24.9% different from the expected baseline. Main reason: unexplained_no_context.
57101,52039,Hills Motorway,M2 Motorway,North Ryde,Ryde,2022-02-19,13,2350.0,2534.5,-184.5,-7.279542316038666,no_change,3,2,normal,explained_by_rain_crash,Station: Hills Motorway. Road: M2 Motorway. Suburb: North Ryde. Date: 2022-02-19. Hour: 13. Traffic volume: 2350.0. Expected volume: 2534.5. Traffic change: -7.3%. Rain: 0.1 mm. Weather: no_rain+overcast. Crash count: 2. Event count within 3km: 0. Public holiday: 0. School holiday: 0.,"Classify the anomaly level for this traffic station context. Choose one: normal, minor_anomaly, major_anomaly.",normal,Observed traffic is -7.3% different from the expected baseline. Main reason: explained_by_rain_crash.
57101,52039,Hills Motorway,M2 Motorway,North Ryde,Ryde,2022-01-01,22,738.0,654.0,84.0,12.844036697247708,no_change,0,0,normal,no_deviation,Station: Hills Motorway. Road: M2 Motorway. Suburb: North Ryde. Date: 2022-01-01. Hour: 22. Traffic volume: 738.0. Expected volume: 654.0. Traffic change: 12.8%. Rain: 0.0 mm. Weather: no_rain+very_humid. Crash count: 0. Event count within 3km: 0. Public holiday: 0. School holiday: 0.,"Classify the anomaly level for this traffic station context. Choose one: normal, minor_anomaly, major_anomaly.",normal,Observed traffic is 12.8% different from the expected baseline. Main reason: no_deviation.
57101,52039,Hills Motorway,M2 Motorway,North Ryde,Ryde,2022-01-11,14,1474.0,1922.0,-448.0,-23.30905306971904,decrease,3,2,normal,explained_by_rain_crash,Station: Hills Motorway. Road: M2 Motorway. Suburb: North Ryde. Date: 2022-01-11. Hour: 14. Traffic volume: 1474.0. Expected volume: 1922.0. Traffic change: -23.3%. Rain: 0.2 mm. Weather: light_rain+very_humid+overcast. Crash count: 1. Event count within 3km: 0. Public holiday: 0. School holiday: 0.,"Classify the anomaly level for this traffic station context. Choose one: normal, minor_anomaly, major_anomaly.",normal,Observed traffic is -23.3% different from the expected baseline. Main reason: explained_by_rain_crash.
57103,53001,Mona Vale Road,Mona Vale Road,Pymble,Ku-Ring-Gai,2022-02-10,23,477.0,280.0,197.0,70.35714285714286,increase,1,1,major_anomaly,unexplained_beyond_rain,Station: Mona Vale Road. Road: Mona Vale Road. Suburb: Pymble. Date: 2022-02-10. Hour: 23. Traffic volume: 477.0. Expected volume: 280.0. Traffic change: 70.4%. Rain: 1.1 mm. Weather: light_rain+very_humid+overcast. Crash count: 0. Event count within 3km: 0. Public holiday: 0. School holiday: 0.,"Classify the anomaly level for this traffic station context. Choose one: normal, minor_anomaly, major_anomaly.",major_anomaly,Observed traffic is 70.4% different from the expected baseline. Main reason: unexplained_beyond_rain.
57103,53001,Mona Vale Road,Mona Vale Road,Pymble,Ku-Ring-Gai,2022-02-05,6,1050.0,563.5,486.5,86.33540372670807,increase,1,1,major_anomaly,unexplained_beyond_rain,Station: Mona Vale Road. Road: Mona Vale Road. Suburb: Pymble. Date: 2022-02-05. Hour: 6. Traffic volume: 1050.0. Expected volume: 563.5. Traffic change: 86.3%. Rain: 0.1 mm. Weather: no_rain. Crash count: 0. Event count within 3km: 0. Public holiday: 0. School holiday: 0.,"Classify the anomaly level for this traffic station context. Choose one: normal, minor_anomaly, major_anomaly.",major_anomaly,Observed traffic is 86.3% different from the expected baseline. Main reason: unexplained_beyond_rain.
57103,53001,Mona Vale Road,Mona Vale Road,Pymble,Ku-Ring-Gai,2022-02-05,7,1414.0,930.0,484.0,52.04301075268817,increase,0,0,major_anomaly,unexplained_no_context,Station: Mona Vale Road. Road: Mona Vale Road. Suburb: Pymble. Date: 2022-02-05. Hour: 7. Traffic volume: 1414.0. Expected volume: 930.0. Traffic change: 52.0%. Rain: 0.0 mm. Weather: no_rain. Crash count: 0. Event count within 3km: 0. Public holiday: 0. School holiday: 0.,"Classify the anomaly level for this traffic station context. Choose one: normal, minor_anomaly, major_anomaly.",major_anomaly,Observed traffic is 52.0% different from the expected baseline. Main reason: unexplained_no_context.
57103,53001,Mona Vale Road,Mona Vale Road,Pymble,Ku-Ring-Gai,2022-02-09,1,75.0,95.0,-20.0,-21.052631578947366,decrease,0,0,minor_anomaly,unexplained_no_context,Station: Mona Vale Road. Road: Mona Vale Road. Suburb: Pymble. Date: 2022-02-09. Hour: 1. Traffic volume: 75.0. Expected volume: 95.0. Traffic change: -21.1%. Rain: 0.0 mm. Weather: no_rain+very_humid. Crash count: 0. Event count within 3km: 0. Public holiday: 0. School holiday: 0.,"Classify the anomaly level for this traffic station context. Choose one: normal, minor_anomaly, major_anomaly.",minor_anomaly,Observed traffic is -21.1% different from the expected baseline. Main reason: unexplained_no_context.
57103,53001,Mona Vale Road,Mona Vale Road,Pymble,Ku-Ring-Gai,2022-02-11,3,101.0,80.0,21.0,26.25,increase,2,2,minor_anomaly,unexplained_beyond_rain_crash,Station: Mona Vale Road. Road: Mona Vale Road. Suburb: Pymble. Date: 2022-02-11. Hour: 3. Traffic volume: 101.0. Expected volume: 80.0. Traffic change: 26.2%. Rain: 0.1 mm. Weather: no_rain+very_humid+overcast. Crash count: 1. Event count within 3km: 0. Public holiday: 0. School holiday: 0.,"Classify the anomaly level for this traffic station context. Choose one: normal, minor_anomaly, major_anomaly.",minor_anomaly,Observed traffic is 26.2% different from the expected baseline. Main reason: unexplained_beyond_rain_crash.
57103,53001,Mona Vale Road,Mona Vale Road,Pymble,Ku-Ring-Gai,2022-01-01,6,442.0,563.5,-121.5,-21.56166814551908,decrease,0,0,minor_anomaly,unexplained_no_context,Station: Mona Vale Road. Road: Mona Vale Road. Suburb: Pymble. Date: 2022-01-01. Hour: 6. Traffic volume: 442.0. Expected volume: 563.5. Traffic change: -21.6%. Rain: 0.0 mm. Weather: no_rain. Crash count: 0. Event count within 3km: 0. Public holiday: 0. School holiday: 0.,"Classify the anomaly level for this traffic station context. Choose one: normal, minor_anomaly, major_anomaly.",minor_anomaly,Observed traffic is -21.6% different from the expected baseline. Main reason: unexplained_no_context.
57103,53001,Mona Vale Road,Mona Vale Road,Pymble,Ku-Ring-Gai,2022-02-10,12,2661.0,2440.0,221.0,9.057377049180328,no_change,2,1,normal,explained_by_crash,Station: Mona Vale Road. Road: Mona Vale Road. Suburb: Pymble. Date: 2022-02-10. Hour: 12. Traffic volume: 2661.0. Expected volume: 2440.0. Traffic change: 9.1%. Rain: 0.0 mm. Weather: no_rain. Crash count: 2. Event count within 3km: 0. Public holiday: 0. School holiday: 0.,"Classify the anomaly level for this traffic station context. Choose one: normal, minor_anomaly, major_anomaly.",normal,Observed traffic is 9.1% different from the expected baseline. Main reason: explained_by_crash.
57103,53001,Mona Vale Road,Mona Vale Road,Pymble,Ku-Ring-Gai,2022-02-03,8,3420.0,3420.0,0.0,0.0,no_change,2,1,normal,explained_by_crash,Station: Mona Vale Road. Road: Mona Vale Road. Suburb: Pymble. Date: 2022-02-03. Hour: 8. Traffic volume: 3420.0. Expected volume: 3420.0. Traffic change: 0.0%. Rain: 0.0 mm. Weather: no_rain. Crash count: 1. Event count within 3km: 0. Public holiday: 0. School holiday: 0.,"Classify the anomaly level for this traffic station context. Choose one: normal, minor_anomaly, major_anomaly.",normal,Observed traffic is 0.0% different from the expected baseline. Main reason: explained_by_crash.
57103,53001,Mona Vale Road,Mona Vale Road,Pymble,Ku-Ring-Gai,2022-02-13,13,2754.0,2673.5,80.5,3.0110342247989528,no_change,1,1,normal,explained_by_rain,Station: Mona Vale Road. Road: Mona Vale Road. Suburb: Pymble. Date: 2022-02-13. Hour: 13. Traffic volume: 2754.0. Expected volume: 2673.5. Traffic change: 3.0%. Rain: 0.4 mm. Weather: light_rain. Crash count: 0. Event count within 3km: 0. Public holiday: 0. School holiday: 0.,"Classify the anomaly level for this traffic station context. Choose one: normal, minor_anomaly, major_anomaly.",normal,Observed traffic is 3.0% different from the expected baseline. Main reason: explained_by_rain.
57104,53003,Pacific Highway,Pacific Highway,Warrawee,Ku-Ring-Gai,2022-11-19,15,1976.0,4070.5,-2094.5,-51.455595135732715,decrease,2,1,major_anomaly,unexplained_beyond_crash,Station: Pacific Highway. Road: Pacific Highway. Suburb: Warrawee. Date: 2022-11-19. Hour: 15. Traffic volume: 1976.0. Expected volume: 4070.5. Traffic change: -51.5%. Rain: 0.0 mm. Weather: no_rain. Crash count: 2. Event count within 3km: 0. Public holiday: 0. School holiday: 0.,"Classify the anomaly level for this traffic station context. Choose one: normal, minor_anomaly, major_anomaly.",major_anomaly,Observed traffic is -51.5% different from the expected baseline. Main reason: unexplained_beyond_crash.
57104,53003,Pacific Highway,Pacific Highway,Warrawee,Ku-Ring-Gai,2023-03-19,7,930.0,1688.0,-758.0,-44.90521327014218,decrease,0,0,major_anomaly,unexplained_no_context,Station: Pacific Highway. Road: Pacific Highway. Suburb: Warrawee. Date: 2023-03-19. Hour: 7. Traffic volume: 930.0. Expected volume: 1688.0. Traffic change: -44.9%. Rain: 0.0 mm. Weather: no_rain+very_humid+overcast. Crash count: 0. Event count within 3km: 0. Public holiday: 0. School holiday: 0.,"Classify the anomaly level for this traffic station context. Choose one: normal, minor_anomaly, major_anomaly.",major_anomaly,Observed traffic is -44.9% different from the expected baseline. Main reason: unexplained_no_context.
57104,53003,Pacific Highway,Pacific Highway,Warrawee,Ku-Ring-Gai,2024-03-15,23,996.0,589.0,407.0,69.10016977928693,increase,0,0,major_anomaly,unexplained_no_context,Station: Pacific Highway. Road: Pacific Highway. Suburb: Warrawee. Date: 2024-03-15. Hour: 23. Traffic volume: 996.0. Expected volume: 589.0. Traffic change: 69.1%. Rain: 0.0 mm. Weather: no_rain. Crash count: 0. Event count within 3km: 0. Public holiday: 0. School holiday: 0.,"Classify the anomaly level for this traffic station context. Choose one: normal, minor_anomaly, major_anomaly.",major_anomaly,Observed traffic is 69.1% different from the expected baseline. Main reason: unexplained_no_context.
57104,53003,Pacific Highway,Pacific Highway,Warrawee,Ku-Ring-Gai,2023-03-09,19,3040.0,2408.0,632.0,26.245847176079735,increase,2,1,minor_anomaly,unexplained_beyond_crash,Station: Pacific Highway. Road: Pacific Highway. Suburb: Warrawee. Date: 2023-03-09. Hour: 19. Traffic volume: 3040.0. Expected volume: 2408.0. Traffic change: 26.2%. Rain: 0.0 mm. Weather: no_rain. Crash count: 1. Event count within 3km: 0. Public holiday: 0. School holiday: 0.,"Classify the anomaly level for this traffic station context. Choose one: normal, minor_anomaly, major_anomaly.",minor_anomaly,Observed traffic is 26.2% different from the expected baseline. Main reason: unexplained_beyond_crash.
57104,53003,Pacific Highway,Pacific Highway,Warrawee,Ku-Ring-Gai,2024-07-11,7,3774.0,4542.0,-768.0,-16.90885072655218,no_change,0,0,minor_anomaly,unexplained_no_context,Station: Pacific Highway. Road: Pacific Highway. Suburb: Warrawee. Date: 2024-07-11. Hour: 7. Traffic volume: 3774.0. Expected volume: 4542.0. Traffic change: -16.9%. Rain: 0.0 mm. Weather: no_rain+very_humid. Crash count: 0. Event count within 3km: 0. Public holiday: 0. School holiday: 0.,"Classify the anomaly level for this traffic station context. Choose one: normal, minor_anomaly, major_anomaly.",minor_anomaly,Observed traffic is -16.9% different from the expected baseline. Main reason: unexplained_no_context.
57104,53003,Pacific Highway,Pacific Highway,Warrawee,Ku-Ring-Gai,2024-01-29,8,2850.0,4107.0,-1257.0,-30.606281957633307,decrease,3,2,minor_anomaly,unexplained_beyond_rain_crash,Station: Pacific Highway. Road: Pacific Highway. Suburb: Warrawee. Date: 2024-01-29. Hour: 8. Traffic volume: 2850.0. Expected volume: 4107.0. Traffic change: -30.6%. Rain: 0.1 mm. Weather: no_rain+overcast. Crash count: 3. Event count within 3km: 0. Public holiday: 0. School holiday: 0.,"Classify the anomaly level for this traffic station context. Choose one: normal, minor_anomaly, major_anomaly.",minor_anomaly,Observed traffic is -30.6% different from the expected baseline. Main reason: unexplained_beyond_rain_crash.
57104,53003,Pacific Highway,Pacific Highway,Warrawee,Ku-Ring-Gai,2023-04-13,20,1673.0,1753.0,-80.0,-4.563605248146035,no_change,4,2,normal,explained_by_rain_crash,Station: Pacific Highway. Road: Pacific Highway. Suburb: Warrawee. Date: 2023-04-13. Hour: 20. Traffic volume: 1673.0. Expected volume: 1753.0. Traffic change: -4.6%. Rain: 7.1 mm. Weather: moderate_rain+very_humid+overcast. Crash count: 1. Event count within 3km: 0. Public holiday: 0. School holiday: 0.,"Classify the anomaly level for this traffic station context. Choose one: normal, minor_anomaly, major_anomaly.",normal,Observed traffic is -4.6% different from the expected baseline. Main reason: explained_by_rain_crash.
57104,53003,Pacific Highway,Pacific Highway,Warrawee,Ku-Ring-Gai,2023-09-15,16,4710.0,4415.0,295.0,6.681766704416761,no_change,2,1,normal,explained_by_crash,Station: Pacific Highway. Road: Pacific Highway. Suburb: Warrawee. Date: 2023-09-15. Hour: 16. Traffic volume: 4710.0. Expected volume: 4415.0. Traffic change: 6.7%. Rain: 0.0 mm. Weather: no_rain. Crash count: 2. Event count within 3km: 0. Public holiday: 0. School holiday: 0.,"Classify the anomaly level for this traffic station context. Choose one: normal, minor_anomaly, major_anomaly.",normal,Observed traffic is 6.7% different from the expected baseline. Main reason: explained_by_crash.
57104,53003,Pacific Highway,Pacific Highway,Warrawee,Ku-Ring-Gai,2024-07-31,15,4188.0,4119.0,69.0,1.6751638747268753,no_change,2,1,normal,explained_by_crash,Station: Pacific Highway. Road: Pacific Highway. Suburb: Warrawee. Date: 2024-07-31. Hour: 15. Traffic volume: 4188.0. Expected volume: 4119.0. Traffic change: 1.7%. Rain: 0.0 mm. Weather: no_rain. Crash count: 1. Event count within 3km: 0. Public holiday: 0. School holiday: 0.,"Classify the anomaly level for this traffic station context. Choose one: normal, minor_anomaly, major_anomaly.",normal,Observed traffic is 1.7% different from the expected baseline. Main reason: explained_by_crash.
57105,53004,Pacific Highway,Pacific Highway,Gordon,Ku-Ring-Gai,2024-11-20,9,1135.0,2805.0,-1670.0,-59.53654188948306,decrease,3,2,major_anomaly,unexplained_beyond_rain_crash,Station: Pacific Highway. Road: Pacific Highway. Suburb: Gordon. Date: 2024-11-20. Hour: 9. Traffic volume: 1135.0. Expected volume: 2805.0. Traffic change: -59.5%. Rain: 0.1 mm. Weather: no_rain. Crash count: 3. Event count within 3km: 0. Public holiday: 0. School holiday: 0.,"Classify the anomaly level for this traffic station context. Choose one: normal, minor_anomaly, major_anomaly.",major_anomaly,Observed traffic is -59.5% different from the expected baseline. Main reason: unexplained_beyond_rain_crash.
57105,53004,Pacific Highway,Pacific Highway,Gordon,Ku-Ring-Gai,2024-12-01,20,38.0,1320.0,-1282.0,-97.12121212121212,decrease,2,1,major_anomaly,unexplained_beyond_crash,Station: Pacific Highway. Road: Pacific Highway. Suburb: Gordon. Date: 2024-12-01. Hour: 20. Traffic volume: 38.0. Expected volume: 1320.0. Traffic change: -97.1%. Rain: 0.0 mm. Weather: no_rain+very_humid. Crash count: 2. Event count within 3km: 0. Public holiday: 0. School holiday: 0.,"Classify the anomaly level for this traffic station context. Choose one: normal, minor_anomaly, major_anomaly.",major_anomaly,Observed traffic is -97.1% different from the expected baseline. Main reason: unexplained_beyond_crash.
57105,53004,Pacific Highway,Pacific Highway,Gordon,Ku-Ring-Gai,2024-10-11,2,140.0,99.0,41.0,41.41414141414141,increase,0,0,major_anomaly,unexplained_no_context,Station: Pacific Highway. Road: Pacific Highway. Suburb: Gordon. Date: 2024-10-11. Hour: 2. Traffic volume: 140.0. Expected volume: 99.0. Traffic change: 41.4%. Rain: 0.0 mm. Weather: no_rain+very_humid. Crash count: 0. Event count within 3km: 0. Public holiday: 0. School holiday: 0.,"Classify the anomaly level for this traffic station context. Choose one: normal, minor_anomaly, major_anomaly.",major_anomaly,Observed traffic is 41.4% different from the expected baseline. Main reason: unexplained_no_context.
57105,53004,Pacific Highway,Pacific Highway,Gordon,Ku-Ring-Gai,2024-07-03,12,1130.0,2495.0,-1365.0,-54.70941883767535,decrease,4,3,minor_anomaly,unexplained_beyond_rain_crash_strong_wind,Station: Pacific Highway. Road: Pacific Highway. Suburb: Gordon. Date: 2024-07-03. Hour: 12. Traffic volume: 1130.0. Expected volume: 2495.0. Traffic change: -54.7%. Rain: 0.1 mm. Weather: no_rain+strong_wind. Crash count: 1. Event count within 3km: 0. Public holiday: 0. School holiday: 0.,"Classify the anomaly level for this traffic station context. Choose one: normal, minor_anomaly, major_anomaly.",minor_anomaly,Observed traffic is -54.7% different from the expected baseline. Main reason: unexplained_beyond_rain_crash_strong_wind.
57105,53004,Pacific Highway,Pacific Highway,Gordon,Ku-Ring-Gai,2024-11-12,20,1052.0,1410.0,-358.0,-25.390070921985814,decrease,0,0,minor_anomaly,unexplained_no_context,Station: Pacific Highway. Road: Pacific Highway. Suburb: Gordon. Date: 2024-11-12. Hour: 20. Traffic volume: 1052.0. Expected volume: 1410.0. Traffic change: -25.4%. Rain: 0.0 mm. Weather: no_rain+very_humid+overcast. Crash count: 0. Event count within 3km: 0. Public holiday: 0. School holiday: 0.,"Classify the anomaly level for this traffic station context. Choose one: normal, minor_anomaly, major_anomaly.",minor_anomaly,Observed traffic is -25.4% different from the expected baseline. Main reason: unexplained_no_context.
57105,53004,Pacific Highway,Pacific Highway,Gordon,Ku-Ring-Gai,2024-06-10,22,565.0,804.0,-239.0,-29.726368159203982,decrease,0,0,minor_anomaly,unexplained_no_context,Station: Pacific Highway. Road: Pacific Highway. Suburb: Gordon. Date: 2024-06-10. Hour: 22. Traffic volume: 565.0. Expected volume: 804.0. Traffic change: -29.7%. Rain: 0.0 mm. Weather: no_rain+very_humid. Crash count: 0. Event count within 3km: 0. Public holiday: 0. School holiday: 0.,"Classify the anomaly level for this traffic station context. Choose one: normal, minor_anomaly, major_anomaly.",minor_anomaly,Observed traffic is -29.7% different from the expected baseline. Main reason: unexplained_no_context.
57105,53004,Pacific Highway,Pacific Highway,Gordon,Ku-Ring-Gai,2024-07-21,9,2286.0,2380.0,-94.0,-3.949579831932773,no_change,1,1,normal,explained_by_strong_wind,Station: Pacific Highway. Road: Pacific Highway. Suburb: Gordon. Date: 2024-07-21. Hour: 9. Traffic volume: 2286.0. Expected volume: 2380.0. Traffic change: -3.9%. Rain: 0.0 mm. Weather: no_rain+strong_wind. Crash count: 0. Event count within 3km: 0. Public holiday: 0. School holiday: 0.,"Classify the anomaly level for this traffic station context. Choose one: normal, minor_anomaly, major_anomaly.",normal,Observed traffic is -3.9% different from the expected baseline. Main reason: explained_by_strong_wind.
57105,53004,Pacific Highway,Pacific Highway,Gordon,Ku-Ring-Gai,2024-09-25,2,94.0,99.0,-5.0,-5.05050505050505,no_change,0,0,normal,no_deviation,Station: Pacific Highway. Road: Pacific Highway. Suburb: Gordon. Date: 2024-09-25. Hour: 2. Traffic volume: 94.0. Expected volume: 99.0. Traffic change: -5.1%. Rain: 0.0 mm. Weather: no_rain+overcast. Crash count: 0. Event count within 3km: 0. Public holiday: 0. School holiday: 0.,"Classify the anomaly level for this traffic station context. Choose one: normal, minor_anomaly, major_anomaly.",normal,Observed traffic is -5.1% different from the expected baseline. Main reason: no_deviation.
57105,53004,Pacific Highway,Pacific Highway,Gordon,Ku-Ring-Gai,2024-07-21,19,1448.0,1524.0,-76.0,-4.986876640419948,no_change,2,1,normal,explained_by_crash,Station: Pacific Highway. Road: Pacific Highway. Suburb: Gordon. Date: 2024-07-21. Hour: 19. Traffic volume: 1448.0. Expected volume: 1524.0. Traffic change: -5.0%. Rain: 0.0 mm. Weather: no_rain. Crash count: 3. Event count within 3km: 0. Public holiday: 0. School holiday: 0.,"Classify the anomaly level for this traffic station context. Choose one: normal, minor_anomaly, major_anomaly.",normal,Observed traffic is -5.0% different from the expected baseline. Main reason: explained_by_crash.
57106,53005,Ryde Road,Ryde Road,West Pymble,Ku-Ring-Gai,2024-04-26,7,1771.0,3857.0,-2086.0,-54.08348457350273,decrease,0,0,major_anomaly,unexplained_no_context,Station: Ryde Road. Road: Ryde Road. Suburb: West Pymble. Date: 2024-04-26. Hour: 7. Traffic volume: 1771.0. Expected volume: 3857.0. Traffic change: -54.1%. Rain: 0.0 mm. Weather: no_rain. Crash count: 0. Event count within 3km: 0. Public holiday: 0. School holiday: 0.,"Classify the anomaly level for this traffic station context. Choose one: normal, minor_anomaly, major_anomaly.",major_anomaly,Observed traffic is -54.1% different from the expected baseline. Main reason: unexplained_no_context.
57106,53005,Ryde Road,Ryde Road,West Pymble,Ku-Ring-Gai,2022-01-15,6,1753.0,1192.5,560.5,47.0020964360587,increase,0,0,major_anomaly,unexplained_no_context,Station: Ryde Road. Road: Ryde Road. Suburb: West Pymble. Date: 2022-01-15. Hour: 6. Traffic volume: 1753.0. Expected volume: 1192.5. Traffic change: 47.0%. Rain: 0.0 mm. Weather: no_rain+very_humid+overcast. Crash count: 0. Event count within 3km: 0. Public holiday: 0. School holiday: 0.,"Classify the anomaly level for this traffic station context. Choose one: normal, minor_anomaly, major_anomaly.",major_anomaly,Observed traffic is 47.0% different from the expected baseline. Main reason: unexplained_no_context.
57106,53005,Ryde Road,Ryde Road,West Pymble,Ku-Ring-Gai,2022-03-17,3,437.0,210.0,227.0,108.09523809523809,increase,0,0,major_anomaly,unexplained_no_context,Station: Ryde Road. Road: Ryde Road. Suburb: West Pymble. Date: 2022-03-17. Hour: 3. Traffic volume: 437.0. Expected volume: 210.0. Traffic change: 108.1%. Rain: 0.0 mm. Weather: no_rain+very_humid. Crash count: 0. Event count within 3km: 0. Public holiday: 0. School holiday: 0.,"Classify the anomaly level for this traffic station context. Choose one: normal, minor_anomaly, major_anomaly.",major_anomaly,Observed traffic is 108.1% different from the expected baseline. Main reason: unexplained_no_context.
57106,53005,Ryde Road,Ryde Road,West Pymble,Ku-Ring-Gai,2024-04-03,17,2139.0,3492.5,-1353.5,-38.754473872584114,decrease,1,1,minor_anomaly,unexplained_beyond_crash,Station: Ryde Road. Road: Ryde Road. Suburb: West Pymble. Date: 2024-04-03. Hour: 17. Traffic volume: 2139.0. Expected volume: 3492.5. Traffic change: -38.8%. Rain: 0.0 mm. Weather: no_rain. Crash count: 1. Event count within 3km: 0. Public holiday: 0. School holiday: 0.,"Classify the anomaly level for this traffic station context. Choose one: normal, minor_anomaly, major_anomaly.",minor_anomaly,Observed traffic is -38.8% different from the expected baseline. Main reason: unexplained_beyond_crash.
57106,53005,Ryde Road,Ryde Road,West Pymble,Ku-Ring-Gai,2024-04-08,14,2306.0,3875.0,-1569.0,-40.49032258064516,decrease,3,2,minor_anomaly,unexplained_beyond_rain_crash,Station: Ryde Road. Road: Ryde Road. Suburb: West Pymble. Date: 2024-04-08. Hour: 14. Traffic volume: 2306.0. Expected volume: 3875.0. Traffic change: -40.5%. Rain: 0.2 mm. Weather: light_rain. Crash count: 1. Event count within 3km: 0. Public holiday: 0. School holiday: 0.,"Classify the anomaly level for this traffic station context. Choose one: normal, minor_anomaly, major_anomaly.",minor_anomaly,Observed traffic is -40.5% different from the expected baseline. Main reason: unexplained_beyond_rain_crash.
57106,53005,Ryde Road,Ryde Road,West Pymble,Ku-Ring-Gai,2022-04-29,1,199.0,156.0,43.0,27.564102564102566,increase,2,1,minor_anomaly,unexplained_beyond_crash,Station: Ryde Road. Road: Ryde Road. Suburb: West Pymble. Date: 2022-04-29. Hour: 1. Traffic volume: 199.0. Expected volume: 156.0. Traffic change: 27.6%. Rain: 0.0 mm. Weather: no_rain+very_humid. Crash count: 1. Event count within 3km: 0. Public holiday: 0. School holiday: 0.,"Classify the anomaly level for this traffic station context. Choose one: normal, minor_anomaly, major_anomaly.",minor_anomaly,Observed traffic is 27.6% different from the expected baseline. Main reason: unexplained_beyond_crash.
57106,53005,Ryde Road,Ryde Road,West Pymble,Ku-Ring-Gai,2024-09-18,19,1522.0,1663.0,-141.0,-8.478653036680697,no_change,2,1,normal,explained_by_crash,Station: Ryde Road. Road: Ryde Road. Suburb: West Pymble. Date: 2024-09-18. Hour: 19. Traffic volume: 1522.0. Expected volume: 1663.0. Traffic change: -8.5%. Rain: 0.0 mm. Weather: no_rain. Crash count: 2. Event count within 3km: 0. Public holiday: 0. School holiday: 0.,"Classify the anomaly level for this traffic station context. Choose one: normal, minor_anomaly, major_anomaly.",normal,Observed traffic is -8.5% different from the expected baseline. Main reason: explained_by_crash.
57106,53005,Ryde Road,Ryde Road,West Pymble,Ku-Ring-Gai,2022-05-28,16,4228.0,3689.5,538.5,14.595473641414824,no_change,2,1,normal,explained_by_crash,Station: Ryde Road. Road: Ryde Road. Suburb: West Pymble. Date: 2022-05-28. Hour: 16. Traffic volume: 4228.0. Expected volume: 3689.5. Traffic change: 14.6%. Rain: 0.0 mm. Weather: no_rain. Crash count: 2. Event count within 3km: 0. Public holiday: 0. School holiday: 0.,"Classify the anomaly level for this traffic station context. Choose one: normal, minor_anomaly, major_anomaly.",normal,Observed traffic is 14.6% different from the expected baseline. Main reason: explained_by_crash.
57106,53005,Ryde Road,Ryde Road,West Pymble,Ku-Ring-Gai,2022-05-23,4,443.0,492.0,-49.0,-9.959349593495935,no_change,1,1,normal,explained_by_rain,Station: Ryde Road. Road: Ryde Road. Suburb: West Pymble. Date: 2022-05-23. Hour: 4. Traffic volume: 443.0. Expected volume: 492.0. Traffic change: -10.0%. Rain: 0.2 mm. Weather: light_rain+very_humid. Crash count: 0. Event count within 3km: 0. Public holiday: 0. School holiday: 0.,"Classify the anomaly level for this traffic station context. Choose one: normal, minor_anomaly, major_anomaly.",normal,Observed traffic is -10.0% different from the expected baseline. Main reason: explained_by_rain.
57108,53018,Pacific Highway,Pacific Highway,Pymble,Ku-Ring-Gai,2022-01-01,1,755.0,425.5,329.5,77.43830787309048,increase,0,0,major_anomaly,unexplained_no_context,Station: Pacific Highway. Road: Pacific Highway. Suburb: Pymble. Date: 2022-01-01. Hour: 1. Traffic volume: 755.0. Expected volume: 425.5. Traffic change: 77.4%. Rain: 0.0 mm. Weather: no_rain. Crash count: 0. Event count within 3km: 0. Public holiday: 0. School holiday: 0.,"Classify the anomaly level for this traffic station context. Choose one: normal, minor_anomaly, major_anomaly.",major_anomaly,Observed traffic is 77.4% different from the expected baseline. Main reason: unexplained_no_context.
57108,53018,Pacific Highway,Pacific Highway,Pymble,Ku-Ring-Gai,2022-01-02,1,96.0,425.5,-329.5,-77.43830787309048,decrease,0,0,major_anomaly,unexplained_no_context,Station: Pacific Highway. Road: Pacific Highway. Suburb: Pymble. Date: 2022-01-02. Hour: 1. Traffic volume: 96.0. Expected volume: 425.5. Traffic change: -77.4%. Rain: 0.0 mm. Weather: no_rain+very_humid. Crash count: 0. Event count within 3km: 0. Public holiday: 0. School holiday: 0.,"Classify the anomaly level for this traffic station context. Choose one: normal, minor_anomaly, major_anomaly.",major_anomaly,Observed traffic is -77.4% different from the expected baseline. Main reason: unexplained_no_context.
57108,53018,Pacific Highway,Pacific Highway,Pymble,Ku-Ring-Gai,2022-01-01,0,485.0,353.5,131.5,37.1994342291372,increase,0,0,major_anomaly,unexplained_no_context,Station: Pacific Highway. Road: Pacific Highway. Suburb: Pymble. Date: 2022-01-01. Hour: 0. Traffic volume: 485.0. Expected volume: 353.5. Traffic change: 37.2%. Rain: 0.0 mm. Weather: no_rain. Crash count: 0. Event count within 3km: 0. Public holiday: 0. School holiday: 0.,"Classify the anomaly level for this traffic station context. Choose one: normal, minor_anomaly, major_anomaly.",major_anomaly,Observed traffic is 37.2% different from the expected baseline. Main reason: unexplained_no_context.
57108,53018,Pacific Highway,Pacific Highway,Pymble,Ku-Ring-Gai,2022-01-01,5,241.0,284.0,-43.0,-15.140845070422534,no_change,0,0,minor_anomaly,unexplained_no_context,Station: Pacific Highway. Road: Pacific Highway. Suburb: Pymble. Date: 2022-01-01. Hour: 5. Traffic volume: 241.0. Expected volume: 284.0. Traffic change: -15.1%. Rain: 0.0 mm. Weather: no_rain. Crash count: 0. Event count within 3km: 0. Public holiday: 0. School holiday: 0.,"Classify the anomaly level for this traffic station context. Choose one: normal, minor_anomaly, major_anomaly.",minor_anomaly,Observed traffic is -15.1% different from the expected baseline. Main reason: unexplained_no_context.
57108,53018,Pacific Highway,Pacific Highway,Pymble,Ku-Ring-Gai,2022-01-01,6,419.0,511.0,-92.0,-18.003913894324853,no_change,0,0,minor_anomaly,unexplained_no_context,Station: Pacific Highway. Road: Pacific Highway. Suburb: Pymble. Date: 2022-01-01. Hour: 6. Traffic volume: 419.0. Expected volume: 511.0. Traffic change: -18.0%. Rain: 0.0 mm. Weather: no_rain. Crash count: 0. Event count within 3km: 0. Public holiday: 0. School holiday: 0.,"Classify the anomaly level for this traffic station context. Choose one: normal, minor_anomaly, major_anomaly.",minor_anomaly,Observed traffic is -18.0% different from the expected baseline. Main reason: unexplained_no_context.
57108,53018,Pacific Highway,Pacific Highway,Pymble,Ku-Ring-Gai,2022-01-02,5,327.0,284.0,43.0,15.140845070422534,no_change,0,0,minor_anomaly,unexplained_no_context,Station: Pacific Highway. Road: Pacific Highway. Suburb: Pymble. Date: 2022-01-02. Hour: 5. Traffic volume: 327.0. Expected volume: 284.0. Traffic change: 15.1%. Rain: 0.0 mm. Weather: no_rain+very_humid. Crash count: 0. Event count within 3km: 0. Public holiday: 0. School holiday: 0.,"Classify the anomaly level for this traffic station context. Choose one: normal, minor_anomaly, major_anomaly.",minor_anomaly,Observed traffic is 15.1% different from the expected baseline. Main reason: unexplained_no_context.
57108,53018,Pacific Highway,Pacific Highway,Pymble,Ku-Ring-Gai,2022-01-04,20,645.0,677.0,-32.0,-4.726735598227474,no_change,0,0,normal,no_deviation,Station: Pacific Highway. Road: Pacific Highway. Suburb: Pymble. Date: 2022-01-04. Hour: 20. Traffic volume: 645.0. Expected volume: 677.0. Traffic change: -4.7%. Rain: 0.0 mm. Weather: no_rain+overcast. Crash count: 0. Event count within 3km: 0. Public holiday: 0. School holiday: 0.,"Classify the anomaly level for this traffic station context. Choose one: normal, minor_anomaly, major_anomaly.",normal,Observed traffic is -4.7% different from the expected baseline. Main reason: no_deviation.
57108,53018,Pacific Highway,Pacific Highway,Pymble,Ku-Ring-Gai,2022-01-02,15,1313.0,1214.5,98.5,8.110333470564019,no_change,2,1,normal,explained_by_crash,Station: Pacific Highway. Road: Pacific Highway. Suburb: Pymble. Date: 2022-01-02. Hour: 15. Traffic volume: 1313.0. Expected volume: 1214.5. Traffic change: 8.1%. Rain: 0.0 mm. Weather: no_rain. Crash count: 1. Event count within 3km: 0. Public holiday: 0. School holiday: 0.,"Classify the anomaly level for this traffic station context. Choose one: normal, minor_anomaly, major_anomaly.",normal,Observed traffic is 8.1% different from the expected baseline. Main reason: explained_by_crash.
57108,53018,Pacific Highway,Pacific Highway,Pymble,Ku-Ring-Gai,2022-01-05,0,196.0,196.0,0.0,0.0,no_change,0,0,normal,no_deviation,Station: Pacific Highway. Road: Pacific Highway. Suburb: Pymble. Date: 2022-01-05. Hour: 0. Traffic volume: 196.0. Expected volume: 196.0. Traffic change: 0.0%. Rain: 0.0 mm. Weather: no_rain+very_humid. Crash count: 0. Event count within 3km: 0. Public holiday: 0. School holiday: 0.,"Classify the anomaly level for this traffic station context. Choose one: normal, minor_anomaly, major_anomaly.",normal,Observed traffic is 0.0% different from the expected baseline. Main reason: no_deviation.
57110,53029,Mona Vale Road,Mona Vale Road,St Ives,Ku-Ring-Gai,2022-01-26,16,611.0,4013.0,-3402.0,-84.77448293047595,decrease,1,1,major_anomaly,unexplained_beyond_crash,Station: Mona Vale Road. Road: Mona Vale Road. Suburb: St Ives. Date: 2022-01-26. Hour: 16. Traffic volume: 611.0. Expected volume: 4013.0. Traffic change: -84.8%. Rain: 0.0 mm. Weather: no_rain. Crash count: 1. Event count within 3km: 0. Public holiday: 0. School holiday: 0.,"Classify the anomaly level for this traffic station context. Choose one: normal, minor_anomaly, major_anomaly.",major_anomaly,Observed traffic is -84.8% different from the expected baseline. Main reason: unexplained_beyond_crash.
57110,53029,Mona Vale Road,Mona Vale Road,St Ives,Ku-Ring-Gai,2022-04-20,12,1412.0,2841.0,-1429.0,-50.29919042590637,decrease,2,1,major_anomaly,unexplained_beyond_crash,Station: Mona Vale Road. Road: Mona Vale Road. Suburb: St Ives. Date: 2022-04-20. Hour: 12. Traffic volume: 1412.0. Expected volume: 2841.0. Traffic change: -50.3%. Rain: 0.0 mm. Weather: no_rain+overcast. Crash count: 1. Event count within 3km: 0. Public holiday: 0. School holiday: 0.,"Classify the anomaly level for this traffic station context. Choose one: normal, minor_anomaly, major_anomaly.",major_anomaly,Observed traffic is -50.3% different from the expected baseline. Main reason: unexplained_beyond_crash.
57110,53029,Mona Vale Road,Mona Vale Road,St Ives,Ku-Ring-Gai,2022-03-02,3,245.0,119.0,126.0,105.88235294117648,increase,1,1,major_anomaly,unexplained_beyond_rain,Station: Mona Vale Road. Road: Mona Vale Road. Suburb: St Ives. Date: 2022-03-02. Hour: 3. Traffic volume: 245.0. Expected volume: 119.0. Traffic change: 105.9%. Rain: 2.8 mm. Weather: moderate_rain+very_humid+overcast. Crash count: 0. Event count within 3km: 0. Public holiday: 0. School holiday: 0.,"Classify the anomaly level for this traffic station context. Choose one: normal, minor_anomaly, major_anomaly.",major_anomaly,Observed traffic is 105.9% different from the expected baseline. Main reason: unexplained_beyond_rain.
57110,53029,Mona Vale Road,Mona Vale Road,St Ives,Ku-Ring-Gai,2022-03-19,11,2781.0,3661.0,-880.0,-24.03714832013111,decrease,2,2,minor_anomaly,unexplained_beyond_rain_crash,Station: Mona Vale Road. Road: Mona Vale Road. Suburb: St Ives. Date: 2022-03-19. Hour: 11. Traffic volume: 2781.0. Expected volume: 3661.0. Traffic change: -24.0%. Rain: 1.0 mm. Weather: light_rain+very_humid+overcast. Crash count: 2. Event count within 3km: 0. Public holiday: 0. School holiday: 0.,"Classify the anomaly level for this traffic station context. Choose one: normal, minor_anomaly, major_anomaly.",minor_anomaly,Observed traffic is -24.0% different from the expected baseline. Main reason: unexplained_beyond_rain_crash.
57110,53029,Mona Vale Road,Mona Vale Road,St Ives,Ku-Ring-Gai,2022-08-26,2,110.0,80.5,29.5,36.64596273291926,increase,1,1,minor_anomaly,unexplained_beyond_rain,Station: Mona Vale Road. Road: Mona Vale Road. Suburb: St Ives. Date: 2022-08-26. Hour: 2. Traffic volume: 110.0. Expected volume: 80.5. Traffic change: 36.6%. Rain: 0.1 mm. Weather: no_rain+very_humid. Crash count: 0. Event count within 3km: 0. Public holiday: 0. School holiday: 0.,"Classify the anomaly level for this traffic station context. Choose one: normal, minor_anomaly, major_anomaly.",minor_anomaly,Observed traffic is 36.6% different from the expected baseline. Main reason: unexplained_beyond_rain.
57110,53029,Mona Vale Road,Mona Vale Road,St Ives,Ku-Ring-Gai,2022-11-19,0,156.0,217.0,-61.0,-28.110599078341014,decrease,0,0,minor_anomaly,unexplained_no_context,Station: Mona Vale Road. Road: Mona Vale Road. Suburb: St Ives. Date: 2022-11-19. Hour: 0. Traffic volume: 156.0. Expected volume: 217.0. Traffic change: -28.1%. Rain: 0.0 mm. Weather: no_rain+very_humid. Crash count: 0. Event count within 3km: 0. Public holiday: 0. School holiday: 0.,"Classify the anomaly level for this traffic station context. Choose one: normal, minor_anomaly, major_anomaly.",minor_anomaly,Observed traffic is -28.1% different from the expected baseline. Main reason: unexplained_no_context.
57110,53029,Mona Vale Road,Mona Vale Road,St Ives,Ku-Ring-Gai,2022-08-21,19,1205.0,1071.0,134.0,12.511671335200747,no_change,0,0,normal,no_deviation,Station: Mona Vale Road. Road: Mona Vale Road. Suburb: St Ives. Date: 2022-08-21. Hour: 19. Traffic volume: 1205.0. Expected volume: 1071.0. Traffic change: 12.5%. Rain: 0.0 mm. Weather: no_rain. Crash count: 0. Event count within 3km: 0. Public holiday: 0. School holiday: 0.,"Classify the anomaly level for this traffic station context. Choose one: normal, minor_anomaly, major_anomaly.",normal,Observed traffic is 12.5% different from the expected baseline. Main reason: no_deviation.
57110,53029,Mona Vale Road,Mona Vale Road,St Ives,Ku-Ring-Gai,2022-02-03,7,4117.0,4157.0,-40.0,-0.9622323791195573,no_change,2,1,normal,explained_by_crash,Station: Mona Vale Road. Road: Mona Vale Road. Suburb: St Ives. Date: 2022-02-03. Hour: 7. Traffic volume: 4117.0. Expected volume: 4157.0. Traffic change: -1.0%. Rain: 0.0 mm. Weather: no_rain+overcast. Crash count: 1. Event count within 3km: 0. Public holiday: 0. School holiday: 0.,"Classify the anomaly level for this traffic station context. Choose one: normal, minor_anomaly, major_anomaly.",normal,Observed traffic is -1.0% different from the expected baseline. Main reason: explained_by_crash.
57110,53029,Mona Vale Road,Mona Vale Road,St Ives,Ku-Ring-Gai,2022-06-13,20,761.0,849.0,-88.0,-10.365135453474677,no_change,0,0,normal,no_deviation,Station: Mona Vale Road. Road: Mona Vale Road. Suburb: St Ives. Date: 2022-06-13. Hour: 20. Traffic volume: 761.0. Expected volume: 849.0. Traffic change: -10.4%. Rain: 0.0 mm. Weather: no_rain. Crash count: 0. Event count within 3km: 0. Public holiday: 0. School holiday: 0.,"Classify the anomaly level for this traffic station context. Choose one: normal, minor_anomaly, major_anomaly.",normal,Observed traffic is -10.4% different from the expected baseline. Main reason: no_deviation.
57118,53198,Pacific Highway,Pacific Highway,Killara,Ku-Ring-Gai,2022-01-02,1,128.0,518.0,-390.0,-75.2895752895753,decrease,1,1,major_anomaly,unexplained_beyond_crash,Station: Pacific Highway. Road: Pacific Highway. Suburb: Killara. Date: 2022-01-02. Hour: 1. Traffic volume: 128.0. Expected volume: 518.0. Traffic change: -75.3%. Rain: 0.0 mm. Weather: no_rain+very_humid. Crash count: 1. Event count within 3km: 0. Public holiday: 0. School holiday: 0.,"Classify the anomaly level for this traffic station context. Choose one: normal, minor_anomaly, major_anomaly.",major_anomaly,Observed traffic is -75.3% different from the expected baseline. Main reason: unexplained_beyond_crash.
57118,53198,Pacific Highway,Pacific Highway,Killara,Ku-Ring-Gai,2022-01-01,0,648.0,440.5,207.5,47.105561861521004,increase,0,0,major_anomaly,unexplained_no_context,Station: Pacific Highway. Road: Pacific Highway. Suburb: Killara. Date: 2022-01-01. Hour: 0. Traffic volume: 648.0. Expected volume: 440.5. Traffic change: 47.1%. Rain: 0.0 mm. Weather: no_rain. Crash count: 0. Event count within 3km: 0. Public holiday: 0. School holiday: 0.,"Classify the anomaly level for this traffic station context. Choose one: normal, minor_anomaly, major_anomaly.",major_anomaly,Observed traffic is 47.1% different from the expected baseline. Main reason: unexplained_no_context.
57118,53198,Pacific Highway,Pacific Highway,Killara,Ku-Ring-Gai,2022-01-03,6,640.0,1222.0,-582.0,-47.62684124386252,decrease,2,1,major_anomaly,unexplained_beyond_crash,Station: Pacific Highway. Road: Pacific Highway. Suburb: Killara. Date: 2022-01-03. Hour: 6. Traffic volume: 640.0. Expected volume: 1222.0. Traffic change: -47.6%. Rain: 0.0 mm. Weather: no_rain+very_humid. Crash count: 1. Event count within 3km: 0. Public holiday: 0. School holiday: 0.,"Classify the anomaly level for this traffic station context. Choose one: normal, minor_anomaly, major_anomaly.",major_anomaly,Observed traffic is -47.6% different from the expected baseline. Main reason: unexplained_beyond_crash.
57118,53198,Pacific Highway,Pacific Highway,Killara,Ku-Ring-Gai,2022-01-03,4,204.0,266.0,-62.0,-23.308270676691727,decrease,0,0,minor_anomaly,unexplained_no_context,Station: Pacific Highway. Road: Pacific Highway. Suburb: Killara. Date: 2022-01-03. Hour: 4. Traffic volume: 204.0. Expected volume: 266.0. Traffic change: -23.3%. Rain: 0.0 mm. Weather: no_rain+very_humid. Crash count: 0. Event count within 3km: 0. Public holiday: 0. School holiday: 0.,"Classify the anomaly level for this traffic station context. Choose one: normal, minor_anomaly, major_anomaly.",minor_anomaly,Observed traffic is -23.3% different from the expected baseline. Main reason: unexplained_no_context.
57118,53198,Pacific Highway,Pacific Highway,Killara,Ku-Ring-Gai,2022-01-01,7,560.0,686.0,-126.0,-18.367346938775512,no_change,0,0,minor_anomaly,unexplained_no_context,Station: Pacific Highway. Road: Pacific Highway. Suburb: Killara. Date: 2022-01-01. Hour: 7. Traffic volume: 560.0. Expected volume: 686.0. Traffic change: -18.4%. Rain: 0.0 mm. Weather: no_rain. Crash count: 0. Event count within 3km: 0. Public holiday: 0. School holiday: 0.,"Classify the anomaly level for this traffic station context. Choose one: normal, minor_anomaly, major_anomaly.",minor_anomaly,Observed traffic is -18.4% different from the expected baseline. Main reason: unexplained_no_context.
57118,53198,Pacific Highway,Pacific Highway,Killara,Ku-Ring-Gai,2022-01-02,8,1196.0,951.5,244.5,25.696269048870207,increase,0,0,minor_anomaly,unexplained_no_context,Station: Pacific Highway. Road: Pacific Highway. Suburb: Killara. Date: 2022-01-02. Hour: 8. Traffic volume: 1196.0. Expected volume: 951.5. Traffic change: 25.7%. Rain: 0.0 mm. Weather: no_rain. Crash count: 0. Event count within 3km: 0. Public holiday: 0. School holiday: 0.,"Classify the anomaly level for this traffic station context. Choose one: normal, minor_anomaly, major_anomaly.",minor_anomaly,Observed traffic is 25.7% different from the expected baseline. Main reason: unexplained_no_context.
57118,53198,Pacific Highway,Pacific Highway,Killara,Ku-Ring-Gai,2022-01-04,11,2282.0,2282.0,0.0,0.0,no_change,2,1,normal,explained_by_crash,Station: Pacific Highway. Road: Pacific Highway. Suburb: Killara. Date: 2022-01-04. Hour: 11. Traffic volume: 2282.0. Expected volume: 2282.0. Traffic change: 0.0%. Rain: 0.0 mm. Weather: no_rain. Crash count: 3. Event count within 3km: 0. Public holiday: 0. School holiday: 0.,"Classify the anomaly level for this traffic station context. Choose one: normal, minor_anomaly, major_anomaly.",normal,Observed traffic is 0.0% different from the expected baseline. Main reason: explained_by_crash.
57118,53198,Pacific Highway,Pacific Highway,Killara,Ku-Ring-Gai,2022-01-03,13,2021.0,2174.0,-153.0,-7.0377184912603505,no_change,2,1,normal,explained_by_crash,Station: Pacific Highway. Road: Pacific Highway. Suburb: Killara. Date: 2022-01-03. Hour: 13. Traffic volume: 2021.0. Expected volume: 2174.0. Traffic change: -7.0%. Rain: 0.0 mm. Weather: no_rain. Crash count: 1. Event count within 3km: 0. Public holiday: 0. School holiday: 0.,"Classify the anomaly level for this traffic station context. Choose one: normal, minor_anomaly, major_anomaly.",normal,Observed traffic is -7.0% different from the expected baseline. Main reason: explained_by_crash.
57118,53198,Pacific Highway,Pacific Highway,Killara,Ku-Ring-Gai,2022-01-05,20,949.0,1058.0,-109.0,-10.302457466918714,no_change,3,2,normal,explained_by_rain_crash,Station: Pacific Highway. Road: Pacific Highway. Suburb: Killara. Date: 2022-01-05. Hour: 20. Traffic volume: 949.0. Expected volume: 1058.0. Traffic change: -10.3%. Rain: 0.1 mm. Weather: no_rain+very_humid+overcast. Crash count: 1. Event count within 3km: 0. Public holiday: 0. School holiday: 0.,"Classify the anomaly level for this traffic station context. Choose one: normal, minor_anomaly, major_anomaly.",normal,Observed traffic is -10.3% different from the expected baseline. Main reason: explained_by_rain_crash.
57128,53209,Pacific Highway,Pacific Highway,Wahroonga,Ku-Ring-Gai,2022-01-01,1,581.0,335.5,245.5,73.17436661698957,increase,0,0,major_anomaly,unexplained_no_context,Station: Pacific Highway. Road: Pacific Highway. Suburb: Wahroonga. Date: 2022-01-01. Hour: 1. Traffic volume: 581.0. Expected volume: 335.5. Traffic change: 73.2%. Rain: 0.0 mm. Weather: no_rain+very_humid. Crash count: 0. Event count within 3km: 0. Public holiday: 0. School holiday: 0.,"Classify the anomaly level for this traffic station context. Choose one: normal, minor_anomaly, major_anomaly.",major_anomaly,Observed traffic is 73.2% different from the expected baseline. Main reason: unexplained_no_context.
57128,53209,Pacific Highway,Pacific Highway,Wahroonga,Ku-Ring-Gai,2022-01-01,2,353.0,211.0,142.0,67.29857819905213,increase,0,0,major_anomaly,unexplained_no_context,Station: Pacific Highway. Road: Pacific Highway. Suburb: Wahroonga. Date: 2022-01-01. Hour: 2. Traffic volume: 353.0. Expected volume: 211.0. Traffic change: 67.3%. Rain: 0.0 mm. Weather: no_rain+very_humid. Crash count: 0. Event count within 3km: 0. Public holiday: 0. School holiday: 0.,"Classify the anomaly level for this traffic station context. Choose one: normal, minor_anomaly, major_anomaly.",major_anomaly,Observed traffic is 67.3% different from the expected baseline. Main reason: unexplained_no_context.
57128,53209,Pacific Highway,Pacific Highway,Wahroonga,Ku-Ring-Gai,2022-01-02,3,71.0,156.0,-85.0,-54.48717948717948,decrease,2,1,major_anomaly,unexplained_beyond_crash,Station: Pacific Highway. Road: Pacific Highway. Suburb: Wahroonga. Date: 2022-01-02. Hour: 3. Traffic volume: 71.0. Expected volume: 156.0. Traffic change: -54.5%. Rain: 0.0 mm. Weather: no_rain+very_humid. Crash count: 1. Event count within 3km: 0. Public holiday: 0. School holiday: 0.,"Classify the anomaly level for this traffic station context. Choose one: normal, minor_anomaly, major_anomaly.",major_anomaly,Observed traffic is -54.5% different from the expected baseline. Main reason: unexplained_beyond_crash.
57128,53209,Pacific Highway,Pacific Highway,Wahroonga,Ku-Ring-Gai,2022-01-02,11,1314.0,1570.5,-256.5,-16.332378223495702,no_change,0,0,minor_anomaly,unexplained_no_context,Station: Pacific Highway. Road: Pacific Highway. Suburb: Wahroonga. Date: 2022-01-02. Hour: 11. Traffic volume: 1314.0. Expected volume: 1570.5. Traffic change: -16.3%. Rain: 0.0 mm. Weather: no_rain. Crash count: 0. Event count within 3km: 0. Public holiday: 0. School holiday: 0.,"Classify the anomaly level for this traffic station context. Choose one: normal, minor_anomaly, major_anomaly.",minor_anomaly,Observed traffic is -16.3% different from the expected baseline. Main reason: unexplained_no_context.
57128,53209,Pacific Highway,Pacific Highway,Wahroonga,Ku-Ring-Gai,2022-01-02,8,1358.0,1060.0,298.0,28.11320754716981,increase,0,0,minor_anomaly,unexplained_no_context,Station: Pacific Highway. Road: Pacific Highway. Suburb: Wahroonga. Date: 2022-01-02. Hour: 8. Traffic volume: 1358.0. Expected volume: 1060.0. Traffic change: 28.1%. Rain: 0.0 mm. Weather: no_rain. Crash count: 0. Event count within 3km: 0. Public holiday: 0. School holiday: 0.,"Classify the anomaly level for this traffic station context. Choose one: normal, minor_anomaly, major_anomaly.",minor_anomaly,Observed traffic is 28.1% different from the expected baseline. Main reason: unexplained_no_context.
57128,53209,Pacific Highway,Pacific Highway,Wahroonga,Ku-Ring-Gai,2022-01-01,0,302.0,241.5,60.5,25.051759834368532,increase,0,0,minor_anomaly,unexplained_no_context,Station: Pacific Highway. Road: Pacific Highway. Suburb: Wahroonga. Date: 2022-01-01. Hour: 0. Traffic volume: 302.0. Expected volume: 241.5. Traffic change: 25.1%. Rain: 0.0 mm. Weather: no_rain+very_humid. Crash count: 0. Event count within 3km: 0. Public holiday: 0. School holiday: 0.,"Classify the anomaly level for this traffic station context. Choose one: normal, minor_anomaly, major_anomaly.",minor_anomaly,Observed traffic is 25.1% different from the expected baseline. Main reason: unexplained_no_context.
57128,53209,Pacific Highway,Pacific Highway,Wahroonga,Ku-Ring-Gai,2022-01-02,13,1462.0,1451.0,11.0,0.7580978635423846,no_change,2,1,normal,explained_by_crash,Station: Pacific Highway. Road: Pacific Highway. Suburb: Wahroonga. Date: 2022-01-02. Hour: 13. Traffic volume: 1462.0. Expected volume: 1451.0. Traffic change: 0.8%. Rain: 0.0 mm. Weather: no_rain. Crash count: 2. Event count within 3km: 0. Public holiday: 0. School holiday: 0.,"Classify the anomaly level for this traffic station context. Choose one: normal, minor_anomaly, major_anomaly.",normal,Observed traffic is 0.8% different from the expected baseline. Main reason: explained_by_crash.
57128,53209,Pacific Highway,Pacific Highway,Wahroonga,Ku-Ring-Gai,2022-01-03,12,1678.0,1678.0,0.0,0.0,no_change,0,0,normal,no_deviation,Station: Pacific Highway. Road: Pacific Highway. Suburb: Wahroonga. Date: 2022-01-03. Hour: 12. Traffic volume: 1678.0. Expected volume: 1678.0. Traffic change: 0.0%. Rain: 0.0 mm. Weather: no_rain. Crash count: 0. Event count within 3km: 0. Public holiday: 0. School holiday: 0.,"Classify the anomaly level for this traffic station context. Choose one: normal, minor_anomaly, major_anomaly.",normal,Observed traffic is 0.0% different from the expected baseline. Main reason: no_deviation.
57128,53209,Pacific Highway,Pacific Highway,Wahroonga,Ku-Ring-Gai,2022-01-03,18,899.0,899.0,0.0,0.0,no_change,0,0,normal,no_deviation,Station: Pacific Highway. Road: Pacific Highway. Suburb: Wahroonga. Date: 2022-01-03. Hour: 18. Traffic volume: 899.0. Expected volume: 899.0. Traffic change: 0.0%. Rain: 0.0 mm. Weather: no_rain. Crash count: 0. Event count within 3km: 0. Public holiday: 0. School holiday: 0.,"Classify the anomaly level for this traffic station context. Choose one: normal, minor_anomaly, major_anomaly.",normal,Observed traffic is 0.0% different from the expected baseline. Main reason: no_deviation.
57133,55027,Pittwater Road,Pittwater Road,Narrabeen,Warringah,2022-01-02,3,29.0,76.0,-47.0,-61.8421052631579,decrease,0,0,major_anomaly,unexplained_no_context,Station: Pittwater Road. Road: Pittwater Road. Suburb: Narrabeen. Date: 2022-01-02. Hour: 3. Traffic volume: 29.0. Expected volume: 76.0. Traffic change: -61.8%. Rain: 0.0 mm. Weather: no_rain+very_humid. Crash count: 0. Event count within 3km: 0. Public holiday: 0. School holiday: 0.,"Classify the anomaly level for this traffic station context. Choose one: normal, minor_anomaly, major_anomaly.",major_anomaly,Observed traffic is -61.8% different from the expected baseline. Main reason: unexplained_no_context.
57133,55027,Pittwater Road,Pittwater Road,Narrabeen,Warringah,2022-01-01,1,340.0,192.0,148.0,77.08333333333334,increase,0,0,major_anomaly,unexplained_no_context,Station: Pittwater Road. Road: Pittwater Road. Suburb: Narrabeen. Date: 2022-01-01. Hour: 1. Traffic volume: 340.0. Expected volume: 192.0. Traffic change: 77.1%. Rain: 0.0 mm. Weather: no_rain. Crash count: 0. Event count within 3km: 0. Public holiday: 0. School holiday: 0.,"Classify the anomaly level for this traffic station context. Choose one: normal, minor_anomaly, major_anomaly.",major_anomaly,Observed traffic is 77.1% different from the expected baseline. Main reason: unexplained_no_context.
57133,55027,Pittwater Road,Pittwater Road,Narrabeen,Warringah,2022-01-02,1,44.0,192.0,-148.0,-77.08333333333334,decrease,0,0,major_anomaly,unexplained_no_context,Station: Pittwater Road. Road: Pittwater Road. Suburb: Narrabeen. Date: 2022-01-02. Hour: 1. Traffic volume: 44.0. Expected volume: 192.0. Traffic change: -77.1%. Rain: 0.0 mm. Weather: no_rain+very_humid. Crash count: 0. Event count within 3km: 0. Public holiday: 0. School holiday: 0.,"Classify the anomaly level for this traffic station context. Choose one: normal, minor_anomaly, major_anomaly.",major_anomaly,Observed traffic is -77.1% different from the expected baseline. Main reason: unexplained_no_context.
57133,55027,Pittwater Road,Pittwater Road,Narrabeen,Warringah,2022-01-01,4,83.0,68.5,14.5,21.16788321167883,increase,0,0,minor_anomaly,unexplained_no_context,Station: Pittwater Road. Road: Pittwater Road. Suburb: Narrabeen. Date: 2022-01-01. Hour: 4. Traffic volume: 83.0. Expected volume: 68.5. Traffic change: 21.2%. Rain: 0.0 mm. Weather: no_rain. Crash count: 0. Event count within 3km: 0. Public holiday: 0. School holiday: 0.,"Classify the anomaly level for this traffic station context. Choose one: normal, minor_anomaly, major_anomaly.",minor_anomaly,Observed traffic is 21.2% different from the expected baseline. Main reason: unexplained_no_context.
57133,55027,Pittwater Road,Pittwater Road,Narrabeen,Warringah,2022-01-01,8,450.0,623.0,-173.0,-27.768860353130016,decrease,1,1,minor_anomaly,unexplained_beyond_crash,Station: Pittwater Road. Road: Pittwater Road. Suburb: Narrabeen. Date: 2022-01-01. Hour: 8. Traffic volume: 450.0. Expected volume: 623.0. Traffic change: -27.8%. Rain: 0.0 mm. Weather: no_rain+overcast. Crash count: 1. Event count within 3km: 0. Public holiday: 0. School holiday: 0.,"Classify the anomaly level for this traffic station context. Choose one: normal, minor_anomaly, major_anomaly.",minor_anomaly,Observed traffic is -27.8% different from the expected baseline. Main reason: unexplained_beyond_crash.
57133,55027,Pittwater Road,Pittwater Road,Narrabeen,Warringah,2022-01-02,4,54.0,68.5,-14.5,-21.16788321167883,decrease,0,0,minor_anomaly,unexplained_no_context,Station: Pittwater Road. Road: Pittwater Road. Suburb: Narrabeen. Date: 2022-01-02. Hour: 4. Traffic volume: 54.0. Expected volume: 68.5. Traffic change: -21.2%. Rain: 0.0 mm. Weather: no_rain+very_humid. Crash count: 0. Event count within 3km: 0. Public holiday: 0. School holiday: 0.,"Classify the anomaly level for this traffic station context. Choose one: normal, minor_anomaly, major_anomaly.",minor_anomaly,Observed traffic is -21.2% different from the expected baseline. Main reason: unexplained_no_context.
57133,55027,Pittwater Road,Pittwater Road,Narrabeen,Warringah,2022-01-04,19,631.0,631.0,0.0,0.0,no_change,1,1,normal,explained_by_crash,Station: Pittwater Road. Road: Pittwater Road. Suburb: Narrabeen. Date: 2022-01-04. Hour: 19. Traffic volume: 631.0. Expected volume: 631.0. Traffic change: 0.0%. Rain: 0.0 mm. Weather: no_rain. Crash count: 1. Event count within 3km: 0. Public holiday: 0. School holiday: 0.,"Classify the anomaly level for this traffic station context. Choose one: normal, minor_anomaly, major_anomaly.",normal,Observed traffic is 0.0% different from the expected baseline. Main reason: explained_by_crash.
57133,55027,Pittwater Road,Pittwater Road,Narrabeen,Warringah,2022-01-02,16,1284.0,1167.5,116.5,9.978586723768737,no_change,2,1,normal,explained_by_crash,Station: Pittwater Road. Road: Pittwater Road. Suburb: Narrabeen. Date: 2022-01-02. Hour: 16. Traffic volume: 1284.0. Expected volume: 1167.5. Traffic change: 10.0%. Rain: 0.0 mm. Weather: no_rain. Crash count: 1. Event count within 3km: 0. Public holiday: 0. School holiday: 0.,"Classify the anomaly level for this traffic station context. Choose one: normal, minor_anomaly, major_anomaly.",normal,Observed traffic is 10.0% different from the expected baseline. Main reason: explained_by_crash.
57133,55027,Pittwater Road,Pittwater Road,Narrabeen,Warringah,2022-01-04,23,113.0,113.0,0.0,0.0,no_change,1,1,normal,explained_by_rain,Station: Pittwater Road. Road: Pittwater Road. Suburb: Narrabeen. Date: 2022-01-04. Hour: 23. Traffic volume: 113.0. Expected volume: 113.0. Traffic change: 0.0%. Rain: 0.1 mm. Weather: no_rain+very_humid. Crash count: 0. Event count within 3km: 0. Public holiday: 0. School holiday: 0.,"Classify the anomaly level for this traffic station context. Choose one: normal, minor_anomaly, major_anomaly.",normal,Observed traffic is 0.0% different from the expected baseline. Main reason: explained_by_rain.
57134,55028,Pittwater Road,Pittwater Road,North Narrabeen,Pittwater,2022-01-03,0,207.0,149.0,58.0,38.92617449664429,increase,0,0,major_anomaly,unexplained_no_context,Station: Pittwater Road. Road: Pittwater Road. Suburb: North Narrabeen. Date: 2022-01-03. Hour: 0. Traffic volume: 207.0. Expected volume: 149.0. Traffic change: 38.9%. Rain: 0.0 mm. Weather: no_rain+very_humid. Crash count: 0. Event count within 3km: 0. Public holiday: 0. School holiday: 0.,"Classify the anomaly level for this traffic station context. Choose one: normal, minor_anomaly, major_anomaly.",major_anomaly,Observed traffic is 38.9% different from the expected baseline. Main reason: unexplained_no_context.
57134,55028,Pittwater Road,Pittwater Road,North Narrabeen,Pittwater,2022-01-02,4,110.0,161.5,-51.5,-31.88854489164087,decrease,0,0,major_anomaly,unexplained_no_context,Station: Pittwater Road. Road: Pittwater Road. Suburb: North Narrabeen. Date: 2022-01-02. Hour: 4. Traffic volume: 110.0. Expected volume: 161.5. Traffic change: -31.9%. Rain: 0.0 mm. Weather: no_rain+very_humid. Crash count: 0. Event count within 3km: 0. Public holiday: 0. School holiday: 0.,"Classify the anomaly level for this traffic station context. Choose one: normal, minor_anomaly, major_anomaly.",major_anomaly,Observed traffic is -31.9% different from the expected baseline. Main reason: unexplained_no_context.
57134,55028,Pittwater Road,Pittwater Road,North Narrabeen,Pittwater,2022-01-01,0,796.0,490.0,306.0,62.44897959183674,increase,0,0,major_anomaly,unexplained_no_context,Station: Pittwater Road. Road: Pittwater Road. Suburb: North Narrabeen. Date: 2022-01-01. Hour: 0. Traffic volume: 796.0. Expected volume: 490.0. Traffic change: 62.4%. Rain: 0.0 mm. Weather: no_rain. Crash count: 0. Event count within 3km: 0. Public holiday: 0. School holiday: 0.,"Classify the anomaly level for this traffic station context. Choose one: normal, minor_anomaly, major_anomaly.",major_anomaly,Observed traffic is 62.4% different from the expected baseline. Main reason: unexplained_no_context.
57134,55028,Pittwater Road,Pittwater Road,North Narrabeen,Pittwater,2022-01-03,5,442.0,609.0,-167.0,-27.42200328407225,decrease,0,0,minor_anomaly,unexplained_no_context,Station: Pittwater Road. Road: Pittwater Road. Suburb: North Narrabeen. Date: 2022-01-03. Hour: 5. Traffic volume: 442.0. Expected volume: 609.0. Traffic change: -27.4%. Rain: 0.0 mm. Weather: no_rain+very_humid. Crash count: 0. Event count within 3km: 0. Public holiday: 0. School holiday: 0.,"Classify the anomaly level for this traffic station context. Choose one: normal, minor_anomaly, major_anomaly.",minor_anomaly,Observed traffic is -27.4% different from the expected baseline. Main reason: unexplained_no_context.
57134,55028,Pittwater Road,Pittwater Road,North Narrabeen,Pittwater,2022-01-03,2,89.0,69.0,20.0,28.985507246376812,increase,2,1,minor_anomaly,unexplained_beyond_crash,Station: Pittwater Road. Road: Pittwater Road. Suburb: North Narrabeen. Date: 2022-01-03. Hour: 2. Traffic volume: 89.0. Expected volume: 69.0. Traffic change: 29.0%. Rain: 0.0 mm. Weather: no_rain+very_humid. Crash count: 1. Event count within 3km: 0. Public holiday: 0. School holiday: 0.,"Classify the anomaly level for this traffic station context. Choose one: normal, minor_anomaly, major_anomaly.",minor_anomaly,Observed traffic is 29.0% different from the expected baseline. Main reason: unexplained_beyond_crash.
57134,55028,Pittwater Road,Pittwater Road,North Narrabeen,Pittwater,2022-01-01,8,1108.0,1513.0,-405.0,-26.768010575016522,decrease,1,1,minor_anomaly,unexplained_beyond_crash,Station: Pittwater Road. Road: Pittwater Road. Suburb: North Narrabeen. Date: 2022-01-01. Hour: 8. Traffic volume: 1108.0. Expected volume: 1513.0. Traffic change: -26.8%. Rain: 0.0 mm. Weather: no_rain+overcast. Crash count: 1. Event count within 3km: 0. Public holiday: 0. School holiday: 0.,"Classify the anomaly level for this traffic station context. Choose one: normal, minor_anomaly, major_anomaly.",minor_anomaly,Observed traffic is -26.8% different from the expected baseline. Main reason: unexplained_beyond_crash.
57134,55028,Pittwater Road,Pittwater Road,North Narrabeen,Pittwater,2022-01-04,21,894.0,894.0,0.0,0.0,no_change,0,0,normal,no_deviation,Station: Pittwater Road. Road: Pittwater Road. Suburb: North Narrabeen. Date: 2022-01-04. Hour: 21. Traffic volume: 894.0. Expected volume: 894.0. Traffic change: 0.0%. Rain: 0.0 mm. Weather: no_rain+very_humid. Crash count: 0. Event count within 3km: 0. Public holiday: 0. School holiday: 0.,"Classify the anomaly level for this traffic station context. Choose one: normal, minor_anomaly, major_anomaly.",normal,Observed traffic is 0.0% different from the expected baseline. Main reason: no_deviation.
57134,55028,Pittwater Road,Pittwater Road,North Narrabeen,Pittwater,2022-01-02,16,3379.0,3066.0,313.0,10.208741030658839,no_change,2,1,normal,explained_by_crash,Station: Pittwater Road. Road: Pittwater Road. Suburb: North Narrabeen. Date: 2022-01-02. Hour: 16. Traffic volume: 3379.0. Expected volume: 3066.0. Traffic change: 10.2%. Rain: 0.0 mm. Weather: no_rain. Crash count: 1. Event count within 3km: 0. Public holiday: 0. School holiday: 0.,"Classify the anomaly level for this traffic station context. Choose one: normal, minor_anomaly, major_anomaly.",normal,Observed traffic is 10.2% different from the expected baseline. Main reason: explained_by_crash.
57134,55028,Pittwater Road,Pittwater Road,North Narrabeen,Pittwater,2022-01-05,1,83.0,83.0,0.0,0.0,no_change,0,0,normal,no_deviation,Station: Pittwater Road. Road: Pittwater Road. Suburb: North Narrabeen. Date: 2022-01-05. Hour: 1. Traffic volume: 83.0. Expected volume: 83.0. Traffic change: 0.0%. Rain: 0.0 mm. Weather: no_rain+very_humid. Crash count: 0. Event count within 3km: 0. Public holiday: 0. School holiday: 0.,"Classify the anomaly level for this traffic station context. Choose one: normal, minor_anomaly, major_anomaly.",normal,Observed traffic is 0.0% different from the expected baseline. Main reason: no_deviation.
57135,55030,Pittwater Road,Pittwater Road,Dee Why,Warringah,2022-01-01,0,385.0,227.5,157.5,69.23076923076923,increase,0,0,major_anomaly,unexplained_no_context,Station: Pittwater Road. Road: Pittwater Road. Suburb: Dee Why. Date: 2022-01-01. Hour: 0. Traffic volume: 385.0. Expected volume: 227.5. Traffic change: 69.2%. Rain: 0.0 mm. Weather: no_rain. Crash count: 0. Event count within 3km: 0. Public holiday: 0. School holiday: 0.,"Classify the anomaly level for this traffic station context. Choose one: normal, minor_anomaly, major_anomaly.",major_anomaly,Observed traffic is 69.2% different from the expected baseline. Main reason: unexplained_no_context.
57135,55030,Pittwater Road,Pittwater Road,Dee Why,Warringah,2022-01-01,1,317.0,177.0,140.0,79.09604519774011,increase,0,0,major_anomaly,unexplained_no_context,Station: Pittwater Road. Road: Pittwater Road. Suburb: Dee Why. Date: 2022-01-01. Hour: 1. Traffic volume: 317.0. Expected volume: 177.0. Traffic change: 79.1%. Rain: 0.0 mm. Weather: no_rain. Crash count: 0. Event count within 3km: 0. Public holiday: 0. School holiday: 0.,"Classify the anomaly level for this traffic station context. Choose one: normal, minor_anomaly, major_anomaly.",major_anomaly,Observed traffic is 79.1% different from the expected baseline. Main reason: unexplained_no_context.
57135,55030,Pittwater Road,Pittwater Road,Dee Why,Warringah,2022-01-02,0,70.0,227.5,-157.5,-69.23076923076923,decrease,0,0,major_anomaly,unexplained_no_context,Station: Pittwater Road. Road: Pittwater Road. Suburb: Dee Why. Date: 2022-01-02. Hour: 0. Traffic volume: 70.0. Expected volume: 227.5. Traffic change: -69.2%. Rain: 0.0 mm. Weather: no_rain+very_humid. Crash count: 0. Event count within 3km: 0. Public holiday: 0. School holiday: 0.,"Classify the anomaly level for this traffic station context. Choose one: normal, minor_anomaly, major_anomaly.",major_anomaly,Observed traffic is -69.2% different from the expected baseline. Main reason: unexplained_no_context.
57135,55030,Pittwater Road,Pittwater Road,Dee Why,Warringah,2022-01-03,4,52.0,72.0,-20.0,-27.77777777777778,decrease,1,1,minor_anomaly,unexplained_beyond_crash,Station: Pittwater Road. Road: Pittwater Road. Suburb: Dee Why. Date: 2022-01-03. Hour: 4. Traffic volume: 52.0. Expected volume: 72.0. Traffic change: -27.8%. Rain: 0.0 mm. Weather: no_rain+very_humid. Crash count: 1. Event count within 3km: 0. Public holiday: 0. School holiday: 0.,"Classify the anomaly level for this traffic station context. Choose one: normal, minor_anomaly, major_anomaly.",minor_anomaly,Observed traffic is -27.8% different from the expected baseline. Main reason: unexplained_beyond_crash.
57135,55030,Pittwater Road,Pittwater Road,Dee Why,Warringah,2022-01-03,9,944.0,1128.0,-184.0,-16.312056737588655,no_change,0,0,minor_anomaly,unexplained_no_context,Station: Pittwater Road. Road: Pittwater Road. Suburb: Dee Why. Date: 2022-01-03. Hour: 9. Traffic volume: 944.0. Expected volume: 1128.0. Traffic change: -16.3%. Rain: 0.0 mm. Weather: no_rain. Crash count: 0. Event count within 3km: 0. Public holiday: 0. School holiday: 0.,"Classify the anomaly level for this traffic station context. Choose one: normal, minor_anomaly, major_anomaly.",minor_anomaly,Observed traffic is -16.3% different from the expected baseline. Main reason: unexplained_no_context.
57135,55030,Pittwater Road,Pittwater Road,Dee Why,Warringah,2022-01-01,7,264.0,342.0,-78.0,-22.807017543859647,decrease,2,1,minor_anomaly,unexplained_beyond_crash,Station: Pittwater Road. Road: Pittwater Road. Suburb: Dee Why. Date: 2022-01-01. Hour: 7. Traffic volume: 264.0. Expected volume: 342.0. Traffic change: -22.8%. Rain: 0.0 mm. Weather: no_rain. Crash count: 1. Event count within 3km: 0. Public holiday: 0. School holiday: 0.,"Classify the anomaly level for this traffic station context. Choose one: normal, minor_anomaly, major_anomaly.",minor_anomaly,Observed traffic is -22.8% different from the expected baseline. Main reason: unexplained_beyond_crash.
57135,55030,Pittwater Road,Pittwater Road,Dee Why,Warringah,2022-01-03,20,581.0,510.0,71.0,13.92156862745098,no_change,0,0,normal,no_deviation,Station: Pittwater Road. Road: Pittwater Road. Suburb: Dee Why. Date: 2022-01-03. Hour: 20. Traffic volume: 581.0. Expected volume: 510.0. Traffic change: 13.9%. Rain: 0.0 mm. Weather: no_rain. Crash count: 0. Event count within 3km: 0. Public holiday: 0. School holiday: 0.,"Classify the anomaly level for this traffic station context. Choose one: normal, minor_anomaly, major_anomaly.",normal,Observed traffic is 13.9% different from the expected baseline. Main reason: no_deviation.
57135,55030,Pittwater Road,Pittwater Road,Dee Why,Warringah,2022-01-02,16,1306.0,1161.0,145.0,12.489233419465979,no_change,2,1,normal,explained_by_crash,Station: Pittwater Road. Road: Pittwater Road. Suburb: Dee Why. Date: 2022-01-02. Hour: 16. Traffic volume: 1306.0. Expected volume: 1161.0. Traffic change: 12.5%. Rain: 0.0 mm. Weather: no_rain. Crash count: 1. Event count within 3km: 0. Public holiday: 0. School holiday: 0.,"Classify the anomaly level for this traffic station context. Choose one: normal, minor_anomaly, major_anomaly.",normal,Observed traffic is 12.5% different from the expected baseline. Main reason: explained_by_crash.
57135,55030,Pittwater Road,Pittwater Road,Dee Why,Warringah,2022-01-04,11,1437.0,1327.0,110.0,8.289374529012811,no_change,0,0,normal,no_deviation,Station: Pittwater Road. Road: Pittwater Road. Suburb: Dee Why. Date: 2022-01-04. Hour: 11. Traffic volume: 1437.0. Expected volume: 1327.0. Traffic change: 8.3%. Rain: 0.0 mm. Weather: no_rain. Crash count: 0. Event count within 3km: 0. Public holiday: 0. School holiday: 0.,"Classify the anomaly level for this traffic station context. Choose one: normal, minor_anomaly, major_anomaly.",normal,Observed traffic is 8.3% different from the expected baseline. Main reason: no_deviation.
57136,55036,Warringah Road,Warringah Road,Beacon Hill,Warringah,2022-01-03,5,447.0,797.0,-350.0,-43.9146800501882,decrease,1,1,major_anomaly,unexplained_beyond_crash,Station: Warringah Road. Road: Warringah Road. Suburb: Beacon Hill. Date: 2022-01-03. Hour: 5. Traffic volume: 447.0. Expected volume: 797.0. Traffic change: -43.9%. Rain: 0.0 mm. Weather: no_rain+very_humid. Crash count: 1. Event count within 3km: 0. Public holiday: 0. School holiday: 0.,"Classify the anomaly level for this traffic station context. Choose one: normal, minor_anomaly, major_anomaly.",major_anomaly,Observed traffic is -43.9% different from the expected baseline. Main reason: unexplained_beyond_crash.
57136,55036,Warringah Road,Warringah Road,Beacon Hill,Warringah,2022-01-02,4,105.0,151.0,-46.0,-30.4635761589404,decrease,0,0,major_anomaly,unexplained_no_context,Station: Warringah Road. Road: Warringah Road. Suburb: Beacon Hill. Date: 2022-01-02. Hour: 4. Traffic volume: 105.0. Expected volume: 151.0. Traffic change: -30.5%. Rain: 0.0 mm. Weather: no_rain+very_humid. Crash count: 0. Event count within 3km: 0. Public holiday: 0. School holiday: 0.,"Classify the anomaly level for this traffic station context. Choose one: normal, minor_anomaly, major_anomaly.",major_anomaly,Observed traffic is -30.5% different from the expected baseline. Main reason: unexplained_no_context.
57136,55036,Warringah Road,Warringah Road,Beacon Hill,Warringah,2022-01-01,0,768.0,498.5,269.5,54.062186559679034,increase,0,0,major_anomaly,unexplained_no_context,Station: Warringah Road. Road: Warringah Road. Suburb: Beacon Hill. Date: 2022-01-01. Hour: 0. Traffic volume: 768.0. Expected volume: 498.5. Traffic change: 54.1%. Rain: 0.0 mm. Weather: no_rain. Crash count: 0. Event count within 3km: 0. Public holiday: 0. School holiday: 0.,"Classify the anomaly level for this traffic station context. Choose one: normal, minor_anomaly, major_anomaly.",major_anomaly,Observed traffic is 54.1% different from the expected baseline. Main reason: unexplained_no_context.
57136,55036,Warringah Road,Warringah Road,Beacon Hill,Warringah,2022-01-01,8,1138.0,1528.0,-390.0,-25.523560209424083,decrease,0,0,minor_anomaly,unexplained_no_context,Station: Warringah Road. Road: Warringah Road. Suburb: Beacon Hill. Date: 2022-01-01. Hour: 8. Traffic volume: 1138.0. Expected volume: 1528.0. Traffic change: -25.5%. Rain: 0.0 mm. Weather: no_rain+overcast. Crash count: 0. Event count within 3km: 0. Public holiday: 0. School holiday: 0.,"Classify the anomaly level for this traffic station context. Choose one: normal, minor_anomaly, major_anomaly.",minor_anomaly,Observed traffic is -25.5% different from the expected baseline. Main reason: unexplained_no_context.
57136,55036,Warringah Road,Warringah Road,Beacon Hill,Warringah,2022-01-01,9,1632.0,2274.5,-642.5,-28.247966586062873,decrease,0,0,minor_anomaly,unexplained_no_context,Station: Warringah Road. Road: Warringah Road. Suburb: Beacon Hill. Date: 2022-01-01. Hour: 9. Traffic volume: 1632.0. Expected volume: 2274.5. Traffic change: -28.2%. Rain: 0.0 mm. Weather: no_rain+overcast. Crash count: 0. Event count within 3km: 0. Public holiday: 0. School holiday: 0.,"Classify the anomaly level for this traffic station context. Choose one: normal, minor_anomaly, major_anomaly.",minor_anomaly,Observed traffic is -28.2% different from the expected baseline. Main reason: unexplained_no_context.
57136,55036,Warringah Road,Warringah Road,Beacon Hill,Warringah,2022-01-02,7,1197.0,1006.0,191.0,18.986083499005964,no_change,0,0,minor_anomaly,unexplained_no_context,Station: Warringah Road. Road: Warringah Road. Suburb: Beacon Hill. Date: 2022-01-02. Hour: 7. Traffic volume: 1197.0. Expected volume: 1006.0. Traffic change: 19.0%. Rain: 0.0 mm. Weather: no_rain+very_humid. Crash count: 0. Event count within 3km: 0. Public holiday: 0. School holiday: 0.,"Classify the anomaly level for this traffic station context. Choose one: normal, minor_anomaly, major_anomaly.",minor_anomaly,Observed traffic is 19.0% different from the expected baseline. Main reason: unexplained_no_context.
57136,55036,Warringah Road,Warringah Road,Beacon Hill,Warringah,2022-01-03,19,1772.0,1659.0,113.0,6.811332127787824,no_change,2,1,normal,explained_by_crash,Station: Warringah Road. Road: Warringah Road. Suburb: Beacon Hill. Date: 2022-01-03. Hour: 19. Traffic volume: 1772.0. Expected volume: 1659.0. Traffic change: 6.8%. Rain: 0.0 mm. Weather: no_rain. Crash count: 1. Event count within 3km: 0. Public holiday: 0. School holiday: 0.,"Classify the anomaly level for this traffic station context. Choose one: normal, minor_anomaly, major_anomaly.",normal,Observed traffic is 6.8% different from the expected baseline. Main reason: explained_by_crash.
57136,55036,Warringah Road,Warringah Road,Beacon Hill,Warringah,2022-01-02,18,2621.0,2340.0,281.0,12.008547008547009,no_change,1,1,normal,explained_by_strong_wind,Station: Warringah Road. Road: Warringah Road. Suburb: Beacon Hill. Date: 2022-01-02. Hour: 18. Traffic volume: 2621.0. Expected volume: 2340.0. Traffic change: 12.0%. Rain: 0.0 mm. Weather: no_rain+strong_wind. Crash count: 0. Event count within 3km: 0. Public holiday: 0. School holiday: 0.,"Classify the anomaly level for this traffic station context. Choose one: normal, minor_anomaly, major_anomaly.",normal,Observed traffic is 12.0% different from the expected baseline. Main reason: explained_by_strong_wind.
57136,55036,Warringah Road,Warringah Road,Beacon Hill,Warringah,2022-01-04,11,3786.0,3786.0,0.0,0.0,no_change,0,0,normal,no_deviation,Station: Warringah Road. Road: Warringah Road. Suburb: Beacon Hill. Date: 2022-01-04. Hour: 11. Traffic volume: 3786.0. Expected volume: 3786.0. Traffic change: 0.0%. Rain: 0.0 mm. Weather: no_rain. Crash count: 0. Event count within 3km: 0. Public holiday: 0. School holiday: 0.,"Classify the anomaly level for this traffic station context. Choose one: normal, minor_anomaly, major_anomaly.",normal,Observed traffic is 0.0% different from the expected baseline. Main reason: no_deviation.
57140,55049,Pittwater Road,Pittwater Road,Collaroy,Warringah,2023-05-12,9,2016.0,1222.5,793.5,64.9079754601227,increase,0,0,major_anomaly,unexplained_no_context,Station: Pittwater Road. Road: Pittwater Road. Suburb: Collaroy. Date: 2023-05-12. Hour: 9. Traffic volume: 2016.0. Expected volume: 1222.5. Traffic change: 64.9%. Rain: 0.0 mm. Weather: no_rain+very_humid. Crash count: 0. Event count within 3km: 0. Public holiday: 0. School holiday: 0.,"Classify the anomaly level for this traffic station context. Choose one: normal, minor_anomaly, major_anomaly.",major_anomaly,Observed traffic is 64.9% different from the expected baseline. Main reason: unexplained_no_context.
57140,55049,Pittwater Road,Pittwater Road,Collaroy,Warringah,2023-09-20,12,2351.0,1249.5,1101.5,88.15526210484194,increase,2,2,major_anomaly,unexplained_beyond_crash_strong_wind,Station: Pittwater Road. Road: Pittwater Road. Suburb: Collaroy. Date: 2023-09-20. Hour: 12. Traffic volume: 2351.0. Expected volume: 1249.5. Traffic change: 88.2%. Rain: 0.0 mm. Weather: no_rain+hot+strong_wind. Crash count: 1. Event count within 3km: 0. Public holiday: 0. School holiday: 0.,"Classify the anomaly level for this traffic station context. Choose one: normal, minor_anomaly, major_anomaly.",major_anomaly,Observed traffic is 88.2% different from the expected baseline. Main reason: unexplained_beyond_crash_strong_wind.
57140,55049,Pittwater Road,Pittwater Road,Collaroy,Warringah,2023-12-28,8,876.0,1464.0,-588.0,-40.16393442622951,decrease,0,0,major_anomaly,unexplained_no_context,Station: Pittwater Road. Road: Pittwater Road. Suburb: Collaroy. Date: 2023-12-28. Hour: 8. Traffic volume: 876.0. Expected volume: 1464.0. Traffic change: -40.2%. Rain: 0.0 mm. Weather: no_rain. Crash count: 0. Event count within 3km: 0. Public holiday: 0. School holiday: 0.,"Classify the anomaly level for this traffic station context. Choose one: normal, minor_anomaly, major_anomaly.",major_anomaly,Observed traffic is -40.2% different from the expected baseline. Main reason: unexplained_no_context.
57140,55049,Pittwater Road,Pittwater Road,Collaroy,Warringah,2023-10-29,6,276.0,351.0,-75.0,-21.367521367521366,decrease,0,0,minor_anomaly,unexplained_no_context,Station: Pittwater Road. Road: Pittwater Road. Suburb: Collaroy. Date: 2023-10-29. Hour: 6. Traffic volume: 276.0. Expected volume: 351.0. Traffic change: -21.4%. Rain: 0.0 mm. Weather: no_rain. Crash count: 0. Event count within 3km: 0. Public holiday: 0. School holiday: 0.,"Classify the anomaly level for this traffic station context. Choose one: normal, minor_anomaly, major_anomaly.",minor_anomaly,Observed traffic is -21.4% different from the expected baseline. Main reason: unexplained_no_context.
57140,55049,Pittwater Road,Pittwater Road,Collaroy,Warringah,2022-02-15,2,25.0,31.0,-6.0,-19.35483870967742,no_change,0,0,minor_anomaly,unexplained_no_context,Station: Pittwater Road. Road: Pittwater Road. Suburb: Collaroy. Date: 2022-02-15. Hour: 2. Traffic volume: 25.0. Expected volume: 31.0. Traffic change: -19.4%. Rain: 0.0 mm. Weather: no_rain+very_humid. Crash count: 0. Event count within 3km: 0. Public holiday: 0. School holiday: 0.,"Classify the anomaly level for this traffic station context. Choose one: normal, minor_anomaly, major_anomaly.",minor_anomaly,Observed traffic is -19.4% different from the expected baseline. Main reason: unexplained_no_context.
57140,55049,Pittwater Road,Pittwater Road,Collaroy,Warringah,2023-11-20,23,99.0,135.0,-36.0,-26.666666666666668,decrease,0,0,minor_anomaly,unexplained_no_context,Station: Pittwater Road. Road: Pittwater Road. Suburb: Collaroy. Date: 2023-11-20. Hour: 23. Traffic volume: 99.0. Expected volume: 135.0. Traffic change: -26.7%. Rain: 0.0 mm. Weather: no_rain+very_humid. Crash count: 0. Event count within 3km: 0. Public holiday: 0. School holiday: 0.,"Classify the anomaly level for this traffic station context. Choose one: normal, minor_anomaly, major_anomaly.",minor_anomaly,Observed traffic is -26.7% different from the expected baseline. Main reason: unexplained_no_context.
57140,55049,Pittwater Road,Pittwater Road,Collaroy,Warringah,2024-11-03,20,485.0,441.5,43.5,9.85277463193658,no_change,2,1,normal,explained_by_crash,Station: Pittwater Road. Road: Pittwater Road. Suburb: Collaroy. Date: 2024-11-03. Hour: 20. Traffic volume: 485.0. Expected volume: 441.5. Traffic change: 9.9%. Rain: 0.0 mm. Weather: no_rain+overcast. Crash count: 1. Event count within 3km: 0. Public holiday: 0. School holiday: 0.,"Classify the anomaly level for this traffic station context. Choose one: normal, minor_anomaly, major_anomaly.",normal,Observed traffic is 9.9% different from the expected baseline. Main reason: explained_by_crash.
57140,55049,Pittwater Road,Pittwater Road,Collaroy,Warringah,2023-11-30,5,343.0,367.0,-24.0,-6.539509536784741,no_change,1,1,normal,explained_by_crash,Station: Pittwater Road. Road: Pittwater Road. Suburb: Collaroy. Date: 2023-11-30. Hour: 5. Traffic volume: 343.0. Expected volume: 367.0. Traffic change: -6.5%. Rain: 0.0 mm. Weather: no_rain+very_humid. Crash count: 1. Event count within 3km: 0. Public holiday: 0. School holiday: 0.,"Classify the anomaly level for this traffic station context. Choose one: normal, minor_anomaly, major_anomaly.",normal,Observed traffic is -6.5% different from the expected baseline. Main reason: explained_by_crash.
57140,55049,Pittwater Road,Pittwater Road,Collaroy,Warringah,2022-05-26,22,262.0,271.5,-9.5,-3.4990791896869244,no_change,0,0,normal,no_deviation,Station: Pittwater Road. Road: Pittwater Road. Suburb: Collaroy. Date: 2022-05-26. Hour: 22. Traffic volume: 262.0. Expected volume: 271.5. Traffic change: -3.5%. Rain: 0.0 mm. Weather: no_rain+very_humid. Crash count: 0. Event count within 3km: 0. Public holiday: 0. School holiday: 0.,"Classify the anomaly level for this traffic station context. Choose one: normal, minor_anomaly, major_anomaly.",normal,Observed traffic is -3.5% different from the expected baseline. Main reason: no_deviation.
57141,55050,Warringah Road,Warringah Road,Beacon Hill,Warringah,2023-02-18,1,130.0,188.0,-58.0,-30.851063829787233,decrease,0,0,major_anomaly,unexplained_no_context,Station: Warringah Road. Road: Warringah Road. Suburb: Beacon Hill. Date: 2023-02-18. Hour: 1. Traffic volume: 130.0. Expected volume: 188.0. Traffic change: -30.9%. Rain: 0.0 mm. Weather: no_rain+very_humid. Crash count: 0. Event count within 3km: 0. Public holiday: 0. School holiday: 0.,"Classify the anomaly level for this traffic station context. Choose one: normal, minor_anomaly, major_anomaly.",major_anomaly,Observed traffic is -30.9% different from the expected baseline. Main reason: unexplained_no_context.
57141,55050,Warringah Road,Warringah Road,Beacon Hill,Warringah,2022-04-22,22,896.0,495.0,401.0,81.01010101010101,increase,2,2,major_anomaly,unexplained_beyond_rain_crash,Station: Warringah Road. Road: Warringah Road. Suburb: Beacon Hill. Date: 2022-04-22. Hour: 22. Traffic volume: 896.0. Expected volume: 495.0. Traffic change: 81.0%. Rain: 0.6 mm. Weather: light_rain+very_humid+overcast. Crash count: 1. Event count within 3km: 0. Public holiday: 0. School holiday: 0.,"Classify the anomaly level for this traffic station context. Choose one: normal, minor_anomaly, major_anomaly.",major_anomaly,Observed traffic is 81.0% different from the expected baseline. Main reason: unexplained_beyond_rain_crash.
57141,55050,Warringah Road,Warringah Road,Beacon Hill,Warringah,2022-03-08,3,376.0,166.5,209.5,125.82582582582582,increase,1,1,major_anomaly,unexplained_beyond_rain,Station: Warringah Road. Road: Warringah Road. Suburb: Beacon Hill. Date: 2022-03-08. Hour: 3. Traffic volume: 376.0. Expected volume: 166.5. Traffic change: 125.8%. Rain: 0.7 mm. Weather: light_rain+very_humid+overcast. Crash count: 0. Event count within 3km: 0. Public holiday: 0. School holiday: 0.,"Classify the anomaly level for this traffic station context. Choose one: normal, minor_anomaly, major_anomaly.",major_anomaly,Observed traffic is 125.8% different from the expected baseline. Main reason: unexplained_beyond_rain.
57141,55050,Warringah Road,Warringah Road,Beacon Hill,Warringah,2022-08-11,2,68.0,93.0,-25.0,-26.881720430107524,decrease,0,0,minor_anomaly,unexplained_no_context,Station: Warringah Road. Road: Warringah Road. Suburb: Beacon Hill. Date: 2022-08-11. Hour: 2. Traffic volume: 68.0. Expected volume: 93.0. Traffic change: -26.9%. Rain: 0.0 mm. Weather: no_rain+very_humid. Crash count: 0. Event count within 3km: 0. Public holiday: 0. School holiday: 0.,"Classify the anomaly level for this traffic station context. Choose one: normal, minor_anomaly, major_anomaly.",minor_anomaly,Observed traffic is -26.9% different from the expected baseline. Main reason: unexplained_no_context.
57141,55050,Warringah Road,Warringah Road,Beacon Hill,Warringah,2022-07-13,3,129.0,166.5,-37.5,-22.52252252252252,decrease,0,0,minor_anomaly,unexplained_no_context,Station: Warringah Road. Road: Warringah Road. Suburb: Beacon Hill. Date: 2022-07-13. Hour: 3. Traffic volume: 129.0. Expected volume: 166.5. Traffic change: -22.5%. Rain: 0.0 mm. Weather: no_rain+overcast. Crash count: 0. Event count within 3km: 0. Public holiday: 0. School holiday: 0.,"Classify the anomaly level for this traffic station context. Choose one: normal, minor_anomaly, major_anomaly.",minor_anomaly,Observed traffic is -22.5% different from the expected baseline. Main reason: unexplained_no_context.
57141,55050,Warringah Road,Warringah Road,Beacon Hill,Warringah,2022-11-06,11,4311.0,3496.0,815.0,23.312356979405035,increase,1,1,minor_anomaly,unexplained_beyond_crash,Station: Warringah Road. Road: Warringah Road. Suburb: Beacon Hill. Date: 2022-11-06. Hour: 11. Traffic volume: 4311.0. Expected volume: 3496.0. Traffic change: 23.3%. Rain: 0.0 mm. Weather: no_rain. Crash count: 2. Event count within 3km: 0. Public holiday: 0. School holiday: 0.,"Classify the anomaly level for this traffic station context. Choose one: normal, minor_anomaly, major_anomaly.",minor_anomaly,Observed traffic is 23.3% different from the expected baseline. Main reason: unexplained_beyond_crash.
57141,55050,Warringah Road,Warringah Road,Beacon Hill,Warringah,2022-06-01,17,3907.0,3374.0,533.0,15.797273266152933,no_change,3,2,normal,explained_by_crash_strong_wind,Station: Warringah Road. Road: Warringah Road. Suburb: Beacon Hill. Date: 2022-06-01. Hour: 17. Traffic volume: 3907.0. Expected volume: 3374.0. Traffic change: 15.8%. Rain: 0.0 mm. Weather: no_rain+strong_wind. Crash count: 1. Event count within 3km: 0. Public holiday: 0. School holiday: 0.,"Classify the anomaly level for this traffic station context. Choose one: normal, minor_anomaly, major_anomaly.",normal,Observed traffic is 15.8% different from the expected baseline. Main reason: explained_by_crash_strong_wind.
57141,55050,Warringah Road,Warringah Road,Beacon Hill,Warringah,2023-01-20,14,3845.0,3656.0,189.0,5.169584245076586,no_change,3,2,normal,explained_by_rain_crash,Station: Warringah Road. Road: Warringah Road. Suburb: Beacon Hill. Date: 2023-01-20. Hour: 14. Traffic volume: 3845.0. Expected volume: 3656.0. Traffic change: 5.2%. Rain: 0.2 mm. Weather: light_rain+overcast. Crash count: 1. Event count within 3km: 0. Public holiday: 0. School holiday: 0.,"Classify the anomaly level for this traffic station context. Choose one: normal, minor_anomaly, major_anomaly.",normal,Observed traffic is 5.2% different from the expected baseline. Main reason: explained_by_rain_crash.
57141,55050,Warringah Road,Warringah Road,Beacon Hill,Warringah,2022-01-14,8,3519.0,3700.0,-181.0,-4.891891891891892,no_change,0,0,normal,no_deviation,Station: Warringah Road. Road: Warringah Road. Suburb: Beacon Hill. Date: 2022-01-14. Hour: 8. Traffic volume: 3519.0. Expected volume: 3700.0. Traffic change: -4.9%. Rain: 0.0 mm. Weather: no_rain+overcast. Crash count: 0. Event count within 3km: 0. Public holiday: 0. School holiday: 0.,"Classify the anomaly level for this traffic station context. Choose one: normal, minor_anomaly, major_anomaly.",normal,Observed traffic is -4.9% different from the expected baseline. Main reason: no_deviation.
57155,57011,Mona Vale Road,Mona Vale Road,Belrose,Warringah,2022-01-02,9,3339.0,2553.0,786.0,30.787309048178614,increase,0,0,major_anomaly,unexplained_no_context,Station: Mona Vale Road. Road: Mona Vale Road. Suburb: Belrose. Date: 2022-01-02. Hour: 9. Traffic volume: 3339.0. Expected volume: 2553.0. Traffic change: 30.8%. Rain: 0.0 mm. Weather: no_rain. Crash count: 0. Event count within 3km: 0. Public holiday: 0. School holiday: 0.,"Classify the anomaly level for this traffic station context. Choose one: normal, minor_anomaly, major_anomaly.",major_anomaly,Observed traffic is 30.8% different from the expected baseline. Main reason: unexplained_no_context.
57155,57011,Mona Vale Road,Mona Vale Road,Belrose,Warringah,2022-01-02,3,56.0,110.5,-54.5,-49.321266968325794,decrease,0,0,major_anomaly,unexplained_no_context,Station: Mona Vale Road. Road: Mona Vale Road. Suburb: Belrose. Date: 2022-01-02. Hour: 3. Traffic volume: 56.0. Expected volume: 110.5. Traffic change: -49.3%. Rain: 0.0 mm. Weather: no_rain+very_humid. Crash count: 0. Event count within 3km: 0. Public holiday: 0. School holiday: 0.,"Classify the anomaly level for this traffic station context. Choose one: normal, minor_anomaly, major_anomaly.",major_anomaly,Observed traffic is -49.3% different from the expected baseline. Main reason: unexplained_no_context.
57155,57011,Mona Vale Road,Mona Vale Road,Belrose,Warringah,2022-01-01,0,553.0,353.0,200.0,56.657223796033996,increase,0,0,major_anomaly,unexplained_no_context,Station: Mona Vale Road. Road: Mona Vale Road. Suburb: Belrose. Date: 2022-01-01. Hour: 0. Traffic volume: 553.0. Expected volume: 353.0. Traffic change: 56.7%. Rain: 0.0 mm. Weather: no_rain. Crash count: 0. Event count within 3km: 0. Public holiday: 0. School holiday: 0.,"Classify the anomaly level for this traffic station context. Choose one: normal, minor_anomaly, major_anomaly.",major_anomaly,Observed traffic is 56.7% different from the expected baseline. Main reason: unexplained_no_context.
57155,57011,Mona Vale Road,Mona Vale Road,Belrose,Warringah,2022-01-02,10,4051.0,3298.0,753.0,22.832019405700425,increase,0,0,minor_anomaly,unexplained_no_context,Station: Mona Vale Road. Road: Mona Vale Road. Suburb: Belrose. Date: 2022-01-02. Hour: 10. Traffic volume: 4051.0. Expected volume: 3298.0. Traffic change: 22.8%. Rain: 0.0 mm. Weather: no_rain. Crash count: 0. Event count within 3km: 0. Public holiday: 0. School holiday: 0.,"Classify the anomaly level for this traffic station context. Choose one: normal, minor_anomaly, major_anomaly.",minor_anomaly,Observed traffic is 22.8% different from the expected baseline. Main reason: unexplained_no_context.
57155,57011,Mona Vale Road,Mona Vale Road,Belrose,Warringah,2022-01-03,11,4095.0,3447.0,648.0,18.79895561357702,no_change,0,0,minor_anomaly,unexplained_no_context,Station: Mona Vale Road. Road: Mona Vale Road. Suburb: Belrose. Date: 2022-01-03. Hour: 11. Traffic volume: 4095.0. Expected volume: 3447.0. Traffic change: 18.8%. Rain: 0.0 mm. Weather: no_rain. Crash count: 0. Event count within 3km: 0. Public holiday: 0. School holiday: 0.,"Classify the anomaly level for this traffic station context. Choose one: normal, minor_anomaly, major_anomaly.",minor_anomaly,Observed traffic is 18.8% different from the expected baseline. Main reason: unexplained_no_context.
57155,57011,Mona Vale Road,Mona Vale Road,Belrose,Warringah,2022-01-01,8,1244.0,1665.0,-421.0,-25.285285285285287,decrease,0,0,minor_anomaly,unexplained_no_context,Station: Mona Vale Road. Road: Mona Vale Road. Suburb: Belrose. Date: 2022-01-01. Hour: 8. Traffic volume: 1244.0. Expected volume: 1665.0. Traffic change: -25.3%. Rain: 0.0 mm. Weather: no_rain+overcast. Crash count: 0. Event count within 3km: 0. Public holiday: 0. School holiday: 0.,"Classify the anomaly level for this traffic station context. Choose one: normal, minor_anomaly, major_anomaly.",minor_anomaly,Observed traffic is -25.3% different from the expected baseline. Main reason: unexplained_no_context.
57155,57011,Mona Vale Road,Mona Vale Road,Belrose,Warringah,2022-01-03,12,3667.0,3211.0,456.0,14.201183431952662,no_change,0,0,normal,no_deviation,Station: Mona Vale Road. Road: Mona Vale Road. Suburb: Belrose. Date: 2022-01-03. Hour: 12. Traffic volume: 3667.0. Expected volume: 3211.0. Traffic change: 14.2%. Rain: 0.0 mm. Weather: no_rain. Crash count: 0. Event count within 3km: 0. Public holiday: 0. School holiday: 0.,"Classify the anomaly level for this traffic station context. Choose one: normal, minor_anomaly, major_anomaly.",normal,Observed traffic is 14.2% different from the expected baseline. Main reason: no_deviation.
57155,57011,Mona Vale Road,Mona Vale Road,Belrose,Warringah,2022-01-01,5,461.0,437.0,24.0,5.491990846681922,no_change,0,0,normal,no_deviation,Station: Mona Vale Road. Road: Mona Vale Road. Suburb: Belrose. Date: 2022-01-01. Hour: 5. Traffic volume: 461.0. Expected volume: 437.0. Traffic change: 5.5%. Rain: 0.0 mm. Weather: no_rain. Crash count: 0. Event count within 3km: 0. Public holiday: 0. School holiday: 0.,"Classify the anomaly level for this traffic station context. Choose one: normal, minor_anomaly, major_anomaly.",normal,Observed traffic is 5.5% different from the expected baseline. Main reason: no_deviation.
57155,57011,Mona Vale Road,Mona Vale Road,Belrose,Warringah,2022-01-02,20,1678.0,1413.0,265.0,18.75442321302194,no_change,1,1,normal,explained_by_strong_wind,Station: Mona Vale Road. Road: Mona Vale Road. Suburb: Belrose. Date: 2022-01-02. Hour: 20. Traffic volume: 1678.0. Expected volume: 1413.0. Traffic change: 18.8%. Rain: 0.0 mm. Weather: no_rain+strong_wind. Crash count: 0. Event count within 3km: 0. Public holiday: 0. School holiday: 0.,"Classify the anomaly level for this traffic station context. Choose one: normal, minor_anomaly, major_anomaly.",normal,Observed traffic is 18.8% different from the expected baseline. Main reason: explained_by_strong_wind.
57159,57024,Mona Vale Road,Mona Vale Road,Ingleside,Warringah,2023-03-09,20,771.0,537.0,234.0,43.575418994413404,increase,1,1,major_anomaly,unexplained_beyond_crash,Station: Mona Vale Road. Road: Mona Vale Road. Suburb: Ingleside. Date: 2023-03-09. Hour: 20. Traffic volume: 771.0. Expected volume: 537.0. Traffic change: 43.6%. Rain: 0.0 mm. Weather: no_rain. Crash count: 1. Event count within 3km: 0. Public holiday: 0. School holiday: 0.,"Classify the anomaly level for this traffic station context. Choose one: normal, minor_anomaly, major_anomaly.",major_anomaly,Observed traffic is 43.6% different from the expected baseline. Main reason: unexplained_beyond_crash.
57159,57024,Mona Vale Road,Mona Vale Road,Ingleside,Warringah,2022-12-26,8,227.0,2577.0,-2350.0,-91.19130772215755,decrease,0,0,major_anomaly,unexplained_no_context,Station: Mona Vale Road. Road: Mona Vale Road. Suburb: Ingleside. Date: 2022-12-26. Hour: 8. Traffic volume: 227.0. Expected volume: 2577.0. Traffic change: -91.2%. Rain: 0.0 mm. Weather: no_rain. Crash count: 0. Event count within 3km: 0. Public holiday: 0. School holiday: 0.,"Classify the anomaly level for this traffic station context. Choose one: normal, minor_anomaly, major_anomaly.",major_anomaly,Observed traffic is -91.2% different from the expected baseline. Main reason: unexplained_no_context.
57159,57024,Mona Vale Road,Mona Vale Road,Ingleside,Warringah,2022-06-13,15,1754.0,2649.0,-895.0,-33.78633446583616,decrease,0,0,major_anomaly,unexplained_no_context,Station: Mona Vale Road. Road: Mona Vale Road. Suburb: Ingleside. Date: 2022-06-13. Hour: 15. Traffic volume: 1754.0. Expected volume: 2649.0. Traffic change: -33.8%. Rain: 0.0 mm. Weather: no_rain. Crash count: 0. Event count within 3km: 0. Public holiday: 0. School holiday: 0.,"Classify the anomaly level for this traffic station context. Choose one: normal, minor_anomaly, major_anomaly.",major_anomaly,Observed traffic is -33.8% different from the expected baseline. Main reason: unexplained_no_context.
57159,57024,Mona Vale Road,Mona Vale Road,Ingleside,Warringah,2022-12-21,11,2346.0,1856.5,489.5,26.36681928359817,increase,1,1,minor_anomaly,unexplained_beyond_rain,Station: Mona Vale Road. Road: Mona Vale Road. Suburb: Ingleside. Date: 2022-12-21. Hour: 11. Traffic volume: 2346.0. Expected volume: 1856.5. Traffic change: 26.4%. Rain: 0.1 mm. Weather: no_rain+overcast. Crash count: 0. Event count within 3km: 0. Public holiday: 0. School holiday: 0.,"Classify the anomaly level for this traffic station context. Choose one: normal, minor_anomaly, major_anomaly.",minor_anomaly,Observed traffic is 26.4% different from the expected baseline. Main reason: unexplained_beyond_rain.
57159,57024,Mona Vale Road,Mona Vale Road,Ingleside,Warringah,2023-04-17,2,31.0,43.0,-12.0,-27.906976744186046,decrease,0,0,minor_anomaly,unexplained_no_context,Station: Mona Vale Road. Road: Mona Vale Road. Suburb: Ingleside. Date: 2023-04-17. Hour: 2. Traffic volume: 31.0. Expected volume: 43.0. Traffic change: -27.9%. Rain: 0.0 mm. Weather: no_rain. Crash count: 0. Event count within 3km: 0. Public holiday: 0. School holiday: 0.,"Classify the anomaly level for this traffic station context. Choose one: normal, minor_anomaly, major_anomaly.",minor_anomaly,Observed traffic is -27.9% different from the expected baseline. Main reason: unexplained_no_context.
57159,57024,Mona Vale Road,Mona Vale Road,Ingleside,Warringah,2023-03-02,0,89.0,65.0,24.0,36.92307692307693,increase,1,1,minor_anomaly,unexplained_beyond_rain,Station: Mona Vale Road. Road: Mona Vale Road. Suburb: Ingleside. Date: 2023-03-02. Hour: 0. Traffic volume: 89.0. Expected volume: 65.0. Traffic change: 36.9%. Rain: 0.1 mm. Weather: no_rain+very_humid. Crash count: 0. Event count within 3km: 0. Public holiday: 0. School holiday: 0.,"Classify the anomaly level for this traffic station context. Choose one: normal, minor_anomaly, major_anomaly.",minor_anomaly,Observed traffic is 36.9% different from the expected baseline. Main reason: unexplained_beyond_rain.
57159,57024,Mona Vale Road,Mona Vale Road,Ingleside,Warringah,2023-05-19,17,2436.0,2380.0,56.0,2.3529411764705883,no_change,2,1,normal,explained_by_crash,Station: Mona Vale Road. Road: Mona Vale Road. Suburb: Ingleside. Date: 2023-05-19. Hour: 17. Traffic volume: 2436.0. Expected volume: 2380.0. Traffic change: 2.4%. Rain: 0.0 mm. Weather: no_rain. Crash count: 1. Event count within 3km: 0. Public holiday: 0. School holiday: 0.,"Classify the anomaly level for this traffic station context. Choose one: normal, minor_anomaly, major_anomaly.",normal,Observed traffic is 2.4% different from the expected baseline. Main reason: explained_by_crash.
57159,57024,Mona Vale Road,Mona Vale Road,Ingleside,Warringah,2022-05-30,12,1768.0,1865.5,-97.5,-5.2264808362369335,no_change,1,1,normal,explained_by_rain,Station: Mona Vale Road. Road: Mona Vale Road. Suburb: Ingleside. Date: 2022-05-30. Hour: 12. Traffic volume: 1768.0. Expected volume: 1865.5. Traffic change: -5.2%. Rain: 0.7 mm. Weather: light_rain+very_humid. Crash count: 0. Event count within 3km: 0. Public holiday: 0. School holiday: 0.,"Classify the anomaly level for this traffic station context. Choose one: normal, minor_anomaly, major_anomaly.",normal,Observed traffic is -5.2% different from the expected baseline. Main reason: explained_by_rain.
57159,57024,Mona Vale Road,Mona Vale Road,Ingleside,Warringah,2022-08-18,8,2658.0,2577.0,81.0,3.143189755529686,no_change,0,0,normal,no_deviation,Station: Mona Vale Road. Road: Mona Vale Road. Suburb: Ingleside. Date: 2022-08-18. Hour: 8. Traffic volume: 2658.0. Expected volume: 2577.0. Traffic change: 3.1%. Rain: 0.0 mm. Weather: no_rain+overcast. Crash count: 0. Event count within 3km: 0. Public holiday: 0. School holiday: 0.,"Classify the anomaly level for this traffic station context. Choose one: normal, minor_anomaly, major_anomaly.",normal,Observed traffic is 3.1% different from the expected baseline. Main reason: no_deviation.
57160,57025,Forest Way,Forest Way,Belrose,Warringah,2022-06-13,4,51.0,169.0,-118.0,-69.8224852071006,decrease,0,0,major_anomaly,unexplained_no_context,Station: Forest Way. Road: Forest Way. Suburb: Belrose. Date: 2022-06-13. Hour: 4. Traffic volume: 51.0. Expected volume: 169.0. Traffic change: -69.8%. Rain: 0.0 mm. Weather: no_rain+very_humid. Crash count: 0. Event count within 3km: 0. Public holiday: 0. School holiday: 0.,"Classify the anomaly level for this traffic station context. Choose one: normal, minor_anomaly, major_anomaly.",major_anomaly,Observed traffic is -69.8% different from the expected baseline. Main reason: unexplained_no_context.
57160,57025,Forest Way,Forest Way,Belrose,Warringah,2024-12-24,18,729.0,1305.0,-576.0,-44.13793103448276,decrease,0,0,major_anomaly,unexplained_no_context,Station: Forest Way. Road: Forest Way. Suburb: Belrose. Date: 2024-12-24. Hour: 18. Traffic volume: 729.0. Expected volume: 1305.0. Traffic change: -44.1%. Rain: 0.0 mm. Weather: no_rain. Crash count: 0. Event count within 3km: 0. Public holiday: 0. School holiday: 0.,"Classify the anomaly level for this traffic station context. Choose one: normal, minor_anomaly, major_anomaly.",major_anomaly,Observed traffic is -44.1% different from the expected baseline. Main reason: unexplained_no_context.
57160,57025,Forest Way,Forest Way,Belrose,Warringah,2023-07-06,17,2707.0,2060.0,647.0,31.407766990291265,increase,0,0,major_anomaly,unexplained_no_context,Station: Forest Way. Road: Forest Way. Suburb: Belrose. Date: 2023-07-06. Hour: 17. Traffic volume: 2707.0. Expected volume: 2060.0. Traffic change: 31.4%. Rain: 0.0 mm. Weather: no_rain. Crash count: 0. Event count within 3km: 0. Public holiday: 0. School holiday: 0.,"Classify the anomaly level for this traffic station context. Choose one: normal, minor_anomaly, major_anomaly.",major_anomaly,Observed traffic is 31.4% different from the expected baseline. Main reason: unexplained_no_context.
57160,57025,Forest Way,Forest Way,Belrose,Warringah,2022-04-04,17,1482.0,2060.0,-578.0,-28.058252427184467,decrease,2,1,minor_anomaly,unexplained_beyond_crash,Station: Forest Way. Road: Forest Way. Suburb: Belrose. Date: 2022-04-04. Hour: 17. Traffic volume: 1482.0. Expected volume: 2060.0. Traffic change: -28.1%. Rain: 0.0 mm. Weather: no_rain. Crash count: 1. Event count within 3km: 0. Public holiday: 0. School holiday: 0.,"Classify the anomaly level for this traffic station context. Choose one: normal, minor_anomaly, major_anomaly.",minor_anomaly,Observed traffic is -28.1% different from the expected baseline. Main reason: unexplained_beyond_crash.
57160,57025,Forest Way,Forest Way,Belrose,Warringah,2023-08-04,3,59.0,73.5,-14.5,-19.727891156462583,no_change,0,0,minor_anomaly,unexplained_no_context,Station: Forest Way. Road: Forest Way. Suburb: Belrose. Date: 2023-08-04. Hour: 3. Traffic volume: 59.0. Expected volume: 73.5. Traffic change: -19.7%. Rain: 0.0 mm. Weather: no_rain+very_humid. Crash count: 0. Event count within 3km: 0. Public holiday: 0. School holiday: 0.,"Classify the anomaly level for this traffic station context. Choose one: normal, minor_anomaly, major_anomaly.",minor_anomaly,Observed traffic is -19.7% different from the expected baseline. Main reason: unexplained_no_context.
57160,57025,Forest Way,Forest Way,Belrose,Warringah,2024-09-29,22,189.0,293.0,-104.0,-35.49488054607509,decrease,4,2,minor_anomaly,unexplained_beyond_rain_crash,Station: Forest Way. Road: Forest Way. Suburb: Belrose. Date: 2024-09-29. Hour: 22. Traffic volume: 189.0. Expected volume: 293.0. Traffic change: -35.5%. Rain: 3.1 mm. Weather: moderate_rain+very_humid+overcast. Crash count: 1. Event count within 3km: 0. Public holiday: 0. School holiday: 0.,"Classify the anomaly level for this traffic station context. Choose one: normal, minor_anomaly, major_anomaly.",minor_anomaly,Observed traffic is -35.5% different from the expected baseline. Main reason: unexplained_beyond_rain_crash.
57160,57025,Forest Way,Forest Way,Belrose,Warringah,2023-12-18,15,3138.0,2964.5,173.5,5.8525889694720865,no_change,0,0,normal,no_deviation,Station: Forest Way. Road: Forest Way. Suburb: Belrose. Date: 2023-12-18. Hour: 15. Traffic volume: 3138.0. Expected volume: 2964.5. Traffic change: 5.9%. Rain: 0.0 mm. Weather: no_rain. Crash count: 0. Event count within 3km: 0. Public holiday: 0. School holiday: 0.,"Classify the anomaly level for this traffic station context. Choose one: normal, minor_anomaly, major_anomaly.",normal,Observed traffic is 5.9% different from the expected baseline. Main reason: no_deviation.
57160,57025,Forest Way,Forest Way,Belrose,Warringah,2022-03-11,17,1985.0,2060.0,-75.0,-3.640776699029126,no_change,1,1,normal,explained_by_rain,Station: Forest Way. Road: Forest Way. Suburb: Belrose. Date: 2022-03-11. Hour: 17. Traffic volume: 1985.0. Expected volume: 2060.0. Traffic change: -3.6%. Rain: 0.2 mm. Weather: light_rain. Crash count: 0. Event count within 3km: 0. Public holiday: 0. School holiday: 0.,"Classify the anomaly level for this traffic station context. Choose one: normal, minor_anomaly, major_anomaly.",normal,Observed traffic is -3.6% different from the expected baseline. Main reason: explained_by_rain.
57160,57025,Forest Way,Forest Way,Belrose,Warringah,2022-11-16,9,2367.0,2300.0,67.0,2.9130434782608696,no_change,1,1,normal,explained_by_crash,Station: Forest Way. Road: Forest Way. Suburb: Belrose. Date: 2022-11-16. Hour: 9. Traffic volume: 2367.0. Expected volume: 2300.0. Traffic change: 2.9%. Rain: 0.0 mm. Weather: no_rain. Crash count: 1. Event count within 3km: 0. Public holiday: 0. School holiday: 0.,"Classify the anomaly level for this traffic station context. Choose one: normal, minor_anomaly, major_anomaly.",normal,Observed traffic is 2.9% different from the expected baseline. Main reason: explained_by_crash.
57168,59025,Barrenjoey Road,Barrenjoey Road,Mona Vale,Pittwater,2022-01-02,0,137.0,362.0,-225.0,-62.15469613259669,decrease,0,0,major_anomaly,unexplained_no_context,Station: Barrenjoey Road. Road: Barrenjoey Road. Suburb: Mona Vale. Date: 2022-01-02. Hour: 0. Traffic volume: 137.0. Expected volume: 362.0. Traffic change: -62.2%. Rain: 0.0 mm. Weather: no_rain+very_humid. Crash count: 0. Event count within 3km: 0. Public holiday: 0. School holiday: 0.,"Classify the anomaly level for this traffic station context. Choose one: normal, minor_anomaly, major_anomaly.",major_anomaly,Observed traffic is -62.2% different from the expected baseline. Main reason: unexplained_no_context.
57168,59025,Barrenjoey Road,Barrenjoey Road,Mona Vale,Pittwater,2022-01-01,0,587.0,362.0,225.0,62.15469613259669,increase,0,0,major_anomaly,unexplained_no_context,Station: Barrenjoey Road. Road: Barrenjoey Road. Suburb: Mona Vale. Date: 2022-01-01. Hour: 0. Traffic volume: 587.0. Expected volume: 362.0. Traffic change: 62.2%. Rain: 0.0 mm. Weather: no_rain. Crash count: 0. Event count within 3km: 0. Public holiday: 0. School holiday: 0.,"Classify the anomaly level for this traffic station context. Choose one: normal, minor_anomaly, major_anomaly.",major_anomaly,Observed traffic is 62.2% different from the expected baseline. Main reason: unexplained_no_context.
57168,59025,Barrenjoey Road,Barrenjoey Road,Mona Vale,Pittwater,2022-01-02,4,95.0,149.0,-54.0,-36.241610738255034,decrease,0,0,major_anomaly,unexplained_no_context,Station: Barrenjoey Road. Road: Barrenjoey Road. Suburb: Mona Vale. Date: 2022-01-02. Hour: 4. Traffic volume: 95.0. Expected volume: 149.0. Traffic change: -36.2%. Rain: 0.0 mm. Weather: no_rain+very_humid. Crash count: 0. Event count within 3km: 0. Public holiday: 0. School holiday: 0.,"Classify the anomaly level for this traffic station context. Choose one: normal, minor_anomaly, major_anomaly.",major_anomaly,Observed traffic is -36.2% different from the expected baseline. Main reason: unexplained_no_context.
57168,59025,Barrenjoey Road,Barrenjoey Road,Mona Vale,Pittwater,2022-01-02,21,983.0,831.0,152.0,18.29121540312876,no_change,0,0,minor_anomaly,unexplained_no_context,Station: Barrenjoey Road. Road: Barrenjoey Road. Suburb: Mona Vale. Date: 2022-01-02. Hour: 21. Traffic volume: 983.0. Expected volume: 831.0. Traffic change: 18.3%. Rain: 0.0 mm. Weather: no_rain. Crash count: 0. Event count within 3km: 0. Public holiday: 0. School holiday: 0.,"Classify the anomaly level for this traffic station context. Choose one: normal, minor_anomaly, major_anomaly.",minor_anomaly,Observed traffic is 18.3% different from the expected baseline. Main reason: unexplained_no_context.
57168,59025,Barrenjoey Road,Barrenjoey Road,Mona Vale,Pittwater,2022-01-03,6,771.0,1159.0,-388.0,-33.47713546160483,decrease,2,1,minor_anomaly,unexplained_beyond_crash,Station: Barrenjoey Road. Road: Barrenjoey Road. Suburb: Mona Vale. Date: 2022-01-03. Hour: 6. Traffic volume: 771.0. Expected volume: 1159.0. Traffic change: -33.5%. Rain: 0.0 mm. Weather: no_rain+very_humid. Crash count: 1. Event count within 3km: 0. Public holiday: 0. School holiday: 0.,"Classify the anomaly level for this traffic station context. Choose one: normal, minor_anomaly, major_anomaly.",minor_anomaly,Observed traffic is -33.5% different from the expected baseline. Main reason: unexplained_beyond_crash.
57168,59025,Barrenjoey Road,Barrenjoey Road,Mona Vale,Pittwater,2022-01-01,7,796.0,940.5,-144.5,-15.364167995746945,no_change,0,0,minor_anomaly,unexplained_no_context,Station: Barrenjoey Road. Road: Barrenjoey Road. Suburb: Mona Vale. Date: 2022-01-01. Hour: 7. Traffic volume: 796.0. Expected volume: 940.5. Traffic change: -15.4%. Rain: 0.0 mm. Weather: no_rain. Crash count: 0. Event count within 3km: 0. Public holiday: 0. School holiday: 0.,"Classify the anomaly level for this traffic station context. Choose one: normal, minor_anomaly, major_anomaly.",minor_anomaly,Observed traffic is -15.4% different from the expected baseline. Main reason: unexplained_no_context.
57168,59025,Barrenjoey Road,Barrenjoey Road,Mona Vale,Pittwater,2022-01-04,20,1065.0,1065.0,0.0,0.0,no_change,0,0,normal,no_deviation,Station: Barrenjoey Road. Road: Barrenjoey Road. Suburb: Mona Vale. Date: 2022-01-04. Hour: 20. Traffic volume: 1065.0. Expected volume: 1065.0. Traffic change: 0.0%. Rain: 0.0 mm. Weather: no_rain+overcast. Crash count: 0. Event count within 3km: 0. Public holiday: 0. School holiday: 0.,"Classify the anomaly level for this traffic station context. Choose one: normal, minor_anomaly, major_anomaly.",normal,Observed traffic is 0.0% different from the expected baseline. Main reason: no_deviation.
57168,59025,Barrenjoey Road,Barrenjoey Road,Mona Vale,Pittwater,2022-01-02,17,3077.0,2915.0,162.0,5.55746140651801,no_change,3,2,normal,explained_by_crash_strong_wind,Station: Barrenjoey Road. Road: Barrenjoey Road. Suburb: Mona Vale. Date: 2022-01-02. Hour: 17. Traffic volume: 3077.0. Expected volume: 2915.0. Traffic change: 5.6%. Rain: 0.0 mm. Weather: no_rain+strong_wind. Crash count: 1. Event count within 3km: 0. Public holiday: 0. School holiday: 0.,"Classify the anomaly level for this traffic station context. Choose one: normal, minor_anomaly, major_anomaly.",normal,Observed traffic is 5.6% different from the expected baseline. Main reason: explained_by_crash_strong_wind.
57168,59025,Barrenjoey Road,Barrenjoey Road,Mona Vale,Pittwater,2022-01-05,0,126.0,126.0,0.0,0.0,no_change,0,0,normal,no_deviation,Station: Barrenjoey Road. Road: Barrenjoey Road. Suburb: Mona Vale. Date: 2022-01-05. Hour: 0. Traffic volume: 126.0. Expected volume: 126.0. Traffic change: 0.0%. Rain: 0.0 mm. Weather: no_rain+very_humid. Crash count: 0. Event count within 3km: 0. Public holiday: 0. School holiday: 0.,"Classify the anomaly level for this traffic station context. Choose one: normal, minor_anomaly, major_anomaly.",normal,Observed traffic is 0.0% different from the expected baseline. Main reason: no_deviation.
57257,66249,Fairfield Street,Fairfield Street,Fairfield East,Fairfield,2024-01-05,23,413.0,256.0,157.0,61.328125,increase,0,0,major_anomaly,unexplained_no_context,Station: Fairfield Street. Road: Fairfield Street. Suburb: Fairfield East. Date: 2024-01-05. Hour: 23. Traffic volume: 413.0. Expected volume: 256.0. Traffic change: 61.3%. Rain: 0.0 mm. Weather: no_rain. Crash count: 0. Event count within 3km: 0. Public holiday: 0. School holiday: 0.,"Classify the anomaly level for this traffic station context. Choose one: normal, minor_anomaly, major_anomaly.",major_anomaly,Observed traffic is 61.3% different from the expected baseline. Main reason: unexplained_no_context.
57257,66249,Fairfield Street,Fairfield Street,Fairfield East,Fairfield,2022-09-17,7,571.0,300.0,271.0,90.33333333333333,increase,0,0,major_anomaly,unexplained_no_context,Station: Fairfield Street. Road: Fairfield Street. Suburb: Fairfield East. Date: 2022-09-17. Hour: 7. Traffic volume: 571.0. Expected volume: 300.0. Traffic change: 90.3%. Rain: 0.0 mm. Weather: no_rain. Crash count: 0. Event count within 3km: 0. Public holiday: 0. School holiday: 0.,"Classify the anomaly level for this traffic station context. Choose one: normal, minor_anomaly, major_anomaly.",major_anomaly,Observed traffic is 90.3% different from the expected baseline. Main reason: unexplained_no_context.
57257,66249,Fairfield Street,Fairfield Street,Fairfield East,Fairfield,2022-12-04,14,279.0,1092.0,-813.0,-74.45054945054946,decrease,2,1,major_anomaly,unexplained_beyond_crash,Station: Fairfield Street. Road: Fairfield Street. Suburb: Fairfield East. Date: 2022-12-04. Hour: 14. Traffic volume: 279.0. Expected volume: 1092.0. Traffic change: -74.5%. Rain: 0.0 mm. Weather: no_rain. Crash count: 2. Event count within 3km: 0. Public holiday: 0. School holiday: 0.,"Classify the anomaly level for this traffic station context. Choose one: normal, minor_anomaly, major_anomaly.",major_anomaly,Observed traffic is -74.5% different from the expected baseline. Main reason: unexplained_beyond_crash.
57257,66249,Fairfield Street,Fairfield Street,Fairfield East,Fairfield,2022-06-19,7,245.0,300.0,-55.0,-18.333333333333332,no_change,0,0,minor_anomaly,unexplained_no_context,Station: Fairfield Street. Road: Fairfield Street. Suburb: Fairfield East. Date: 2022-06-19. Hour: 7. Traffic volume: 245.0. Expected volume: 300.0. Traffic change: -18.3%. Rain: 0.0 mm. Weather: no_rain+very_humid. Crash count: 0. Event count within 3km: 0. Public holiday: 0. School holiday: 0.,"Classify the anomaly level for this traffic station context. Choose one: normal, minor_anomaly, major_anomaly.",minor_anomaly,Observed traffic is -18.3% different from the expected baseline. Main reason: unexplained_no_context.
57257,66249,Fairfield Street,Fairfield Street,Fairfield East,Fairfield,2022-06-22,23,156.0,256.0,-100.0,-39.0625,decrease,2,1,minor_anomaly,unexplained_beyond_crash,Station: Fairfield Street. Road: Fairfield Street. Suburb: Fairfield East. Date: 2022-06-22. Hour: 23. Traffic volume: 156.0. Expected volume: 256.0. Traffic change: -39.1%. Rain: 0.0 mm. Weather: no_rain+very_humid. Crash count: 1. Event count within 3km: 0. Public holiday: 0. School holiday: 0.,"Classify the anomaly level for this traffic station context. Choose one: normal, minor_anomaly, major_anomaly.",minor_anomaly,Observed traffic is -39.1% different from the expected baseline. Main reason: unexplained_beyond_crash.
57257,66249,Fairfield Street,Fairfield Street,Fairfield East,Fairfield,2023-12-10,22,608.0,485.5,122.5,25.231719876416065,increase,2,1,minor_anomaly,unexplained_beyond_crash,Station: Fairfield Street. Road: Fairfield Street. Suburb: Fairfield East. Date: 2023-12-10. Hour: 22. Traffic volume: 608.0. Expected volume: 485.5. Traffic change: 25.2%. Rain: 0.0 mm. Weather: no_rain+very_humid. Crash count: 5. Event count within 3km: 0. Public holiday: 0. School holiday: 0.,"Classify the anomaly level for this traffic station context. Choose one: normal, minor_anomaly, major_anomaly.",minor_anomaly,Observed traffic is 25.2% different from the expected baseline. Main reason: unexplained_beyond_crash.
57257,66249,Fairfield Street,Fairfield Street,Fairfield East,Fairfield,2022-06-11,12,1228.0,1180.0,48.0,4.067796610169491,no_change,2,1,normal,explained_by_crash,Station: Fairfield Street. Road: Fairfield Street. Suburb: Fairfield East. Date: 2022-06-11. Hour: 12. Traffic volume: 1228.0. Expected volume: 1180.0. Traffic change: 4.1%. Rain: 0.0 mm. Weather: no_rain. Crash count: 1. Event count within 3km: 0. Public holiday: 0. School holiday: 0.,"Classify the anomaly level for this traffic station context. Choose one: normal, minor_anomaly, major_anomaly.",normal,Observed traffic is 4.1% different from the expected baseline. Main reason: explained_by_crash.
57257,66249,Fairfield Street,Fairfield Street,Fairfield East,Fairfield,2024-02-15,11,1102.0,1094.0,8.0,0.7312614259597806,no_change,3,2,normal,explained_by_rain_crash,Station: Fairfield Street. Road: Fairfield Street. Suburb: Fairfield East. Date: 2024-02-15. Hour: 11. Traffic volume: 1102.0. Expected volume: 1094.0. Traffic change: 0.7%. Rain: 0.3 mm. Weather: light_rain+very_humid+overcast. Crash count: 2. Event count within 3km: 0. Public holiday: 0. School holiday: 0.,"Classify the anomaly level for this traffic station context. Choose one: normal, minor_anomaly, major_anomaly.",normal,Observed traffic is 0.7% different from the expected baseline. Main reason: explained_by_rain_crash.
57257,66249,Fairfield Street,Fairfield Street,Fairfield East,Fairfield,2022-05-07,20,585.0,671.0,-86.0,-12.816691505216097,no_change,2,1,normal,explained_by_crash,Station: Fairfield Street. Road: Fairfield Street. Suburb: Fairfield East. Date: 2022-05-07. Hour: 20. Traffic volume: 585.0. Expected volume: 671.0. Traffic change: -12.8%. Rain: 0.0 mm. Weather: no_rain. Crash count: 1. Event count within 3km: 0. Public holiday: 0. School holiday: 0.,"Classify the anomaly level for this traffic station context. Choose one: normal, minor_anomaly, major_anomaly.",normal,Observed traffic is -12.8% different from the expected baseline. Main reason: explained_by_crash.
57268,68025,Great Western Highway,Great Western Highway,South Wentworthville,Holroyd,2023-05-13,7,828.0,580.0,248.0,42.758620689655174,increase,2,1,major_anomaly,unexplained_beyond_crash,Station: Great Western Highway. Road: Great Western Highway. Suburb: South Wentworthville. Date: 2023-05-13. Hour: 7. Traffic volume: 828.0. Expected volume: 580.0. Traffic change: 42.8%. Rain: 0.0 mm. Weather: no_rain+very_humid. Crash count: 2. Event count within 3km: 0. Public holiday: 0. School holiday: 0.,"Classify the anomaly level for this traffic station context. Choose one: normal, minor_anomaly, major_anomaly.",major_anomaly,Observed traffic is 42.8% different from the expected baseline. Main reason: unexplained_beyond_crash.
57268,68025,Great Western Highway,Great Western Highway,South Wentworthville,Holroyd,2023-02-16,0,111.0,230.0,-119.0,-51.73913043478261,decrease,0,0,major_anomaly,unexplained_no_context,Station: Great Western Highway. Road: Great Western Highway. Suburb: South Wentworthville. Date: 2023-02-16. Hour: 0. Traffic volume: 111.0. Expected volume: 230.0. Traffic change: -51.7%. Rain: 0.0 mm. Weather: no_rain+very_humid+overcast. Crash count: 0. Event count within 3km: 0. Public holiday: 0. School holiday: 0.,"Classify the anomaly level for this traffic station context. Choose one: normal, minor_anomaly, major_anomaly.",major_anomaly,Observed traffic is -51.7% different from the expected baseline. Main reason: unexplained_no_context.
57268,68025,Great Western Highway,Great Western Highway,South Wentworthville,Holroyd,2022-12-03,22,1405.0,857.5,547.5,63.84839650145773,increase,2,1,major_anomaly,unexplained_beyond_crash,Station: Great Western Highway. Road: Great Western Highway. Suburb: South Wentworthville. Date: 2022-12-03. Hour: 22. Traffic volume: 1405.0. Expected volume: 857.5. Traffic change: 63.8%. Rain: 0.0 mm. Weather: no_rain+very_humid. Crash count: 3. Event count within 3km: 0. Public holiday: 0. School holiday: 0.,"Classify the anomaly level for this traffic station context. Choose one: normal, minor_anomaly, major_anomaly.",major_anomaly,Observed traffic is 63.8% different from the expected baseline. Main reason: unexplained_beyond_crash.
57268,68025,Great Western Highway,Great Western Highway,South Wentworthville,Holroyd,2023-11-29,22,925.0,741.5,183.5,24.747134187457856,increase,0,0,minor_anomaly,unexplained_no_context,Station: Great Western Highway. Road: Great Western Highway. Suburb: South Wentworthville. Date: 2023-11-29. Hour: 22. Traffic volume: 925.0. Expected volume: 741.5. Traffic change: 24.7%. Rain: 0.0 mm. Weather: no_rain+very_humid. Crash count: 0. Event count within 3km: 0. Public holiday: 0. School holiday: 0.,"Classify the anomaly level for this traffic station context. Choose one: normal, minor_anomaly, major_anomaly.",minor_anomaly,Observed traffic is 24.7% different from the expected baseline. Main reason: unexplained_no_context.
57268,68025,Great Western Highway,Great Western Highway,South Wentworthville,Holroyd,2023-08-24,2,86.0,105.0,-19.0,-18.095238095238095,no_change,0,0,minor_anomaly,unexplained_no_context,Station: Great Western Highway. Road: Great Western Highway. Suburb: South Wentworthville. Date: 2023-08-24. Hour: 2. Traffic volume: 86.0. Expected volume: 105.0. Traffic change: -18.1%. Rain: 0.0 mm. Weather: no_rain+very_humid. Crash count: 0. Event count within 3km: 0. Public holiday: 0. School holiday: 0.,"Classify the anomaly level for this traffic station context. Choose one: normal, minor_anomaly, major_anomaly.",minor_anomaly,Observed traffic is -18.1% different from the expected baseline. Main reason: unexplained_no_context.
57268,68025,Great Western Highway,Great Western Highway,South Wentworthville,Holroyd,2024-05-19,9,1566.0,1361.0,205.0,15.062454077883908,no_change,0,0,minor_anomaly,unexplained_no_context,Station: Great Western Highway. Road: Great Western Highway. Suburb: South Wentworthville. Date: 2024-05-19. Hour: 9. Traffic volume: 1566.0. Expected volume: 1361.0. Traffic change: 15.1%. Rain: 0.0 mm. Weather: no_rain. Crash count: 0. Event count within 3km: 0. Public holiday: 0. School holiday: 0.,"Classify the anomaly level for this traffic station context. Choose one: normal, minor_anomaly, major_anomaly.",minor_anomaly,Observed traffic is 15.1% different from the expected baseline. Main reason: unexplained_no_context.
57268,68025,Great Western Highway,Great Western Highway,South Wentworthville,Holroyd,2023-12-20,11,1798.0,1681.0,117.0,6.960142772159429,no_change,1,1,normal,explained_by_rain,Station: Great Western Highway. Road: Great Western Highway. Suburb: South Wentworthville. Date: 2023-12-20. Hour: 11. Traffic volume: 1798.0. Expected volume: 1681.0. Traffic change: 7.0%. Rain: 2.5 mm. Weather: moderate_rain+very_humid+overcast. Crash count: 0. Event count within 3km: 0. Public holiday: 0. School holiday: 0.,"Classify the anomaly level for this traffic station context. Choose one: normal, minor_anomaly, major_anomaly.",normal,Observed traffic is 7.0% different from the expected baseline. Main reason: explained_by_rain.
57268,68025,Great Western Highway,Great Western Highway,South Wentworthville,Holroyd,2024-02-21,5,856.0,772.0,84.0,10.880829015544041,no_change,0,0,normal,no_deviation,Station: Great Western Highway. Road: Great Western Highway. Suburb: South Wentworthville. Date: 2024-02-21. Hour: 5. Traffic volume: 856.0. Expected volume: 772.0. Traffic change: 10.9%. Rain: 0.0 mm. Weather: no_rain+very_humid. Crash count: 0. Event count within 3km: 0. Public holiday: 0. School holiday: 0.,"Classify the anomaly level for this traffic station context. Choose one: normal, minor_anomaly, major_anomaly.",normal,Observed traffic is 10.9% different from the expected baseline. Main reason: no_deviation.
57268,68025,Great Western Highway,Great Western Highway,South Wentworthville,Holroyd,2023-06-06,19,1522.0,1451.0,71.0,4.893177119228119,no_change,2,1,normal,explained_by_crash,Station: Great Western Highway. Road: Great Western Highway. Suburb: South Wentworthville. Date: 2023-06-06. Hour: 19. Traffic volume: 1522.0. Expected volume: 1451.0. Traffic change: 4.9%. Rain: 0.0 mm. Weather: no_rain+very_humid. Crash count: 3. Event count within 3km: 0. Public holiday: 0. School holiday: 0.,"Classify the anomaly level for this traffic station context. Choose one: normal, minor_anomaly, major_anomaly.",normal,Observed traffic is 4.9% different from the expected baseline. Main reason: explained_by_crash.
57368,72027,Windsor Road,Windsor Road,Baulkham Hills,The Hills,2024-10-06,15,988.0,2416.0,-1428.0,-59.10596026490066,decrease,2,1,major_anomaly,unexplained_beyond_crash,Station: Windsor Road. Road: Windsor Road. Suburb: Baulkham Hills. Date: 2024-10-06. Hour: 15. Traffic volume: 988.0. Expected volume: 2416.0. Traffic change: -59.1%. Rain: 0.0 mm. Weather: no_rain. Crash count: 3. Event count within 3km: 0. Public holiday: 0. School holiday: 0.,"Classify the anomaly level for this traffic station context. Choose one: normal, minor_anomaly, major_anomaly.",major_anomaly,Observed traffic is -59.1% different from the expected baseline. Main reason: unexplained_beyond_crash.
57368,72027,Windsor Road,Windsor Road,Baulkham Hills,The Hills,2023-12-15,1,107.0,58.0,49.0,84.48275862068965,increase,0,0,major_anomaly,unexplained_no_context,Station: Windsor Road. Road: Windsor Road. Suburb: Baulkham Hills. Date: 2023-12-15. Hour: 1. Traffic volume: 107.0. Expected volume: 58.0. Traffic change: 84.5%. Rain: 0.0 mm. Weather: no_rain+very_humid. Crash count: 0. Event count within 3km: 0. Public holiday: 0. School holiday: 0.,"Classify the anomaly level for this traffic station context. Choose one: normal, minor_anomaly, major_anomaly.",major_anomaly,Observed traffic is 84.5% different from the expected baseline. Main reason: unexplained_no_context.
57368,72027,Windsor Road,Windsor Road,Baulkham Hills,The Hills,2024-04-15,0,143.0,110.0,33.0,30.0,increase,0,0,major_anomaly,unexplained_no_context,Station: Windsor Road. Road: Windsor Road. Suburb: Baulkham Hills. Date: 2024-04-15. Hour: 0. Traffic volume: 143.0. Expected volume: 110.0. Traffic change: 30.0%. Rain: 0.0 mm. Weather: no_rain+very_humid. Crash count: 0. Event count within 3km: 0. Public holiday: 0. School holiday: 0.,"Classify the anomaly level for this traffic station context. Choose one: normal, minor_anomaly, major_anomaly.",major_anomaly,Observed traffic is 30.0% different from the expected baseline. Main reason: unexplained_no_context.
57368,72027,Windsor Road,Windsor Road,Baulkham Hills,The Hills,2023-10-06,7,2550.0,3125.0,-575.0,-18.4,no_change,0,0,minor_anomaly,unexplained_no_context,Station: Windsor Road. Road: Windsor Road. Suburb: Baulkham Hills. Date: 2023-10-06. Hour: 7. Traffic volume: 2550.0. Expected volume: 3125.0. Traffic change: -18.4%. Rain: 0.0 mm. Weather: no_rain. Crash count: 0. Event count within 3km: 0. Public holiday: 0. School holiday: 0.,"Classify the anomaly level for this traffic station context. Choose one: normal, minor_anomaly, major_anomaly.",minor_anomaly,Observed traffic is -18.4% different from the expected baseline. Main reason: unexplained_no_context.
57368,72027,Windsor Road,Windsor Road,Baulkham Hills,The Hills,2023-12-05,22,686.0,588.0,98.0,16.666666666666664,no_change,0,0,minor_anomaly,unexplained_no_context,Station: Windsor Road. Road: Windsor Road. Suburb: Baulkham Hills. Date: 2023-12-05. Hour: 22. Traffic volume: 686.0. Expected volume: 588.0. Traffic change: 16.7%. Rain: 0.0 mm. Weather: no_rain. Crash count: 0. Event count within 3km: 0. Public holiday: 0. School holiday: 0.,"Classify the anomaly level for this traffic station context. Choose one: normal, minor_anomaly, major_anomaly.",minor_anomaly,Observed traffic is 16.7% different from the expected baseline. Main reason: unexplained_no_context.
57368,72027,Windsor Road,Windsor Road,Baulkham Hills,The Hills,2022-12-21,11,2760.0,2285.0,475.0,20.787746170678336,increase,0,0,minor_anomaly,unexplained_no_context,Station: Windsor Road. Road: Windsor Road. Suburb: Baulkham Hills. Date: 2022-12-21. Hour: 11. Traffic volume: 2760.0. Expected volume: 2285.0. Traffic change: 20.8%. Rain: 0.0 mm. Weather: no_rain. Crash count: 0. Event count within 3km: 0. Public holiday: 0. School holiday: 0.,"Classify the anomaly level for this traffic station context. Choose one: normal, minor_anomaly, major_anomaly.",minor_anomaly,Observed traffic is 20.8% different from the expected baseline. Main reason: unexplained_no_context.
57368,72027,Windsor Road,Windsor Road,Baulkham Hills,The Hills,2022-08-24,19,1911.0,1766.0,145.0,8.210645526613817,no_change,0,0,normal,no_deviation,Station: Windsor Road. Road: Windsor Road. Suburb: Baulkham Hills. Date: 2022-08-24. Hour: 19. Traffic volume: 1911.0. Expected volume: 1766.0. Traffic change: 8.2%. Rain: 0.0 mm. Weather: no_rain. Crash count: 0. Event count within 3km: 0. Public holiday: 0. School holiday: 0.,"Classify the anomaly level for this traffic station context. Choose one: normal, minor_anomaly, major_anomaly.",normal,Observed traffic is 8.2% different from the expected baseline. Main reason: no_deviation.
57368,72027,Windsor Road,Windsor Road,Baulkham Hills,The Hills,2024-05-07,14,2772.0,2752.0,20.0,0.7267441860465116,no_change,1,1,normal,explained_by_crash,Station: Windsor Road. Road: Windsor Road. Suburb: Baulkham Hills. Date: 2024-05-07. Hour: 14. Traffic volume: 2772.0. Expected volume: 2752.0. Traffic change: 0.7%. Rain: 0.0 mm. Weather: no_rain+overcast. Crash count: 1. Event count within 3km: 0. Public holiday: 0. School holiday: 0.,"Classify the anomaly level for this traffic station context. Choose one: normal, minor_anomaly, major_anomaly.",normal,Observed traffic is 0.7% different from the expected baseline. Main reason: explained_by_crash.
57368,72027,Windsor Road,Windsor Road,Baulkham Hills,The Hills,2024-01-17,1,53.0,58.0,-5.0,-8.620689655172415,no_change,0,0,normal,no_deviation,Station: Windsor Road. Road: Windsor Road. Suburb: Baulkham Hills. Date: 2024-01-17. Hour: 1. Traffic volume: 53.0. Expected volume: 58.0. Traffic change: -8.6%. Rain: 0.0 mm. Weather: no_rain+very_humid. Crash count: 0. Event count within 3km: 0. Public holiday: 0. School holiday: 0.,"Classify the anomaly level for this traffic station context. Choose one: normal, minor_anomaly, major_anomaly.",normal,Observed traffic is -8.6% different from the expected baseline. Main reason: no_deviation.
57439,74228,New Line Road,New Line Road,Cherrybrook,Hornsby,2024-01-20,7,1102.0,773.5,328.5,42.46929541047188,increase,0,0,major_anomaly,unexplained_no_context,Station: New Line Road. Road: New Line Road. Suburb: Cherrybrook. Date: 2024-01-20. Hour: 7. Traffic volume: 1102.0. Expected volume: 773.5. Traffic change: 42.5%. Rain: 0.0 mm. Weather: no_rain. Crash count: 0. Event count within 3km: 0. Public holiday: 0. School holiday: 0.,"Classify the anomaly level for this traffic station context. Choose one: normal, minor_anomaly, major_anomaly.",major_anomaly,Observed traffic is 42.5% different from the expected baseline. Main reason: unexplained_no_context.
57439,74228,New Line Road,New Line Road,Cherrybrook,Hornsby,2024-11-08,8,1236.0,2105.0,-869.0,-41.28266033254157,decrease,0,0,major_anomaly,unexplained_no_context,Station: New Line Road. Road: New Line Road. Suburb: Cherrybrook. Date: 2024-11-08. Hour: 8. Traffic volume: 1236.0. Expected volume: 2105.0. Traffic change: -41.3%. Rain: 0.0 mm. Weather: no_rain. Crash count: 0. Event count within 3km: 0. Public holiday: 0. School holiday: 0.,"Classify the anomaly level for this traffic station context. Choose one: normal, minor_anomaly, major_anomaly.",major_anomaly,Observed traffic is -41.3% different from the expected baseline. Main reason: unexplained_no_context.
57439,74228,New Line Road,New Line Road,Cherrybrook,Hornsby,2022-02-01,19,188.0,1332.5,-1144.5,-85.89118198874296,decrease,1,1,major_anomaly,unexplained_beyond_rain,Station: New Line Road. Road: New Line Road. Suburb: Cherrybrook. Date: 2022-02-01. Hour: 19. Traffic volume: 188.0. Expected volume: 1332.5. Traffic change: -85.9%. Rain: 0.5 mm. Weather: light_rain+very_humid+overcast. Crash count: 0. Event count within 3km: 0. Public holiday: 0. School holiday: 0.,"Classify the anomaly level for this traffic station context. Choose one: normal, minor_anomaly, major_anomaly.",major_anomaly,Observed traffic is -85.9% different from the expected baseline. Main reason: unexplained_beyond_rain.
57439,74228,New Line Road,New Line Road,Cherrybrook,Hornsby,2023-05-11,23,284.0,244.0,40.0,16.39344262295082,no_change,0,0,minor_anomaly,unexplained_no_context,Station: New Line Road. Road: New Line Road. Suburb: Cherrybrook. Date: 2023-05-11. Hour: 23. Traffic volume: 284.0. Expected volume: 244.0. Traffic change: 16.4%. Rain: 0.0 mm. Weather: no_rain+very_humid. Crash count: 0. Event count within 3km: 0. Public holiday: 0. School holiday: 0.,"Classify the anomaly level for this traffic station context. Choose one: normal, minor_anomaly, major_anomaly.",minor_anomaly,Observed traffic is 16.4% different from the expected baseline. Main reason: unexplained_no_context.
57439,74228,New Line Road,New Line Road,Cherrybrook,Hornsby,2023-09-18,23,174.0,244.0,-70.0,-28.688524590163933,decrease,0,0,minor_anomaly,unexplained_no_context,Station: New Line Road. Road: New Line Road. Suburb: Cherrybrook. Date: 2023-09-18. Hour: 23. Traffic volume: 174.0. Expected volume: 244.0. Traffic change: -28.7%. Rain: 0.0 mm. Weather: no_rain. Crash count: 0. Event count within 3km: 0. Public holiday: 0. School holiday: 0.,"Classify the anomaly level for this traffic station context. Choose one: normal, minor_anomaly, major_anomaly.",minor_anomaly,Observed traffic is -28.7% different from the expected baseline. Main reason: unexplained_no_context.
57439,74228,New Line Road,New Line Road,Cherrybrook,Hornsby,2024-06-10,19,812.0,1332.5,-520.5,-39.06191369606004,decrease,1,1,minor_anomaly,unexplained_beyond_crash,Station: New Line Road. Road: New Line Road. Suburb: Cherrybrook. Date: 2024-06-10. Hour: 19. Traffic volume: 812.0. Expected volume: 1332.5. Traffic change: -39.1%. Rain: 0.0 mm. Weather: no_rain. Crash count: 1. Event count within 3km: 0. Public holiday: 0. School holiday: 0.,"Classify the anomaly level for this traffic station context. Choose one: normal, minor_anomaly, major_anomaly.",minor_anomaly,Observed traffic is -39.1% different from the expected baseline. Main reason: unexplained_beyond_crash.
57439,74228,New Line Road,New Line Road,Cherrybrook,Hornsby,2023-05-17,19,1276.0,1332.5,-56.5,-4.24015009380863,no_change,2,1,normal,explained_by_crash,Station: New Line Road. Road: New Line Road. Suburb: Cherrybrook. Date: 2023-05-17. Hour: 19. Traffic volume: 1276.0. Expected volume: 1332.5. Traffic change: -4.2%. Rain: 0.0 mm. Weather: no_rain+very_humid. Crash count: 1. Event count within 3km: 0. Public holiday: 0. School holiday: 0.,"Classify the anomaly level for this traffic station context. Choose one: normal, minor_anomaly, major_anomaly.",normal,Observed traffic is -4.2% different from the expected baseline. Main reason: explained_by_crash.
57439,74228,New Line Road,New Line Road,Cherrybrook,Hornsby,2022-09-12,19,1304.0,1332.5,-28.5,-2.1388367729831144,no_change,0,0,normal,no_deviation,Station: New Line Road. Road: New Line Road. Suburb: Cherrybrook. Date: 2022-09-12. Hour: 19. Traffic volume: 1304.0. Expected volume: 1332.5. Traffic change: -2.1%. Rain: 0.0 mm. Weather: no_rain. Crash count: 0. Event count within 3km: 0. Public holiday: 0. School holiday: 0.,"Classify the anomaly level for this traffic station context. Choose one: normal, minor_anomaly, major_anomaly.",normal,Observed traffic is -2.1% different from the expected baseline. Main reason: no_deviation.
57439,74228,New Line Road,New Line Road,Cherrybrook,Hornsby,2023-06-30,11,1837.0,1753.0,84.0,4.791785510553337,no_change,0,0,normal,no_deviation,Station: New Line Road. Road: New Line Road. Suburb: Cherrybrook. Date: 2023-06-30. Hour: 11. Traffic volume: 1837.0. Expected volume: 1753.0. Traffic change: 4.8%. Rain: 0.0 mm. Weather: no_rain. Crash count: 0. Event count within 3km: 0. Public holiday: 0. School holiday: 0.,"Classify the anomaly level for this traffic station context. Choose one: normal, minor_anomaly, major_anomaly.",normal,Observed traffic is 4.8% different from the expected baseline. Main reason: no_deviation.
57440,74229,Beecroft Road,Beecroft Road,Cheltenham,Hornsby,2022-05-15,2,134.0,95.0,39.0,41.05263157894737,increase,1,1,major_anomaly,unexplained_beyond_crash,Station: Beecroft Road. Road: Beecroft Road. Suburb: Cheltenham. Date: 2022-05-15. Hour: 2. Traffic volume: 134.0. Expected volume: 95.0. Traffic change: 41.1%. Rain: 0.0 mm. Weather: no_rain+very_humid+overcast. Crash count: 1. Event count within 3km: 0. Public holiday: 0. School holiday: 0.,"Classify the anomaly level for this traffic station context. Choose one: normal, minor_anomaly, major_anomaly.",major_anomaly,Observed traffic is 41.1% different from the expected baseline. Main reason: unexplained_beyond_crash.
57440,74229,Beecroft Road,Beecroft Road,Cheltenham,Hornsby,2023-05-01,13,802.0,1668.0,-866.0,-51.91846522781775,decrease,2,1,major_anomaly,unexplained_beyond_crash,Station: Beecroft Road. Road: Beecroft Road. Suburb: Cheltenham. Date: 2023-05-01. Hour: 13. Traffic volume: 802.0. Expected volume: 1668.0. Traffic change: -51.9%. Rain: 0.0 mm. Weather: no_rain. Crash count: 3. Event count within 3km: 0. Public holiday: 0. School holiday: 0.,"Classify the anomaly level for this traffic station context. Choose one: normal, minor_anomaly, major_anomaly.",major_anomaly,Observed traffic is -51.9% different from the expected baseline. Main reason: unexplained_beyond_crash.
57440,74229,Beecroft Road,Beecroft Road,Cheltenham,Hornsby,2022-02-01,22,257.0,504.0,-247.0,-49.007936507936506,decrease,1,1,major_anomaly,unexplained_beyond_rain,Station: Beecroft Road. Road: Beecroft Road. Suburb: Cheltenham. Date: 2022-02-01. Hour: 22. Traffic volume: 257.0. Expected volume: 504.0. Traffic change: -49.0%. Rain: 0.2 mm. Weather: light_rain+very_humid+overcast. Crash count: 0. Event count within 3km: 0. Public holiday: 0. School holiday: 0.,"Classify the anomaly level for this traffic station context. Choose one: normal, minor_anomaly, major_anomaly.",major_anomaly,Observed traffic is -49.0% different from the expected baseline. Main reason: unexplained_beyond_rain.
57440,74229,Beecroft Road,Beecroft Road,Cheltenham,Hornsby,2022-04-12,23,281.0,244.0,37.0,15.163934426229508,no_change,0,0,minor_anomaly,unexplained_no_context,Station: Beecroft Road. Road: Beecroft Road. Suburb: Cheltenham. Date: 2022-04-12. Hour: 23. Traffic volume: 281.0. Expected volume: 244.0. Traffic change: 15.2%. Rain: 0.0 mm. Weather: no_rain+very_humid+overcast. Crash count: 0. Event count within 3km: 0. Public holiday: 0. School holiday: 0.,"Classify the anomaly level for this traffic station context. Choose one: normal, minor_anomaly, major_anomaly.",minor_anomaly,Observed traffic is 15.2% different from the expected baseline. Main reason: unexplained_no_context.
57440,74229,Beecroft Road,Beecroft Road,Cheltenham,Hornsby,2023-01-10,20,723.0,951.0,-228.0,-23.974763406940063,decrease,2,1,minor_anomaly,unexplained_beyond_crash,Station: Beecroft Road. Road: Beecroft Road. Suburb: Cheltenham. Date: 2023-01-10. Hour: 20. Traffic volume: 723.0. Expected volume: 951.0. Traffic change: -24.0%. Rain: 0.0 mm. Weather: no_rain+very_humid. Crash count: 1. Event count within 3km: 0. Public holiday: 0. School holiday: 0.,"Classify the anomaly level for this traffic station context. Choose one: normal, minor_anomaly, major_anomaly.",minor_anomaly,Observed traffic is -24.0% different from the expected baseline. Main reason: unexplained_beyond_crash.
57440,74229,Beecroft Road,Beecroft Road,Cheltenham,Hornsby,2024-08-13,8,2778.0,2131.5,646.5,30.33075299085151,increase,2,1,minor_anomaly,unexplained_beyond_crash,Station: Beecroft Road. Road: Beecroft Road. Suburb: Cheltenham. Date: 2024-08-13. Hour: 8. Traffic volume: 2778.0. Expected volume: 2131.5. Traffic change: 30.3%. Rain: 0.0 mm. Weather: no_rain+very_humid+overcast. Crash count: 5. Event count within 3km: 0. Public holiday: 0. School holiday: 0.,"Classify the anomaly level for this traffic station context. Choose one: normal, minor_anomaly, major_anomaly.",minor_anomaly,Observed traffic is 30.3% different from the expected baseline. Main reason: unexplained_beyond_crash.
57440,74229,Beecroft Road,Beecroft Road,Cheltenham,Hornsby,2023-01-29,11,1997.0,2100.0,-103.0,-4.904761904761905,no_change,2,1,normal,explained_by_crash,Station: Beecroft Road. Road: Beecroft Road. Suburb: Cheltenham. Date: 2023-01-29. Hour: 11. Traffic volume: 1997.0. Expected volume: 2100.0. Traffic change: -4.9%. Rain: 0.0 mm. Weather: no_rain+overcast. Crash count: 2. Event count within 3km: 0. Public holiday: 0. School holiday: 0.,"Classify the anomaly level for this traffic station context. Choose one: normal, minor_anomaly, major_anomaly.",normal,Observed traffic is -4.9% different from the expected baseline. Main reason: explained_by_crash.
57440,74229,Beecroft Road,Beecroft Road,Cheltenham,Hornsby,2022-07-21,7,2359.0,2489.0,-130.0,-5.222981116914424,no_change,1,1,normal,explained_by_crash,Station: Beecroft Road. Road: Beecroft Road. Suburb: Cheltenham. Date: 2022-07-21. Hour: 7. Traffic volume: 2359.0. Expected volume: 2489.0. Traffic change: -5.2%. Rain: 0.0 mm. Weather: no_rain+very_humid+overcast. Crash count: 1. Event count within 3km: 0. Public holiday: 0. School holiday: 0.,"Classify the anomaly level for this traffic station context. Choose one: normal, minor_anomaly, major_anomaly.",normal,Observed traffic is -5.2% different from the expected baseline. Main reason: explained_by_crash.
57440,74229,Beecroft Road,Beecroft Road,Cheltenham,Hornsby,2022-06-05,18,1285.0,1365.0,-80.0,-5.86080586080586,no_change,0,0,normal,no_deviation,Station: Beecroft Road. Road: Beecroft Road. Suburb: Cheltenham. Date: 2022-06-05. Hour: 18. Traffic volume: 1285.0. Expected volume: 1365.0. Traffic change: -5.9%. Rain: 0.0 mm. Weather: no_rain. Crash count: 0. Event count within 3km: 0. Public holiday: 0. School holiday: 0.,"Classify the anomaly level for this traffic station context. Choose one: normal, minor_anomaly, major_anomaly.",normal,Observed traffic is -5.9% different from the expected baseline. Main reason: no_deviation.
57441,74230,Pennant Hills Road,Pennant Hills Road,Thornleigh,Hornsby,2024-12-28,21,246.0,121.5,124.5,102.46913580246914,increase,1,1,major_anomaly,unexplained_beyond_crash,Station: Pennant Hills Road. Road: Pennant Hills Road. Suburb: Thornleigh. Date: 2024-12-28. Hour: 21. Traffic volume: 246.0. Expected volume: 121.5. Traffic change: 102.5%. Rain: 0.0 mm. Weather: no_rain. Crash count: 1. Event count within 3km: 0. Public holiday: 0. School holiday: 0.,"Classify the anomaly level for this traffic station context. Choose one: normal, minor_anomaly, major_anomaly.",major_anomaly,Observed traffic is 102.5% different from the expected baseline. Main reason: unexplained_beyond_crash.
57441,74230,Pennant Hills Road,Pennant Hills Road,Thornleigh,Hornsby,2024-08-13,3,98.0,27.0,71.0,262.962962962963,increase,1,1,major_anomaly,unexplained_beyond_rain,Station: Pennant Hills Road. Road: Pennant Hills Road. Suburb: Thornleigh. Date: 2024-08-13. Hour: 3. Traffic volume: 98.0. Expected volume: 27.0. Traffic change: 263.0%. Rain: 0.5 mm. Weather: light_rain+very_humid+overcast. Crash count: 0. Event count within 3km: 0. Public holiday: 0. School holiday: 0.,"Classify the anomaly level for this traffic station context. Choose one: normal, minor_anomaly, major_anomaly.",major_anomaly,Observed traffic is 263.0% different from the expected baseline. Main reason: unexplained_beyond_rain.
57441,74230,Pennant Hills Road,Pennant Hills Road,Thornleigh,Hornsby,2024-11-18,13,155.0,306.0,-151.0,-49.34640522875817,decrease,2,1,major_anomaly,unexplained_beyond_crash,Station: Pennant Hills Road. Road: Pennant Hills Road. Suburb: Thornleigh. Date: 2024-11-18. Hour: 13. Traffic volume: 155.0. Expected volume: 306.0. Traffic change: -49.3%. Rain: 0.0 mm. Weather: no_rain. Crash count: 1. Event count within 3km: 0. Public holiday: 0. School holiday: 0.,"Classify the anomaly level for this traffic station context. Choose one: normal, minor_anomaly, major_anomaly.",major_anomaly,Observed traffic is -49.3% different from the expected baseline. Main reason: unexplained_beyond_crash.
57441,74230,Pennant Hills Road,Pennant Hills Road,Thornleigh,Hornsby,2024-11-18,17,227.0,366.0,-139.0,-37.97814207650273,decrease,1,1,minor_anomaly,unexplained_beyond_crash,Station: Pennant Hills Road. Road: Pennant Hills Road. Suburb: Thornleigh. Date: 2024-11-18. Hour: 17. Traffic volume: 227.0. Expected volume: 366.0. Traffic change: -38.0%. Rain: 0.0 mm. Weather: no_rain. Crash count: 1. Event count within 3km: 0. Public holiday: 0. School holiday: 0.,"Classify the anomaly level for this traffic station context. Choose one: normal, minor_anomaly, major_anomaly.",minor_anomaly,Observed traffic is -38.0% different from the expected baseline. Main reason: unexplained_beyond_crash.
57441,74230,Pennant Hills Road,Pennant Hills Road,Thornleigh,Hornsby,2024-06-21,11,382.0,286.0,96.0,33.56643356643357,increase,2,1,minor_anomaly,unexplained_beyond_crash,Station: Pennant Hills Road. Road: Pennant Hills Road. Suburb: Thornleigh. Date: 2024-06-21. Hour: 11. Traffic volume: 382.0. Expected volume: 286.0. Traffic change: 33.6%. Rain: 0.0 mm. Weather: no_rain. Crash count: 1. Event count within 3km: 0. Public holiday: 0. School holiday: 0.,"Classify the anomaly level for this traffic station context. Choose one: normal, minor_anomaly, major_anomaly.",minor_anomaly,Observed traffic is 33.6% different from the expected baseline. Main reason: unexplained_beyond_crash.
57441,74230,Pennant Hills Road,Pennant Hills Road,Thornleigh,Hornsby,2024-09-07,4,31.0,24.5,6.5,26.53061224489796,increase,0,0,minor_anomaly,unexplained_no_context,Station: Pennant Hills Road. Road: Pennant Hills Road. Suburb: Thornleigh. Date: 2024-09-07. Hour: 4. Traffic volume: 31.0. Expected volume: 24.5. Traffic change: 26.5%. Rain: 0.0 mm. Weather: no_rain. Crash count: 0. Event count within 3km: 0. Public holiday: 0. School holiday: 0.,"Classify the anomaly level for this traffic station context. Choose one: normal, minor_anomaly, major_anomaly.",minor_anomaly,Observed traffic is 26.5% different from the expected baseline. Main reason: unexplained_no_context.
57441,74230,Pennant Hills Road,Pennant Hills Road,Thornleigh,Hornsby,2024-08-18,8,235.0,234.0,1.0,0.4273504273504274,no_change,0,0,normal,no_deviation,Station: Pennant Hills Road. Road: Pennant Hills Road. Suburb: Thornleigh. Date: 2024-08-18. Hour: 8. Traffic volume: 235.0. Expected volume: 234.0. Traffic change: 0.4%. Rain: 0.0 mm. Weather: no_rain. Crash count: 0. Event count within 3km: 0. Public holiday: 0. School holiday: 0.,"Classify the anomaly level for this traffic station context. Choose one: normal, minor_anomaly, major_anomaly.",normal,Observed traffic is 0.4% different from the expected baseline. Main reason: no_deviation.
57441,74230,Pennant Hills Road,Pennant Hills Road,Thornleigh,Hornsby,2024-10-11,7,298.0,299.0,-1.0,-0.33444816053511706,no_change,1,1,normal,explained_by_crash,Station: Pennant Hills Road. Road: Pennant Hills Road. Suburb: Thornleigh. Date: 2024-10-11. Hour: 7. Traffic volume: 298.0. Expected volume: 299.0. Traffic change: -0.3%. Rain: 0.0 mm. Weather: no_rain+very_humid. Crash count: 2. Event count within 3km: 0. Public holiday: 0. School holiday: 0.,"Classify the anomaly level for this traffic station context. Choose one: normal, minor_anomaly, major_anomaly.",normal,Observed traffic is -0.3% different from the expected baseline. Main reason: explained_by_crash.
57441,74230,Pennant Hills Road,Pennant Hills Road,Thornleigh,Hornsby,2024-12-21,18,272.0,278.0,-6.0,-2.158273381294964,no_change,0,0,normal,no_deviation,Station: Pennant Hills Road. Road: Pennant Hills Road. Suburb: Thornleigh. Date: 2024-12-21. Hour: 18. Traffic volume: 272.0. Expected volume: 278.0. Traffic change: -2.2%. Rain: 0.0 mm. Weather: no_rain. Crash count: 0. Event count within 3km: 0. Public holiday: 0. School holiday: 0.,"Classify the anomaly level for this traffic station context. Choose one: normal, minor_anomaly, major_anomaly.",normal,Observed traffic is -2.2% different from the expected baseline. Main reason: no_deviation.
57535,87001,Great Western Highway,Great Western Highway,Penrith,Penrith,2022-08-22,7,261.0,1040.0,-779.0,-74.90384615384616,decrease,0,0,major_anomaly,unexplained_no_context,Station: Great Western Highway. Road: Great Western Highway. Suburb: Penrith. Date: 2022-08-22. Hour: 7. Traffic volume: 261.0. Expected volume: 1040.0. Traffic change: -74.9%. Rain: 0.0 mm. Weather: no_rain+overcast. Crash count: 0. Event count within 3km: 0. Public holiday: 0. School holiday: 0.,"Classify the anomaly level for this traffic station context. Choose one: normal, minor_anomaly, major_anomaly.",major_anomaly,Observed traffic is -74.9% different from the expected baseline. Main reason: unexplained_no_context.
57535,87001,Great Western Highway,Great Western Highway,Penrith,Penrith,2023-01-07,6,342.0,233.0,109.0,46.78111587982833,increase,2,1,major_anomaly,unexplained_beyond_crash,Station: Great Western Highway. Road: Great Western Highway. Suburb: Penrith. Date: 2023-01-07. Hour: 6. Traffic volume: 342.0. Expected volume: 233.0. Traffic change: 46.8%. Rain: 0.0 mm. Weather: no_rain. Crash count: 1. Event count within 3km: 0. Public holiday: 0. School holiday: 0.,"Classify the anomaly level for this traffic station context. Choose one: normal, minor_anomaly, major_anomaly.",major_anomaly,Observed traffic is 46.8% different from the expected baseline. Main reason: unexplained_beyond_crash.
57535,87001,Great Western Highway,Great Western Highway,Penrith,Penrith,2022-06-28,2,1.0,33.0,-32.0,-96.96969696969697,decrease,0,0,major_anomaly,unexplained_no_context,Station: Great Western Highway. Road: Great Western Highway. Suburb: Penrith. Date: 2022-06-28. Hour: 2. Traffic volume: 1.0. Expected volume: 33.0. Traffic change: -97.0%. Rain: 0.0 mm. Weather: no_rain. Crash count: 0. Event count within 3km: 0. Public holiday: 0. School holiday: 0.,"Classify the anomaly level for this traffic station context. Choose one: normal, minor_anomaly, major_anomaly.",major_anomaly,Observed traffic is -97.0% different from the expected baseline. Main reason: unexplained_no_context.
57535,87001,Great Western Highway,Great Western Highway,Penrith,Penrith,2022-03-08,12,593.0,798.0,-205.0,-25.68922305764411,decrease,1,1,minor_anomaly,unexplained_beyond_rain,Station: Great Western Highway. Road: Great Western Highway. Suburb: Penrith. Date: 2022-03-08. Hour: 12. Traffic volume: 593.0. Expected volume: 798.0. Traffic change: -25.7%. Rain: 1.0 mm. Weather: light_rain+very_humid+overcast. Crash count: 0. Event count within 3km: 0. Public holiday: 0. School holiday: 0.,"Classify the anomaly level for this traffic station context. Choose one: normal, minor_anomaly, major_anomaly.",minor_anomaly,Observed traffic is -25.7% different from the expected baseline. Main reason: unexplained_beyond_rain.
57535,87001,Great Western Highway,Great Western Highway,Penrith,Penrith,2022-03-23,21,100.0,134.0,-34.0,-25.37313432835821,decrease,1,1,minor_anomaly,unexplained_beyond_rain,Station: Great Western Highway. Road: Great Western Highway. Suburb: Penrith. Date: 2022-03-23. Hour: 21. Traffic volume: 100.0. Expected volume: 134.0. Traffic change: -25.4%. Rain: 1.4 mm. Weather: light_rain+very_humid+overcast. Crash count: 0. Event count within 3km: 0. Public holiday: 0. School holiday: 0.,"Classify the anomaly level for this traffic station context. Choose one: normal, minor_anomaly, major_anomaly.",minor_anomaly,Observed traffic is -25.4% different from the expected baseline. Main reason: unexplained_beyond_rain.
57535,87001,Great Western Highway,Great Western Highway,Penrith,Penrith,2022-03-23,2,38.0,33.0,5.0,15.151515151515152,no_change,0,0,minor_anomaly,unexplained_no_context,Station: Great Western Highway. Road: Great Western Highway. Suburb: Penrith. Date: 2022-03-23. Hour: 2. Traffic volume: 38.0. Expected volume: 33.0. Traffic change: 15.2%. Rain: 0.0 mm. Weather: no_rain+very_humid+overcast. Crash count: 0. Event count within 3km: 0. Public holiday: 0. School holiday: 0.,"Classify the anomaly level for this traffic station context. Choose one: normal, minor_anomaly, major_anomaly.",minor_anomaly,Observed traffic is 15.2% different from the expected baseline. Main reason: unexplained_no_context.
57535,87001,Great Western Highway,Great Western Highway,Penrith,Penrith,2023-04-25,11,746.0,833.0,-87.0,-10.444177671068427,no_change,2,1,normal,explained_by_crash,Station: Great Western Highway. Road: Great Western Highway. Suburb: Penrith. Date: 2023-04-25. Hour: 11. Traffic volume: 746.0. Expected volume: 833.0. Traffic change: -10.4%. Rain: 0.0 mm. Weather: no_rain. Crash count: 2. Event count within 3km: 0. Public holiday: 0. School holiday: 0.,"Classify the anomaly level for this traffic station context. Choose one: normal, minor_anomaly, major_anomaly.",normal,Observed traffic is -10.4% different from the expected baseline. Main reason: explained_by_crash.
57535,87001,Great Western Highway,Great Western Highway,Penrith,Penrith,2023-02-19,7,455.0,417.5,37.5,8.982035928143713,no_change,0,0,normal,no_deviation,Station: Great Western Highway. Road: Great Western Highway. Suburb: Penrith. Date: 2023-02-19. Hour: 7. Traffic volume: 455.0. Expected volume: 417.5. Traffic change: 9.0%. Rain: 0.0 mm. Weather: no_rain. Crash count: 0. Event count within 3km: 0. Public holiday: 0. School holiday: 0.,"Classify the anomaly level for this traffic station context. Choose one: normal, minor_anomaly, major_anomaly.",normal,Observed traffic is 9.0% different from the expected baseline. Main reason: no_deviation.
57535,87001,Great Western Highway,Great Western Highway,Penrith,Penrith,2022-02-23,4,310.0,277.0,33.0,11.913357400722022,no_change,1,1,normal,explained_by_rain,Station: Great Western Highway. Road: Great Western Highway. Suburb: Penrith. Date: 2022-02-23. Hour: 4. Traffic volume: 310.0. Expected volume: 277.0. Traffic change: 11.9%. Rain: 1.6 mm. Weather: light_rain+very_humid+overcast. Crash count: 0. Event count within 3km: 0. Public holiday: 0. School holiday: 0.,"Classify the anomaly level for this traffic station context. Choose one: normal, minor_anomaly, major_anomaly.",normal,Observed traffic is 11.9% different from the expected baseline. Main reason: explained_by_rain.
58870,F3FWY001,Pacific Motorway,Pacific Motorway,North Wahroonga,Ku-Ring-Gai,2024-10-27,2,343.0,200.0,143.0,71.5,increase,1,1,major_anomaly,unexplained_beyond_crash,Station: Pacific Motorway. Road: Pacific Motorway. Suburb: North Wahroonga. Date: 2024-10-27. Hour: 2. Traffic volume: 343.0. Expected volume: 200.0. Traffic change: 71.5%. Rain: 0.0 mm. Weather: no_rain+very_humid+overcast. Crash count: 1. Event count within 3km: 0. Public holiday: 0. School holiday: 0.,"Classify the anomaly level for this traffic station context. Choose one: normal, minor_anomaly, major_anomaly.",major_anomaly,Observed traffic is 71.5% different from the expected baseline. Main reason: unexplained_beyond_crash.
58870,F3FWY001,Pacific Motorway,Pacific Motorway,North Wahroonga,Ku-Ring-Gai,2022-05-11,23,288.0,676.0,-388.0,-57.396449704142015,decrease,1,1,major_anomaly,unexplained_beyond_rain,Station: Pacific Motorway. Road: Pacific Motorway. Suburb: North Wahroonga. Date: 2022-05-11. Hour: 23. Traffic volume: 288.0. Expected volume: 676.0. Traffic change: -57.4%. Rain: 1.5 mm. Weather: light_rain+very_humid+overcast. Crash count: 0. Event count within 3km: 0. Public holiday: 0. School holiday: 0.,"Classify the anomaly level for this traffic station context. Choose one: normal, minor_anomaly, major_anomaly.",major_anomaly,Observed traffic is -57.4% different from the expected baseline. Main reason: unexplained_beyond_rain.
58870,F3FWY001,Pacific Motorway,Pacific Motorway,North Wahroonga,Ku-Ring-Gai,2024-05-06,13,1826.0,4361.0,-2535.0,-58.128869525338224,decrease,4,3,major_anomaly,unexplained_beyond_rain_crash_strong_wind,Station: Pacific Motorway. Road: Pacific Motorway. Suburb: North Wahroonga. Date: 2024-05-06. Hour: 13. Traffic volume: 1826.0. Expected volume: 4361.0. Traffic change: -58.1%. Rain: 0.1 mm. Weather: no_rain+strong_wind. Crash count: 3. Event count within 3km: 0. Public holiday: 0. School holiday: 0.,"Classify the anomaly level for this traffic station context. Choose one: normal, minor_anomaly, major_anomaly.",major_anomaly,Observed traffic is -58.1% different from the expected baseline. Main reason: unexplained_beyond_rain_crash_strong_wind.
58870,F3FWY001,Pacific Motorway,Pacific Motorway,North Wahroonga,Ku-Ring-Gai,2022-03-23,1,202.0,239.5,-37.5,-15.657620041753653,no_change,0,0,minor_anomaly,unexplained_no_context,Station: Pacific Motorway. Road: Pacific Motorway. Suburb: North Wahroonga. Date: 2022-03-23. Hour: 1. Traffic volume: 202.0. Expected volume: 239.5. Traffic change: -15.7%. Rain: 0.0 mm. Weather: no_rain+overcast. Crash count: 0. Event count within 3km: 0. Public holiday: 0. School holiday: 0.,"Classify the anomaly level for this traffic station context. Choose one: normal, minor_anomaly, major_anomaly.",minor_anomaly,Observed traffic is -15.7% different from the expected baseline. Main reason: unexplained_no_context.
58870,F3FWY001,Pacific Motorway,Pacific Motorway,North Wahroonga,Ku-Ring-Gai,2023-09-16,15,6101.0,4659.0,1442.0,30.950847821420908,increase,2,1,minor_anomaly,unexplained_beyond_crash,Station: Pacific Motorway. Road: Pacific Motorway. Suburb: North Wahroonga. Date: 2023-09-16. Hour: 15. Traffic volume: 6101.0. Expected volume: 4659.0. Traffic change: 31.0%. Rain: 0.0 mm. Weather: no_rain+hot. Crash count: 1. Event count within 3km: 0. Public holiday: 0. School holiday: 0.,"Classify the anomaly level for this traffic station context. Choose one: normal, minor_anomaly, major_anomaly.",minor_anomaly,Observed traffic is 31.0% different from the expected baseline. Main reason: unexplained_beyond_crash.
58870,F3FWY001,Pacific Motorway,Pacific Motorway,North Wahroonga,Ku-Ring-Gai,2022-01-06,4,579.0,883.0,-304.0,-34.42808607021517,decrease,1,1,minor_anomaly,unexplained_beyond_rain,Station: Pacific Motorway. Road: Pacific Motorway. Suburb: North Wahroonga. Date: 2022-01-06. Hour: 4. Traffic volume: 579.0. Expected volume: 883.0. Traffic change: -34.4%. Rain: 0.1 mm. Weather: no_rain+very_humid. Crash count: 0. Event count within 3km: 0. Public holiday: 0. School holiday: 0.,"Classify the anomaly level for this traffic station context. Choose one: normal, minor_anomaly, major_anomaly.",minor_anomaly,Observed traffic is -34.4% different from the expected baseline. Main reason: unexplained_beyond_rain.
58870,F3FWY001,Pacific Motorway,Pacific Motorway,North Wahroonga,Ku-Ring-Gai,2022-09-04,3,232.0,201.0,31.0,15.422885572139302,no_change,1,1,normal,explained_by_rain,Station: Pacific Motorway. Road: Pacific Motorway. Suburb: North Wahroonga. Date: 2022-09-04. Hour: 3. Traffic volume: 232.0. Expected volume: 201.0. Traffic change: 15.4%. Rain: 0.2 mm. Weather: light_rain+very_humid+overcast. Crash count: 0. Event count within 3km: 0. Public holiday: 0. School holiday: 0.,"Classify the anomaly level for this traffic station context. Choose one: normal, minor_anomaly, major_anomaly.",normal,Observed traffic is 15.4% different from the expected baseline. Main reason: explained_by_rain.
58870,F3FWY001,Pacific Motorway,Pacific Motorway,North Wahroonga,Ku-Ring-Gai,2022-05-12,5,2491.0,2549.0,-58.0,-2.2754021184778344,no_change,1,1,normal,explained_by_rain,Station: Pacific Motorway. Road: Pacific Motorway. Suburb: North Wahroonga. Date: 2022-05-12. Hour: 5. Traffic volume: 2491.0. Expected volume: 2549.0. Traffic change: -2.3%. Rain: 0.3 mm. Weather: light_rain+very_humid+overcast. Crash count: 0. Event count within 3km: 0. Public holiday: 0. School holiday: 0.,"Classify the anomaly level for this traffic station context. Choose one: normal, minor_anomaly, major_anomaly.",normal,Observed traffic is -2.3% different from the expected baseline. Main reason: explained_by_rain.
58870,F3FWY001,Pacific Motorway,Pacific Motorway,North Wahroonga,Ku-Ring-Gai,2022-05-14,4,337.0,338.5,-1.5,-0.4431314623338257,no_change,0,0,normal,no_deviation,Station: Pacific Motorway. Road: Pacific Motorway. Suburb: North Wahroonga. Date: 2022-05-14. Hour: 4. Traffic volume: 337.0. Expected volume: 338.5. Traffic change: -0.4%. Rain: 0.0 mm. Weather: no_rain+very_humid+overcast. Crash count: 0. Event count within 3km: 0. Public holiday: 0. School holiday: 0.,"Classify the anomaly level for this traffic station context. Choose one: normal, minor_anomaly, major_anomaly.",normal,Observed traffic is -0.4% different from the expected baseline. Main reason: no_deviation.
58871,F3FWY002,Pacific Motorway,Pacific Motorway,Mount Kuring-Gai,Hornsby,2024-12-28,1,352.0,223.0,129.0,57.847533632286996,increase,1,1,major_anomaly,unexplained_beyond_rain,Station: Pacific Motorway. Road: Pacific Motorway. Suburb: Mount Kuring-Gai. Date: 2024-12-28. Hour: 1. Traffic volume: 352.0. Expected volume: 223.0. Traffic change: 57.8%. Rain: 0.1 mm. Weather: no_rain+very_humid. Crash count: 0. Event count within 3km: 0. Public holiday: 0. School holiday: 0.,"Classify the anomaly level for this traffic station context. Choose one: normal, minor_anomaly, major_anomaly.",major_anomaly,Observed traffic is 57.8% different from the expected baseline. Main reason: unexplained_beyond_rain.
58871,F3FWY002,Pacific Motorway,Pacific Motorway,Mount Kuring-Gai,Hornsby,2024-10-07,1,134.0,206.0,-72.0,-34.95145631067961,decrease,0,0,major_anomaly,unexplained_no_context,Station: Pacific Motorway. Road: Pacific Motorway. Suburb: Mount Kuring-Gai. Date: 2024-10-07. Hour: 1. Traffic volume: 134.0. Expected volume: 206.0. Traffic change: -35.0%. Rain: 0.0 mm. Weather: no_rain. Crash count: 0. Event count within 3km: 0. Public holiday: 0. School holiday: 0.,"Classify the anomaly level for this traffic station context. Choose one: normal, minor_anomaly, major_anomaly.",major_anomaly,Observed traffic is -35.0% different from the expected baseline. Main reason: unexplained_no_context.
58871,F3FWY002,Pacific Motorway,Pacific Motorway,Mount Kuring-Gai,Hornsby,2024-10-21,0,95.0,251.0,-156.0,-62.15139442231076,decrease,0,0,major_anomaly,unexplained_no_context,Station: Pacific Motorway. Road: Pacific Motorway. Suburb: Mount Kuring-Gai. Date: 2024-10-21. Hour: 0. Traffic volume: 95.0. Expected volume: 251.0. Traffic change: -62.2%. Rain: 0.0 mm. Weather: no_rain. Crash count: 0. Event count within 3km: 0. Public holiday: 0. School holiday: 0.,"Classify the anomaly level for this traffic station context. Choose one: normal, minor_anomaly, major_anomaly.",major_anomaly,Observed traffic is -62.2% different from the expected baseline. Main reason: unexplained_no_context.
58871,F3FWY002,Pacific Motorway,Pacific Motorway,Mount Kuring-Gai,Hornsby,2024-10-26,23,573.0,484.0,89.0,18.388429752066116,no_change,0,0,minor_anomaly,unexplained_no_context,Station: Pacific Motorway. Road: Pacific Motorway. Suburb: Mount Kuring-Gai. Date: 2024-10-26. Hour: 23. Traffic volume: 573.0. Expected volume: 484.0. Traffic change: 18.4%. Rain: 0.0 mm. Weather: no_rain+very_humid+overcast. Crash count: 0. Event count within 3km: 0. Public holiday: 0. School holiday: 0.,"Classify the anomaly level for this traffic station context. Choose one: normal, minor_anomaly, major_anomaly.",minor_anomaly,Observed traffic is 18.4% different from the expected baseline. Main reason: unexplained_no_context.
58871,F3FWY002,Pacific Motorway,Pacific Motorway,Mount Kuring-Gai,Hornsby,2024-12-22,10,2360.0,3329.0,-969.0,-29.107840192249924,decrease,0,0,minor_anomaly,unexplained_no_context,Station: Pacific Motorway. Road: Pacific Motorway. Suburb: Mount Kuring-Gai. Date: 2024-12-22. Hour: 10. Traffic volume: 2360.0. Expected volume: 3329.0. Traffic change: -29.1%. Rain: 0.0 mm. Weather: no_rain+overcast. Crash count: 0. Event count within 3km: 0. Public holiday: 0. School holiday: 0.,"Classify the anomaly level for this traffic station context. Choose one: normal, minor_anomaly, major_anomaly.",minor_anomaly,Observed traffic is -29.1% different from the expected baseline. Main reason: unexplained_no_context.
58871,F3FWY002,Pacific Motorway,Pacific Motorway,Mount Kuring-Gai,Hornsby,2024-10-12,15,2015.0,3230.0,-1215.0,-37.61609907120743,decrease,1,1,minor_anomaly,unexplained_beyond_strong_wind,Station: Pacific Motorway. Road: Pacific Motorway. Suburb: Mount Kuring-Gai. Date: 2024-10-12. Hour: 15. Traffic volume: 2015.0. Expected volume: 3230.0. Traffic change: -37.6%. Rain: 0.0 mm. Weather: no_rain+strong_wind. Crash count: 0. Event count within 3km: 0. Public holiday: 0. School holiday: 0.,"Classify the anomaly level for this traffic station context. Choose one: normal, minor_anomaly, major_anomaly.",minor_anomaly,Observed traffic is -37.6% different from the expected baseline. Main reason: unexplained_beyond_strong_wind.
58871,F3FWY002,Pacific Motorway,Pacific Motorway,Mount Kuring-Gai,Hornsby,2024-12-10,21,694.0,717.0,-23.0,-3.2078103207810322,no_change,0,0,normal,no_deviation,Station: Pacific Motorway. Road: Pacific Motorway. Suburb: Mount Kuring-Gai. Date: 2024-12-10. Hour: 21. Traffic volume: 694.0. Expected volume: 717.0. Traffic change: -3.2%. Rain: 0.0 mm. Weather: no_rain+very_humid+overcast. Crash count: 0. Event count within 3km: 0. Public holiday: 0. School holiday: 0.,"Classify the anomaly level for this traffic station context. Choose one: normal, minor_anomaly, major_anomaly.",normal,Observed traffic is -3.2% different from the expected baseline. Main reason: no_deviation.
58871,F3FWY002,Pacific Motorway,Pacific Motorway,Mount Kuring-Gai,Hornsby,2024-10-23,0,235.0,251.0,-16.0,-6.374501992031872,no_change,0,0,normal,no_deviation,Station: Pacific Motorway. Road: Pacific Motorway. Suburb: Mount Kuring-Gai. Date: 2024-10-23. Hour: 0. Traffic volume: 235.0. Expected volume: 251.0. Traffic change: -6.4%. Rain: 0.0 mm. Weather: no_rain+very_humid. Crash count: 0. Event count within 3km: 0. Public holiday: 0. School holiday: 0.,"Classify the anomaly level for this traffic station context. Choose one: normal, minor_anomaly, major_anomaly.",normal,Observed traffic is -6.4% different from the expected baseline. Main reason: no_deviation.
58871,F3FWY002,Pacific Motorway,Pacific Motorway,Mount Kuring-Gai,Hornsby,2024-10-10,17,2700.0,2418.0,282.0,11.662531017369728,no_change,1,1,normal,explained_by_strong_wind,Station: Pacific Motorway. Road: Pacific Motorway. Suburb: Mount Kuring-Gai. Date: 2024-10-10. Hour: 17. Traffic volume: 2700.0. Expected volume: 2418.0. Traffic change: 11.7%. Rain: 0.0 mm. Weather: no_rain+strong_wind. Crash count: 0. Event count within 3km: 0. Public holiday: 0. School holiday: 0.,"Classify the anomaly level for this traffic station context. Choose one: normal, minor_anomaly, major_anomaly.",normal,Observed traffic is 11.7% different from the expected baseline. Main reason: explained_by_strong_wind.
58872,F3FWY003,Pacific Motorway,Pacific Motorway,Cowan,Hornsby,2024-10-07,0,449.0,269.0,180.0,66.91449814126395,increase,0,0,major_anomaly,unexplained_no_context,Station: Pacific Motorway. Road: Pacific Motorway. Suburb: Cowan. Date: 2024-10-07. Hour: 0. Traffic volume: 449.0. Expected volume: 269.0. Traffic change: 66.9%. Rain: 0.0 mm. Weather: no_rain. Crash count: 0. Event count within 3km: 0. Public holiday: 0. School holiday: 0.,"Classify the anomaly level for this traffic station context. Choose one: normal, minor_anomaly, major_anomaly.",major_anomaly,Observed traffic is 66.9% different from the expected baseline. Main reason: unexplained_no_context.
58872,F3FWY003,Pacific Motorway,Pacific Motorway,Cowan,Hornsby,2024-11-22,8,543.0,2043.0,-1500.0,-73.42143906020559,decrease,0,0,major_anomaly,unexplained_no_context,Station: Pacific Motorway. Road: Pacific Motorway. Suburb: Cowan. Date: 2024-11-22. Hour: 8. Traffic volume: 543.0. Expected volume: 2043.0. Traffic change: -73.4%. Rain: 0.0 mm. Weather: no_rain. Crash count: 0. Event count within 3km: 0. Public holiday: 0. School holiday: 0.,"Classify the anomaly level for this traffic station context. Choose one: normal, minor_anomaly, major_anomaly.",major_anomaly,Observed traffic is -73.4% different from the expected baseline. Main reason: unexplained_no_context.
58872,F3FWY003,Pacific Motorway,Pacific Motorway,Cowan,Hornsby,2024-10-18,1,391.0,180.0,211.0,117.22222222222223,increase,0,0,major_anomaly,unexplained_no_context,Station: Pacific Motorway. Road: Pacific Motorway. Suburb: Cowan. Date: 2024-10-18. Hour: 1. Traffic volume: 391.0. Expected volume: 180.0. Traffic change: 117.2%. Rain: 0.0 mm. Weather: no_rain+very_humid+overcast. Crash count: 0. Event count within 3km: 0. Public holiday: 0. School holiday: 0.,"Classify the anomaly level for this traffic station context. Choose one: normal, minor_anomaly, major_anomaly.",major_anomaly,Observed traffic is 117.2% different from the expected baseline. Main reason: unexplained_no_context.
58872,F3FWY003,Pacific Motorway,Pacific Motorway,Cowan,Hornsby,2024-07-08,11,2692.0,2314.5,377.5,16.310218189673794,no_change,0,0,minor_anomaly,unexplained_no_context,Station: Pacific Motorway. Road: Pacific Motorway. Suburb: Cowan. Date: 2024-07-08. Hour: 11. Traffic volume: 2692.0. Expected volume: 2314.5. Traffic change: 16.3%. Rain: 0.0 mm. Weather: no_rain+very_humid+overcast. Crash count: 0. Event count within 3km: 0. Public holiday: 0. School holiday: 0.,"Classify the anomaly level for this traffic station context. Choose one: normal, minor_anomaly, major_anomaly.",minor_anomaly,Observed traffic is 16.3% different from the expected baseline. Main reason: unexplained_no_context.
58872,F3FWY003,Pacific Motorway,Pacific Motorway,Cowan,Hornsby,2024-10-31,21,975.0,796.0,179.0,22.48743718592965,increase,1,1,minor_anomaly,unexplained_beyond_rain,Station: Pacific Motorway. Road: Pacific Motorway. Suburb: Cowan. Date: 2024-10-31. Hour: 21. Traffic volume: 975.0. Expected volume: 796.0. Traffic change: 22.5%. Rain: 0.1 mm. Weather: no_rain+very_humid+overcast. Crash count: 0. Event count within 3km: 0. Public holiday: 0. School holiday: 0.,"Classify the anomaly level for this traffic station context. Choose one: normal, minor_anomaly, major_anomaly.",minor_anomaly,Observed traffic is 22.5% different from the expected baseline. Main reason: unexplained_beyond_rain.
58872,F3FWY003,Pacific Motorway,Pacific Motorway,Cowan,Hornsby,2024-07-14,4,177.0,219.0,-42.0,-19.17808219178082,no_change,0,0,minor_anomaly,unexplained_no_context,Station: Pacific Motorway. Road: Pacific Motorway. Suburb: Cowan. Date: 2024-07-14. Hour: 4. Traffic volume: 177.0. Expected volume: 219.0. Traffic change: -19.2%. Rain: 0.0 mm. Weather: no_rain. Crash count: 0. Event count within 3km: 0. Public holiday: 0. School holiday: 0.,"Classify the anomaly level for this traffic station context. Choose one: normal, minor_anomaly, major_anomaly.",minor_anomaly,Observed traffic is -19.2% different from the expected baseline. Main reason: unexplained_no_context.
58872,F3FWY003,Pacific Motorway,Pacific Motorway,Cowan,Hornsby,2024-06-15,4,206.0,219.0,-13.0,-5.93607305936073,no_change,1,1,normal,explained_by_rain,Station: Pacific Motorway. Road: Pacific Motorway. Suburb: Cowan. Date: 2024-06-15. Hour: 4. Traffic volume: 206.0. Expected volume: 219.0. Traffic change: -5.9%. Rain: 1.7 mm. Weather: light_rain+very_humid+overcast. Crash count: 0. Event count within 3km: 0. Public holiday: 0. School holiday: 0.,"Classify the anomaly level for this traffic station context. Choose one: normal, minor_anomaly, major_anomaly.",normal,Observed traffic is -5.9% different from the expected baseline. Main reason: explained_by_rain.
58872,F3FWY003,Pacific Motorway,Pacific Motorway,Cowan,Hornsby,2024-06-26,12,2108.0,2244.0,-136.0,-6.0606060606060606,no_change,0,0,normal,no_deviation,Station: Pacific Motorway. Road: Pacific Motorway. Suburb: Cowan. Date: 2024-06-26. Hour: 12. Traffic volume: 2108.0. Expected volume: 2244.0. Traffic change: -6.1%. Rain: 0.0 mm. Weather: no_rain. Crash count: 0. Event count within 3km: 0. Public holiday: 0. School holiday: 0.,"Classify the anomaly level for this traffic station context. Choose one: normal, minor_anomaly, major_anomaly.",normal,Observed traffic is -6.1% different from the expected baseline. Main reason: no_deviation.
58872,F3FWY003,Pacific Motorway,Pacific Motorway,Cowan,Hornsby,2024-10-03,20,1100.0,983.0,117.0,11.90233977619532,no_change,0,0,normal,no_deviation,Station: Pacific Motorway. Road: Pacific Motorway. Suburb: Cowan. Date: 2024-10-03. Hour: 20. Traffic volume: 1100.0. Expected volume: 983.0. Traffic change: 11.9%. Rain: 0.0 mm. Weather: no_rain. Crash count: 0. Event count within 3km: 0. Public holiday: 0. School holiday: 0.,"Classify the anomaly level for this traffic station context. Choose one: normal, minor_anomaly, major_anomaly.",normal,Observed traffic is 11.9% different from the expected baseline. Main reason: no_deviation.
15154104,7270,Lane Cove Road,Lane Cove Road,North Ryde,Ryde,2023-12-25,12,565.0,1427.0,-862.0,-60.406447091800985,decrease,2,1,major_anomaly,unexplained_beyond_crash,Station: Lane Cove Road. Road: Lane Cove Road. Suburb: North Ryde. Date: 2023-12-25. Hour: 12. Traffic volume: 565.0. Expected volume: 1427.0. Traffic change: -60.4%. Rain: 0.0 mm. Weather: no_rain+overcast. Crash count: 2. Event count within 3km: 0. Public holiday: 0. School holiday: 0.,"Classify the anomaly level for this traffic station context. Choose one: normal, minor_anomaly, major_anomaly.",major_anomaly,Observed traffic is -60.4% different from the expected baseline. Main reason: unexplained_beyond_crash.
15154104,7270,Lane Cove Road,Lane Cove Road,North Ryde,Ryde,2023-05-27,6,1438.0,698.0,740.0,106.01719197707737,increase,2,1,major_anomaly,unexplained_beyond_crash,Station: Lane Cove Road. Road: Lane Cove Road. Suburb: North Ryde. Date: 2023-05-27. Hour: 6. Traffic volume: 1438.0. Expected volume: 698.0. Traffic change: 106.0%. Rain: 0.0 mm. Weather: no_rain. Crash count: 1. Event count within 3km: 0. Public holiday: 0. School holiday: 0.,"Classify the anomaly level for this traffic station context. Choose one: normal, minor_anomaly, major_anomaly.",major_anomaly,Observed traffic is 106.0% different from the expected baseline. Main reason: unexplained_beyond_crash.
15154104,7270,Lane Cove Road,Lane Cove Road,North Ryde,Ryde,2023-07-01,5,687.0,408.0,279.0,68.38235294117648,increase,2,1,major_anomaly,unexplained_beyond_crash,Station: Lane Cove Road. Road: Lane Cove Road. Suburb: North Ryde. Date: 2023-07-01. Hour: 5. Traffic volume: 687.0. Expected volume: 408.0. Traffic change: 68.4%. Rain: 0.0 mm. Weather: no_rain+very_humid. Crash count: 1. Event count within 3km: 0. Public holiday: 0. School holiday: 0.,"Classify the anomaly level for this traffic station context. Choose one: normal, minor_anomaly, major_anomaly.",major_anomaly,Observed traffic is 68.4% different from the expected baseline. Main reason: unexplained_beyond_crash.
15154104,7270,Lane Cove Road,Lane Cove Road,North Ryde,Ryde,2022-05-28,6,948.0,698.0,250.0,35.816618911174785,increase,2,1,minor_anomaly,unexplained_beyond_crash,Station: Lane Cove Road. Road: Lane Cove Road. Suburb: North Ryde. Date: 2022-05-28. Hour: 6. Traffic volume: 948.0. Expected volume: 698.0. Traffic change: 35.8%. Rain: 0.0 mm. Weather: no_rain+very_humid. Crash count: 1. Event count within 3km: 0. Public holiday: 0. School holiday: 0.,"Classify the anomaly level for this traffic station context. Choose one: normal, minor_anomaly, major_anomaly.",minor_anomaly,Observed traffic is 35.8% different from the expected baseline. Main reason: unexplained_beyond_crash.
15154104,7270,Lane Cove Road,Lane Cove Road,North Ryde,Ryde,2024-04-14,23,643.0,502.0,141.0,28.087649402390436,increase,1,1,minor_anomaly,unexplained_beyond_crash,Station: Lane Cove Road. Road: Lane Cove Road. Suburb: North Ryde. Date: 2024-04-14. Hour: 23. Traffic volume: 643.0. Expected volume: 502.0. Traffic change: 28.1%. Rain: 0.0 mm. Weather: no_rain+very_humid. Crash count: 1. Event count within 3km: 0. Public holiday: 0. School holiday: 0.,"Classify the anomaly level for this traffic station context. Choose one: normal, minor_anomaly, major_anomaly.",minor_anomaly,Observed traffic is 28.1% different from the expected baseline. Main reason: unexplained_beyond_crash.
15154104,7270,Lane Cove Road,Lane Cove Road,North Ryde,Ryde,2022-04-25,19,763.0,1039.0,-276.0,-26.564003849855634,decrease,2,1,minor_anomaly,unexplained_beyond_crash,Station: Lane Cove Road. Road: Lane Cove Road. Suburb: North Ryde. Date: 2022-04-25. Hour: 19. Traffic volume: 763.0. Expected volume: 1039.0. Traffic change: -26.6%. Rain: 0.0 mm. Weather: no_rain+very_humid+overcast. Crash count: 2. Event count within 3km: 0. Public holiday: 0. School holiday: 0.,"Classify the anomaly level for this traffic station context. Choose one: normal, minor_anomaly, major_anomaly.",minor_anomaly,Observed traffic is -26.6% different from the expected baseline. Main reason: unexplained_beyond_crash.
15154104,7270,Lane Cove Road,Lane Cove Road,North Ryde,Ryde,2022-01-09,1,152.0,193.0,-41.0,-21.243523316062177,decrease,1,1,normal,explained_by_crash,Station: Lane Cove Road. Road: Lane Cove Road. Suburb: North Ryde. Date: 2022-01-09. Hour: 1. Traffic volume: 152.0. Expected volume: 193.0. Traffic change: -21.2%. Rain: 0.0 mm. Weather: no_rain+very_humid+overcast. Crash count: 2. Event count within 3km: 0. Public holiday: 0. School holiday: 0.,"Classify the anomaly level for this traffic station context. Choose one: normal, minor_anomaly, major_anomaly.",normal,Observed traffic is -21.2% different from the expected baseline. Main reason: explained_by_crash.
15154104,7270,Lane Cove Road,Lane Cove Road,North Ryde,Ryde,2023-01-24,16,1691.0,1609.0,82.0,5.0963331261653195,no_change,3,2,normal,explained_by_rain_crash,Station: Lane Cove Road. Road: Lane Cove Road. Suburb: North Ryde. Date: 2023-01-24. Hour: 16. Traffic volume: 1691.0. Expected volume: 1609.0. Traffic change: 5.1%. Rain: 0.1 mm. Weather: no_rain. Crash count: 5. Event count within 3km: 0. Public holiday: 0. School holiday: 0.,"Classify the anomaly level for this traffic station context. Choose one: normal, minor_anomaly, major_anomaly.",normal,Observed traffic is 5.1% different from the expected baseline. Main reason: explained_by_rain_crash.
15154104,7270,Lane Cove Road,Lane Cove Road,North Ryde,Ryde,2023-06-07,16,1494.0,1609.0,-115.0,-7.147296457426973,no_change,2,1,normal,explained_by_crash,Station: Lane Cove Road. Road: Lane Cove Road. Suburb: North Ryde. Date: 2023-06-07. Hour: 16. Traffic volume: 1494.0. Expected volume: 1609.0. Traffic change: -7.1%. Rain: 0.0 mm. Weather: no_rain. Crash count: 1. Event count within 3km: 0. Public holiday: 0. School holiday: 0.,"Classify the anomaly level for this traffic station context. Choose one: normal, minor_anomaly, major_anomaly.",normal,Observed traffic is -7.1% different from the expected baseline. Main reason: explained_by_crash.
15252028,7112,Silverwater Road,Silverwater Road,Auburn,Auburn,2023-12-19,20,161.0,763.0,-602.0,-78.89908256880734,decrease,2,1,major_anomaly,unexplained_beyond_crash,Station: Silverwater Road. Road: Silverwater Road. Suburb: Auburn. Date: 2023-12-19. Hour: 20. Traffic volume: 161.0. Expected volume: 763.0. Traffic change: -78.9%. Rain: 0.0 mm. Weather: no_rain+overcast. Crash count: 2. Event count within 3km: 0. Public holiday: 0. School holiday: 0.,"Classify the anomaly level for this traffic station context. Choose one: normal, minor_anomaly, major_anomaly.",major_anomaly,Observed traffic is -78.9% different from the expected baseline. Main reason: unexplained_beyond_crash.
15252028,7112,Silverwater Road,Silverwater Road,Auburn,Auburn,2023-12-31,7,308.0,521.5,-213.5,-40.939597315436245,decrease,2,1,major_anomaly,unexplained_beyond_crash,Station: Silverwater Road. Road: Silverwater Road. Suburb: Auburn. Date: 2023-12-31. Hour: 7. Traffic volume: 308.0. Expected volume: 521.5. Traffic change: -40.9%. Rain: 0.0 mm. Weather: no_rain+very_humid+overcast. Crash count: 1. Event count within 3km: 0. Public holiday: 0. School holiday: 0.,"Classify the anomaly level for this traffic station context. Choose one: normal, minor_anomaly, major_anomaly.",major_anomaly,Observed traffic is -40.9% different from the expected baseline. Main reason: unexplained_beyond_crash.
15252028,7112,Silverwater Road,Silverwater Road,Auburn,Auburn,2023-02-03,2,110.0,76.0,34.0,44.73684210526316,increase,0,0,major_anomaly,unexplained_no_context,Station: Silverwater Road. Road: Silverwater Road. Suburb: Auburn. Date: 2023-02-03. Hour: 2. Traffic volume: 110.0. Expected volume: 76.0. Traffic change: 44.7%. Rain: 0.0 mm. Weather: no_rain. Crash count: 0. Event count within 3km: 0. Public holiday: 0. School holiday: 0.,"Classify the anomaly level for this traffic station context. Choose one: normal, minor_anomaly, major_anomaly.",major_anomaly,Observed traffic is 44.7% different from the expected baseline. Main reason: unexplained_no_context.
15252028,7112,Silverwater Road,Silverwater Road,Auburn,Auburn,2024-03-31,0,338.0,271.0,67.0,24.723247232472325,increase,0,0,minor_anomaly,unexplained_no_context,Station: Silverwater Road. Road: Silverwater Road. Suburb: Auburn. Date: 2024-03-31. Hour: 0. Traffic volume: 338.0. Expected volume: 271.0. Traffic change: 24.7%. Rain: 0.0 mm. Weather: no_rain+very_humid. Crash count: 0. Event count within 3km: 0. Public holiday: 0. School holiday: 0.,"Classify the anomaly level for this traffic station context. Choose one: normal, minor_anomaly, major_anomaly.",minor_anomaly,Observed traffic is 24.7% different from the expected baseline. Main reason: unexplained_no_context.
15252028,7112,Silverwater Road,Silverwater Road,Auburn,Auburn,2022-04-02,0,217.0,271.0,-54.0,-19.92619926199262,no_change,0,0,minor_anomaly,unexplained_no_context,Station: Silverwater Road. Road: Silverwater Road. Suburb: Auburn. Date: 2022-04-02. Hour: 0. Traffic volume: 217.0. Expected volume: 271.0. Traffic change: -19.9%. Rain: 0.0 mm. Weather: no_rain+overcast. Crash count: 0. Event count within 3km: 0. Public holiday: 0. School holiday: 0.,"Classify the anomaly level for this traffic station context. Choose one: normal, minor_anomaly, major_anomaly.",minor_anomaly,Observed traffic is -19.9% different from the expected baseline. Main reason: unexplained_no_context.
15252028,7112,Silverwater Road,Silverwater Road,Auburn,Auburn,2023-04-30,4,74.0,105.5,-31.5,-29.85781990521327,decrease,2,1,minor_anomaly,unexplained_beyond_crash,Station: Silverwater Road. Road: Silverwater Road. Suburb: Auburn. Date: 2023-04-30. Hour: 4. Traffic volume: 74.0. Expected volume: 105.5. Traffic change: -29.9%. Rain: 0.0 mm. Weather: no_rain+very_humid+overcast. Crash count: 1. Event count within 3km: 0. Public holiday: 0. School holiday: 0.,"Classify the anomaly level for this traffic station context. Choose one: normal, minor_anomaly, major_anomaly.",minor_anomaly,Observed traffic is -29.9% different from the expected baseline. Main reason: unexplained_beyond_crash.
15252028,7112,Silverwater Road,Silverwater Road,Auburn,Auburn,2022-04-21,15,1472.0,1307.0,165.0,12.62433052792655,no_change,2,1,normal,explained_by_crash,Station: Silverwater Road. Road: Silverwater Road. Suburb: Auburn. Date: 2022-04-21. Hour: 15. Traffic volume: 1472.0. Expected volume: 1307.0. Traffic change: 12.6%. Rain: 0.0 mm. Weather: no_rain. Crash count: 6. Event count within 3km: 0. Public holiday: 0. School holiday: 0.,"Classify the anomaly level for this traffic station context. Choose one: normal, minor_anomaly, major_anomaly.",normal,Observed traffic is 12.6% different from the expected baseline. Main reason: explained_by_crash.
15252028,7112,Silverwater Road,Silverwater Road,Auburn,Auburn,2023-04-14,19,975.0,891.0,84.0,9.427609427609427,no_change,2,1,normal,explained_by_crash,Station: Silverwater Road. Road: Silverwater Road. Suburb: Auburn. Date: 2023-04-14. Hour: 19. Traffic volume: 975.0. Expected volume: 891.0. Traffic change: 9.4%. Rain: 0.0 mm. Weather: no_rain+very_humid. Crash count: 5. Event count within 3km: 0. Public holiday: 0. School holiday: 0.,"Classify the anomaly level for this traffic station context. Choose one: normal, minor_anomaly, major_anomaly.",normal,Observed traffic is 9.4% different from the expected baseline. Main reason: explained_by_crash.
15252028,7112,Silverwater Road,Silverwater Road,Auburn,Auburn,2022-08-18,10,1131.0,1151.0,-20.0,-1.7376194613379672,no_change,2,1,normal,explained_by_crash,Station: Silverwater Road. Road: Silverwater Road. Suburb: Auburn. Date: 2022-08-18. Hour: 10. Traffic volume: 1131.0. Expected volume: 1151.0. Traffic change: -1.7%. Rain: 0.0 mm. Weather: no_rain+overcast. Crash count: 1. Event count within 3km: 0. Public holiday: 0. School holiday: 0.,"Classify the anomaly level for this traffic station context. Choose one: normal, minor_anomaly, major_anomaly.",normal,Observed traffic is -1.7% different from the expected baseline. Main reason: explained_by_crash.
15252035,7274,Great Western Highway,Great Western Highway,Minchinbury,Blacktown,2024-07-24,3,11.0,122.0,-111.0,-90.98360655737704,decrease,0,0,major_anomaly,unexplained_no_context,Station: Great Western Highway. Road: Great Western Highway. Suburb: Minchinbury. Date: 2024-07-24. Hour: 3. Traffic volume: 11.0. Expected volume: 122.0. Traffic change: -91.0%. Rain: 0.0 mm. Weather: no_rain+very_humid. Crash count: 0. Event count within 3km: 0. Public holiday: 0. School holiday: 0.,"Classify the anomaly level for this traffic station context. Choose one: normal, minor_anomaly, major_anomaly.",major_anomaly,Observed traffic is -91.0% different from the expected baseline. Main reason: unexplained_no_context.
15252035,7274,Great Western Highway,Great Western Highway,Minchinbury,Blacktown,2024-07-16,13,99.0,897.0,-798.0,-88.96321070234113,decrease,2,1,major_anomaly,unexplained_beyond_crash,Station: Great Western Highway. Road: Great Western Highway. Suburb: Minchinbury. Date: 2024-07-16. Hour: 13. Traffic volume: 99.0. Expected volume: 897.0. Traffic change: -89.0%. Rain: 0.0 mm. Weather: no_rain. Crash count: 1. Event count within 3km: 0. Public holiday: 0. School holiday: 0.,"Classify the anomaly level for this traffic station context. Choose one: normal, minor_anomaly, major_anomaly.",major_anomaly,Observed traffic is -89.0% different from the expected baseline. Main reason: unexplained_beyond_crash.
15252035,7274,Great Western Highway,Great Western Highway,Minchinbury,Blacktown,2023-02-06,19,299.0,633.5,-334.5,-52.80189423835833,decrease,0,0,major_anomaly,unexplained_no_context,Station: Great Western Highway. Road: Great Western Highway. Suburb: Minchinbury. Date: 2023-02-06. Hour: 19. Traffic volume: 299.0. Expected volume: 633.5. Traffic change: -52.8%. Rain: 0.0 mm. Weather: no_rain. Crash count: 0. Event count within 3km: 0. Public holiday: 0. School holiday: 0.,"Classify the anomaly level for this traffic station context. Choose one: normal, minor_anomaly, major_anomaly.",major_anomaly,Observed traffic is -52.8% different from the expected baseline. Main reason: unexplained_no_context.
15252035,7274,Great Western Highway,Great Western Highway,Minchinbury,Blacktown,2023-11-28,5,802.0,685.0,117.0,17.080291970802918,no_change,0,0,minor_anomaly,unexplained_no_context,Station: Great Western Highway. Road: Great Western Highway. Suburb: Minchinbury. Date: 2023-11-28. Hour: 5. Traffic volume: 802.0. Expected volume: 685.0. Traffic change: 17.1%. Rain: 0.0 mm. Weather: no_rain+very_humid. Crash count: 0. Event count within 3km: 0. Public holiday: 0. School holiday: 0.,"Classify the anomaly level for this traffic station context. Choose one: normal, minor_anomaly, major_anomaly.",minor_anomaly,Observed traffic is 17.1% different from the expected baseline. Main reason: unexplained_no_context.
15252035,7274,Great Western Highway,Great Western Highway,Minchinbury,Blacktown,2023-01-12,7,942.0,1349.0,-407.0,-30.1704966641957,decrease,2,1,minor_anomaly,unexplained_beyond_crash,Station: Great Western Highway. Road: Great Western Highway. Suburb: Minchinbury. Date: 2023-01-12. Hour: 7. Traffic volume: 942.0. Expected volume: 1349.0. Traffic change: -30.2%. Rain: 0.0 mm. Weather: no_rain. Crash count: 1. Event count within 3km: 0. Public holiday: 0. School holiday: 0.,"Classify the anomaly level for this traffic station context. Choose one: normal, minor_anomaly, major_anomaly.",minor_anomaly,Observed traffic is -30.2% different from the expected baseline. Main reason: unexplained_beyond_crash.
15252035,7274,Great Western Highway,Great Western Highway,Minchinbury,Blacktown,2022-03-10,17,721.0,977.0,-256.0,-26.202661207778917,decrease,2,1,minor_anomaly,unexplained_beyond_crash,Station: Great Western Highway. Road: Great Western Highway. Suburb: Minchinbury. Date: 2022-03-10. Hour: 17. Traffic volume: 721.0. Expected volume: 977.0. Traffic change: -26.2%. Rain: 0.0 mm. Weather: no_rain. Crash count: 3. Event count within 3km: 0. Public holiday: 0. School holiday: 0.,"Classify the anomaly level for this traffic station context. Choose one: normal, minor_anomaly, major_anomaly.",minor_anomaly,Observed traffic is -26.2% different from the expected baseline. Main reason: unexplained_beyond_crash.
15252035,7274,Great Western Highway,Great Western Highway,Minchinbury,Blacktown,2024-12-24,22,288.0,333.0,-45.0,-13.513513513513514,no_change,0,0,normal,no_deviation,Station: Great Western Highway. Road: Great Western Highway. Suburb: Minchinbury. Date: 2024-12-24. Hour: 22. Traffic volume: 288.0. Expected volume: 333.0. Traffic change: -13.5%. Rain: 0.0 mm. Weather: no_rain. Crash count: 0. Event count within 3km: 0. Public holiday: 0. School holiday: 0.,"Classify the anomaly level for this traffic station context. Choose one: normal, minor_anomaly, major_anomaly.",normal,Observed traffic is -13.5% different from the expected baseline. Main reason: no_deviation.
15252035,7274,Great Western Highway,Great Western Highway,Minchinbury,Blacktown,2024-01-19,17,842.0,977.0,-135.0,-13.817809621289662,no_change,0,0,normal,no_deviation,Station: Great Western Highway. Road: Great Western Highway. Suburb: Minchinbury. Date: 2024-01-19. Hour: 17. Traffic volume: 842.0. Expected volume: 977.0. Traffic change: -13.8%. Rain: 0.0 mm. Weather: no_rain. Crash count: 0. Event count within 3km: 0. Public holiday: 0. School holiday: 0.,"Classify the anomaly level for this traffic station context. Choose one: normal, minor_anomaly, major_anomaly.",normal,Observed traffic is -13.8% different from the expected baseline. Main reason: no_deviation.
15252035,7274,Great Western Highway,Great Western Highway,Minchinbury,Blacktown,2023-12-11,22,347.0,333.0,14.0,4.2042042042042045,no_change,2,2,normal,explained_by_rain_crash,Station: Great Western Highway. Road: Great Western Highway. Suburb: Minchinbury. Date: 2023-12-11. Hour: 22. Traffic volume: 347.0. Expected volume: 333.0. Traffic change: 4.2%. Rain: 0.3 mm. Weather: light_rain+very_humid. Crash count: 1. Event count within 3km: 0. Public holiday: 0. School holiday: 0.,"Classify the anomaly level for this traffic station context. Choose one: normal, minor_anomaly, major_anomaly.",normal,Observed traffic is 4.2% different from the expected baseline. Main reason: explained_by_rain_crash.
15286001,7121,South Dowling Street,South Dowling Street,Surry Hills,Sydney,2023-12-28,6,134.0,234.0,-100.0,-42.73504273504273,decrease,1,1,major_anomaly,unexplained_beyond_crash,Station: South Dowling Street. Road: South Dowling Street. Suburb: Surry Hills. Date: 2023-12-28. Hour: 6. Traffic volume: 134.0. Expected volume: 234.0. Traffic change: -42.7%. Rain: 0.0 mm. Weather: no_rain+very_humid. Crash count: 2. Event count within 3km: 0. Public holiday: 0. School holiday: 0.,"Classify the anomaly level for this traffic station context. Choose one: normal, minor_anomaly, major_anomaly.",major_anomaly,Observed traffic is -42.7% different from the expected baseline. Main reason: unexplained_beyond_crash.
15286001,7121,South Dowling Street,South Dowling Street,Surry Hills,Sydney,2022-12-09,1,141.0,58.0,83.0,143.10344827586206,increase,1,1,major_anomaly,unexplained_beyond_crash,Station: South Dowling Street. Road: South Dowling Street. Suburb: Surry Hills. Date: 2022-12-09. Hour: 1. Traffic volume: 141.0. Expected volume: 58.0. Traffic change: 143.1%. Rain: 0.0 mm. Weather: no_rain. Crash count: 3. Event count within 3km: 0. Public holiday: 0. School holiday: 0.,"Classify the anomaly level for this traffic station context. Choose one: normal, minor_anomaly, major_anomaly.",major_anomaly,Observed traffic is 143.1% different from the expected baseline. Main reason: unexplained_beyond_crash.
15286001,7121,South Dowling Street,South Dowling Street,Surry Hills,Sydney,2023-08-14,23,92.0,169.0,-77.0,-45.562130177514796,decrease,1,1,major_anomaly,unexplained_beyond_rain,Station: South Dowling Street. Road: South Dowling Street. Suburb: Surry Hills. Date: 2023-08-14. Hour: 23. Traffic volume: 92.0. Expected volume: 169.0. Traffic change: -45.6%. Rain: 0.1 mm. Weather: no_rain+very_humid. Crash count: 0. Event count within 3km: 0. Public holiday: 0. School holiday: 0.,"Classify the anomaly level for this traffic station context. Choose one: normal, minor_anomaly, major_anomaly.",major_anomaly,Observed traffic is -45.6% different from the expected baseline. Main reason: unexplained_beyond_rain.
15286001,7121,South Dowling Street,South Dowling Street,Surry Hills,Sydney,2022-07-10,19,241.0,345.0,-104.0,-30.144927536231886,decrease,2,1,minor_anomaly,unexplained_beyond_crash,Station: South Dowling Street. Road: South Dowling Street. Suburb: Surry Hills. Date: 2022-07-10. Hour: 19. Traffic volume: 241.0. Expected volume: 345.0. Traffic change: -30.1%. Rain: 0.0 mm. Weather: no_rain. Crash count: 4. Event count within 3km: 0. Public holiday: 0. School holiday: 0.,"Classify the anomaly level for this traffic station context. Choose one: normal, minor_anomaly, major_anomaly.",minor_anomaly,Observed traffic is -30.1% different from the expected baseline. Main reason: unexplained_beyond_crash.
15286001,7121,South Dowling Street,South Dowling Street,Surry Hills,Sydney,2024-09-25,19,276.0,378.0,-102.0,-26.984126984126984,decrease,2,1,minor_anomaly,unexplained_beyond_crash,Station: South Dowling Street. Road: South Dowling Street. Suburb: Surry Hills. Date: 2024-09-25. Hour: 19. Traffic volume: 276.0. Expected volume: 378.0. Traffic change: -27.0%. Rain: 0.0 mm. Weather: no_rain+overcast. Crash count: 4. Event count within 3km: 0. Public holiday: 0. School holiday: 0.,"Classify the anomaly level for this traffic station context. Choose one: normal, minor_anomaly, major_anomaly.",minor_anomaly,Observed traffic is -27.0% different from the expected baseline. Main reason: unexplained_beyond_crash.
15286001,7121,South Dowling Street,South Dowling Street,Surry Hills,Sydney,2024-06-10,14,321.0,572.0,-251.0,-43.88111888111888,decrease,3,2,minor_anomaly,unexplained_beyond_crash_event,Station: South Dowling Street. Road: South Dowling Street. Suburb: Surry Hills. Date: 2024-06-10. Hour: 14. Traffic volume: 321.0. Expected volume: 572.0. Traffic change: -43.9%. Rain: 0.0 mm. Weather: no_rain. Crash count: 4. Event count within 3km: 1. Public holiday: 0. School holiday: 0.,"Classify the anomaly level for this traffic station context. Choose one: normal, minor_anomaly, major_anomaly.",minor_anomaly,Observed traffic is -43.9% different from the expected baseline. Main reason: unexplained_beyond_crash_event.
15286001,7121,South Dowling Street,South Dowling Street,Surry Hills,Sydney,2022-11-13,7,209.0,203.0,6.0,2.955665024630542,no_change,1,1,normal,explained_by_crash,Station: South Dowling Street. Road: South Dowling Street. Suburb: Surry Hills. Date: 2022-11-13. Hour: 7. Traffic volume: 209.0. Expected volume: 203.0. Traffic change: 3.0%. Rain: 0.0 mm. Weather: no_rain+very_humid+overcast. Crash count: 1. Event count within 3km: 0. Public holiday: 0. School holiday: 0.,"Classify the anomaly level for this traffic station context. Choose one: normal, minor_anomaly, major_anomaly.",normal,Observed traffic is 3.0% different from the expected baseline. Main reason: explained_by_crash.
15286001,7121,South Dowling Street,South Dowling Street,Surry Hills,Sydney,2024-08-14,12,504.0,484.0,20.0,4.132231404958678,no_change,3,2,normal,explained_by_rain_crash,Station: South Dowling Street. Road: South Dowling Street. Suburb: Surry Hills. Date: 2024-08-14. Hour: 12. Traffic volume: 504.0. Expected volume: 484.0. Traffic change: 4.1%. Rain: 1.4 mm. Weather: light_rain+very_humid+overcast. Crash count: 3. Event count within 3km: 0. Public holiday: 0. School holiday: 0.,"Classify the anomaly level for this traffic station context. Choose one: normal, minor_anomaly, major_anomaly.",normal,Observed traffic is 4.1% different from the expected baseline. Main reason: explained_by_rain_crash.
15286001,7121,South Dowling Street,South Dowling Street,Surry Hills,Sydney,2024-10-24,6,244.0,234.0,10.0,4.273504273504273,no_change,2,1,normal,explained_by_crash,Station: South Dowling Street. Road: South Dowling Street. Suburb: Surry Hills. Date: 2024-10-24. Hour: 6. Traffic volume: 244.0. Expected volume: 234.0. Traffic change: 4.3%. Rain: 0.0 mm. Weather: no_rain. Crash count: 2. Event count within 3km: 0. Public holiday: 0. School holiday: 0.,"Classify the anomaly level for this traffic station context. Choose one: normal, minor_anomaly, major_anomaly.",normal,Observed traffic is 4.3% different from the expected baseline. Main reason: explained_by_crash.
15286002,7126,Kingsway,Kingsway,Miranda,Sutherland,2024-04-28,1,85.0,54.0,31.0,57.407407407407405,increase,0,0,major_anomaly,unexplained_no_context,Station: Kingsway. Road: Kingsway. Suburb: Miranda. Date: 2024-04-28. Hour: 1. Traffic volume: 85.0. Expected volume: 54.0. Traffic change: 57.4%. Rain: 0.0 mm. Weather: no_rain+very_humid. Crash count: 0. Event count within 3km: 0. Public holiday: 0. School holiday: 0.,"Classify the anomaly level for this traffic station context. Choose one: normal, minor_anomaly, major_anomaly.",major_anomaly,Observed traffic is 57.4% different from the expected baseline. Main reason: unexplained_no_context.
15286002,7126,Kingsway,Kingsway,Miranda,Sutherland,2023-06-14,2,8.0,15.0,-7.0,-46.666666666666664,decrease,0,0,major_anomaly,unexplained_no_context,Station: Kingsway. Road: Kingsway. Suburb: Miranda. Date: 2023-06-14. Hour: 2. Traffic volume: 8.0. Expected volume: 15.0. Traffic change: -46.7%. Rain: 0.0 mm. Weather: no_rain. Crash count: 0. Event count within 3km: 0. Public holiday: 0. School holiday: 0.,"Classify the anomaly level for this traffic station context. Choose one: normal, minor_anomaly, major_anomaly.",major_anomaly,Observed traffic is -46.7% different from the expected baseline. Main reason: unexplained_no_context.
15286002,7126,Kingsway,Kingsway,Miranda,Sutherland,2023-09-21,1,9.0,14.0,-5.0,-35.714285714285715,decrease,0,0,major_anomaly,unexplained_no_context,Station: Kingsway. Road: Kingsway. Suburb: Miranda. Date: 2023-09-21. Hour: 1. Traffic volume: 9.0. Expected volume: 14.0. Traffic change: -35.7%. Rain: 0.0 mm. Weather: no_rain+very_humid. Crash count: 0. Event count within 3km: 0. Public holiday: 0. School holiday: 0.,"Classify the anomaly level for this traffic station context. Choose one: normal, minor_anomaly, major_anomaly.",major_anomaly,Observed traffic is -35.7% different from the expected baseline. Main reason: unexplained_no_context.
15286002,7126,Kingsway,Kingsway,Miranda,Sutherland,2024-06-02,6,120.0,184.0,-64.0,-34.78260869565217,decrease,1,1,minor_anomaly,unexplained_beyond_rain,Station: Kingsway. Road: Kingsway. Suburb: Miranda. Date: 2024-06-02. Hour: 6. Traffic volume: 120.0. Expected volume: 184.0. Traffic change: -34.8%. Rain: 0.4 mm. Weather: light_rain+very_humid+overcast. Crash count: 0. Event count within 3km: 0. Public holiday: 0. School holiday: 0.,"Classify the anomaly level for this traffic station context. Choose one: normal, minor_anomaly, major_anomaly.",minor_anomaly,Observed traffic is -34.8% different from the expected baseline. Main reason: unexplained_beyond_rain.
15286002,7126,Kingsway,Kingsway,Miranda,Sutherland,2023-08-24,2,18.0,15.0,3.0,20.0,increase,0,0,minor_anomaly,unexplained_no_context,Station: Kingsway. Road: Kingsway. Suburb: Miranda. Date: 2023-08-24. Hour: 2. Traffic volume: 18.0. Expected volume: 15.0. Traffic change: 20.0%. Rain: 0.0 mm. Weather: no_rain+very_humid. Crash count: 0. Event count within 3km: 0. Public holiday: 0. School holiday: 0.,"Classify the anomaly level for this traffic station context. Choose one: normal, minor_anomaly, major_anomaly.",minor_anomaly,Observed traffic is 20.0% different from the expected baseline. Main reason: unexplained_no_context.
15286002,7126,Kingsway,Kingsway,Miranda,Sutherland,2024-03-21,22,134.0,109.0,25.0,22.93577981651376,increase,1,1,minor_anomaly,unexplained_beyond_crash,Station: Kingsway. Road: Kingsway. Suburb: Miranda. Date: 2024-03-21. Hour: 22. Traffic volume: 134.0. Expected volume: 109.0. Traffic change: 22.9%. Rain: 0.0 mm. Weather: no_rain+overcast. Crash count: 1. Event count within 3km: 0. Public holiday: 0. School holiday: 0.,"Classify the anomaly level for this traffic station context. Choose one: normal, minor_anomaly, major_anomaly.",minor_anomaly,Observed traffic is 22.9% different from the expected baseline. Main reason: unexplained_beyond_crash.
15286002,7126,Kingsway,Kingsway,Miranda,Sutherland,2023-12-18,8,582.0,734.0,-152.0,-20.708446866485016,decrease,3,2,normal,explained_by_rain_crash,Station: Kingsway. Road: Kingsway. Suburb: Miranda. Date: 2023-12-18. Hour: 8. Traffic volume: 582.0. Expected volume: 734.0. Traffic change: -20.7%. Rain: 0.1 mm. Weather: no_rain+overcast. Crash count: 1. Event count within 3km: 0. Public holiday: 0. School holiday: 0.,"Classify the anomaly level for this traffic station context. Choose one: normal, minor_anomaly, major_anomaly.",normal,Observed traffic is -20.7% different from the expected baseline. Main reason: explained_by_rain_crash.
15286002,7126,Kingsway,Kingsway,Miranda,Sutherland,2023-08-13,17,616.0,644.0,-28.0,-4.3478260869565215,no_change,0,0,normal,no_deviation,Station: Kingsway. Road: Kingsway. Suburb: Miranda. Date: 2023-08-13. Hour: 17. Traffic volume: 616.0. Expected volume: 644.0. Traffic change: -4.3%. Rain: 0.0 mm. Weather: no_rain+overcast. Crash count: 0. Event count within 3km: 0. Public holiday: 0. School holiday: 0.,"Classify the anomaly level for this traffic station context. Choose one: normal, minor_anomaly, major_anomaly.",normal,Observed traffic is -4.3% different from the expected baseline. Main reason: no_deviation.
15286002,7126,Kingsway,Kingsway,Miranda,Sutherland,2022-08-13,5,94.0,94.0,0.0,0.0,no_change,1,1,normal,explained_by_rain,Station: Kingsway. Road: Kingsway. Suburb: Miranda. Date: 2022-08-13. Hour: 5. Traffic volume: 94.0. Expected volume: 94.0. Traffic change: 0.0%. Rain: 1.3 mm. Weather: light_rain+very_humid+overcast. Crash count: 0. Event count within 3km: 0. Public holiday: 0. School holiday: 0.,"Classify the anomaly level for this traffic station context. Choose one: normal, minor_anomaly, major_anomaly.",normal,Observed traffic is 0.0% different from the expected baseline. Main reason: explained_by_rain.
15286003,7132,Princes Highway,Princes Highway,Rockdale,Rockdale,2024-11-25,12,504.0,906.5,-402.5,-44.4015444015444,decrease,2,1,major_anomaly,unexplained_beyond_crash,Station: Princes Highway. Road: Princes Highway. Suburb: Rockdale. Date: 2024-11-25. Hour: 12. Traffic volume: 504.0. Expected volume: 906.5. Traffic change: -44.4%. Rain: 0.0 mm. Weather: no_rain. Crash count: 1. Event count within 3km: 0. Public holiday: 0. School holiday: 0.,"Classify the anomaly level for this traffic station context. Choose one: normal, minor_anomaly, major_anomaly.",major_anomaly,Observed traffic is -44.4% different from the expected baseline. Main reason: unexplained_beyond_crash.
15286003,7132,Princes Highway,Princes Highway,Rockdale,Rockdale,2024-11-23,7,28.0,433.0,-405.0,-93.53348729792148,decrease,2,1,major_anomaly,unexplained_beyond_crash,Station: Princes Highway. Road: Princes Highway. Suburb: Rockdale. Date: 2024-11-23. Hour: 7. Traffic volume: 28.0. Expected volume: 433.0. Traffic change: -93.5%. Rain: 0.0 mm. Weather: no_rain. Crash count: 1. Event count within 3km: 0. Public holiday: 0. School holiday: 0.,"Classify the anomaly level for this traffic station context. Choose one: normal, minor_anomaly, major_anomaly.",major_anomaly,Observed traffic is -93.5% different from the expected baseline. Main reason: unexplained_beyond_crash.
15286003,7132,Princes Highway,Princes Highway,Rockdale,Rockdale,2024-08-03,7,722.0,433.0,289.0,66.74364896073904,increase,2,1,major_anomaly,unexplained_beyond_crash,Station: Princes Highway. Road: Princes Highway. Suburb: Rockdale. Date: 2024-08-03. Hour: 7. Traffic volume: 722.0. Expected volume: 433.0. Traffic change: 66.7%. Rain: 0.0 mm. Weather: no_rain+very_humid+overcast. Crash count: 1. Event count within 3km: 0. Public holiday: 0. School holiday: 0.,"Classify the anomaly level for this traffic station context. Choose one: normal, minor_anomaly, major_anomaly.",major_anomaly,Observed traffic is 66.7% different from the expected baseline. Main reason: unexplained_beyond_crash.
15286003,7132,Princes Highway,Princes Highway,Rockdale,Rockdale,2023-03-05,1,185.0,142.5,42.5,29.82456140350877,increase,2,1,minor_anomaly,unexplained_beyond_crash,Station: Princes Highway. Road: Princes Highway. Suburb: Rockdale. Date: 2023-03-05. Hour: 1. Traffic volume: 185.0. Expected volume: 142.5. Traffic change: 29.8%. Rain: 0.0 mm. Weather: no_rain+very_humid. Crash count: 1. Event count within 3km: 0. Public holiday: 0. School holiday: 0.,"Classify the anomaly level for this traffic station context. Choose one: normal, minor_anomaly, major_anomaly.",minor_anomaly,Observed traffic is 29.8% different from the expected baseline. Main reason: unexplained_beyond_crash.
15286003,7132,Princes Highway,Princes Highway,Rockdale,Rockdale,2023-11-14,5,1151.0,938.0,213.0,22.707889125799575,increase,2,1,minor_anomaly,unexplained_beyond_crash,Station: Princes Highway. Road: Princes Highway. Suburb: Rockdale. Date: 2023-11-14. Hour: 5. Traffic volume: 1151.0. Expected volume: 938.0. Traffic change: 22.7%. Rain: 0.0 mm. Weather: no_rain+very_humid+overcast. Crash count: 2. Event count within 3km: 0. Public holiday: 0. School holiday: 0.,"Classify the anomaly level for this traffic station context. Choose one: normal, minor_anomaly, major_anomaly.",minor_anomaly,Observed traffic is 22.7% different from the expected baseline. Main reason: unexplained_beyond_crash.
15286003,7132,Princes Highway,Princes Highway,Rockdale,Rockdale,2023-09-09,14,628.0,1017.0,-389.0,-38.249754178957716,decrease,1,1,minor_anomaly,unexplained_beyond_crash,Station: Princes Highway. Road: Princes Highway. Suburb: Rockdale. Date: 2023-09-09. Hour: 14. Traffic volume: 628.0. Expected volume: 1017.0. Traffic change: -38.2%. Rain: 0.0 mm. Weather: no_rain. Crash count: 2. Event count within 3km: 0. Public holiday: 0. School holiday: 0.,"Classify the anomaly level for this traffic station context. Choose one: normal, minor_anomaly, major_anomaly.",minor_anomaly,Observed traffic is -38.2% different from the expected baseline. Main reason: unexplained_beyond_crash.
15286003,7132,Princes Highway,Princes Highway,Rockdale,Rockdale,2023-05-25,17,905.0,927.0,-22.0,-2.373247033441208,no_change,1,1,normal,explained_by_crash,Station: Princes Highway. Road: Princes Highway. Suburb: Rockdale. Date: 2023-05-25. Hour: 17. Traffic volume: 905.0. Expected volume: 927.0. Traffic change: -2.4%. Rain: 0.0 mm. Weather: no_rain+overcast. Crash count: 1. Event count within 3km: 0. Public holiday: 0. School holiday: 0.,"Classify the anomaly level for this traffic station context. Choose one: normal, minor_anomaly, major_anomaly.",normal,Observed traffic is -2.4% different from the expected baseline. Main reason: explained_by_crash.
15286003,7132,Princes Highway,Princes Highway,Rockdale,Rockdale,2022-08-17,5,1073.0,938.0,135.0,14.39232409381663,no_change,3,1,normal,explained_by_crash,Station: Princes Highway. Road: Princes Highway. Suburb: Rockdale. Date: 2022-08-17. Hour: 5. Traffic volume: 1073.0. Expected volume: 938.0. Traffic change: 14.4%. Rain: 0.0 mm. Weather: no_rain+very_humid. Crash count: 1. Event count within 3km: 0. Public holiday: 0. School holiday: 0.,"Classify the anomaly level for this traffic station context. Choose one: normal, minor_anomaly, major_anomaly.",normal,Observed traffic is 14.4% different from the expected baseline. Main reason: explained_by_crash.
15286003,7132,Princes Highway,Princes Highway,Rockdale,Rockdale,2024-10-20,16,1187.0,1019.0,168.0,16.48675171736997,no_change,3,2,normal,explained_by_crash_strong_wind,Station: Princes Highway. Road: Princes Highway. Suburb: Rockdale. Date: 2024-10-20. Hour: 16. Traffic volume: 1187.0. Expected volume: 1019.0. Traffic change: 16.5%. Rain: 0.0 mm. Weather: no_rain+strong_wind. Crash count: 2. Event count within 3km: 0. Public holiday: 0. School holiday: 0.,"Classify the anomaly level for this traffic station context. Choose one: normal, minor_anomaly, major_anomaly.",normal,Observed traffic is 16.5% different from the expected baseline. Main reason: explained_by_crash_strong_wind.
15286006,7149,Newbridge Road,Newbridge Road,Milperra,Bankstown,2023-01-26,13,651.0,2521.0,-1870.0,-74.1769139230464,decrease,2,1,major_anomaly,unexplained_beyond_crash,Station: Newbridge Road. Road: Newbridge Road. Suburb: Milperra. Date: 2023-01-26. Hour: 13. Traffic volume: 651.0. Expected volume: 2521.0. Traffic change: -74.2%. Rain: 0.0 mm. Weather: no_rain+hot. Crash count: 1. Event count within 3km: 0. Public holiday: 0. School holiday: 0.,"Classify the anomaly level for this traffic station context. Choose one: normal, minor_anomaly, major_anomaly.",major_anomaly,Observed traffic is -74.2% different from the expected baseline. Main reason: unexplained_beyond_crash.
15286006,7149,Newbridge Road,Newbridge Road,Milperra,Bankstown,2022-01-21,23,317.0,673.0,-356.0,-52.897473997028236,decrease,1,1,major_anomaly,unexplained_beyond_rain,Station: Newbridge Road. Road: Newbridge Road. Suburb: Milperra. Date: 2022-01-21. Hour: 23. Traffic volume: 317.0. Expected volume: 673.0. Traffic change: -52.9%. Rain: 0.1 mm. Weather: no_rain+very_humid+overcast. Crash count: 0. Event count within 3km: 0. Public holiday: 0. School holiday: 0.,"Classify the anomaly level for this traffic station context. Choose one: normal, minor_anomaly, major_anomaly.",major_anomaly,Observed traffic is -52.9% different from the expected baseline. Main reason: unexplained_beyond_rain.
15286006,7149,Newbridge Road,Newbridge Road,Milperra,Bankstown,2022-06-13,1,183.0,268.0,-85.0,-31.716417910447763,decrease,0,0,major_anomaly,unexplained_no_context,Station: Newbridge Road. Road: Newbridge Road. Suburb: Milperra. Date: 2022-06-13. Hour: 1. Traffic volume: 183.0. Expected volume: 268.0. Traffic change: -31.7%. Rain: 0.0 mm. Weather: no_rain. Crash count: 0. Event count within 3km: 0. Public holiday: 0. School holiday: 0.,"Classify the anomaly level for this traffic station context. Choose one: normal, minor_anomaly, major_anomaly.",major_anomaly,Observed traffic is -31.7% different from the expected baseline. Main reason: unexplained_no_context.
15286006,7149,Newbridge Road,Newbridge Road,Milperra,Bankstown,2022-06-15,0,288.0,408.0,-120.0,-29.411764705882355,decrease,0,0,minor_anomaly,unexplained_no_context,Station: Newbridge Road. Road: Newbridge Road. Suburb: Milperra. Date: 2022-06-15. Hour: 0. Traffic volume: 288.0. Expected volume: 408.0. Traffic change: -29.4%. Rain: 0.0 mm. Weather: no_rain+very_humid. Crash count: 0. Event count within 3km: 0. Public holiday: 0. School holiday: 0.,"Classify the anomaly level for this traffic station context. Choose one: normal, minor_anomaly, major_anomaly.",minor_anomaly,Observed traffic is -29.4% different from the expected baseline. Main reason: unexplained_no_context.
15286006,7149,Newbridge Road,Newbridge Road,Milperra,Bankstown,2022-12-15,0,486.0,408.0,78.0,19.11764705882353,no_change,0,0,minor_anomaly,unexplained_no_context,Station: Newbridge Road. Road: Newbridge Road. Suburb: Milperra. Date: 2022-12-15. Hour: 0. Traffic volume: 486.0. Expected volume: 408.0. Traffic change: 19.1%. Rain: 0.0 mm. Weather: no_rain. Crash count: 0. Event count within 3km: 0. Public holiday: 0. School holiday: 0.,"Classify the anomaly level for this traffic station context. Choose one: normal, minor_anomaly, major_anomaly.",minor_anomaly,Observed traffic is 19.1% different from the expected baseline. Main reason: unexplained_no_context.
15286006,7149,Newbridge Road,Newbridge Road,Milperra,Bankstown,2022-12-22,3,411.0,352.0,59.0,16.761363636363637,no_change,0,0,minor_anomaly,unexplained_no_context,Station: Newbridge Road. Road: Newbridge Road. Suburb: Milperra. Date: 2022-12-22. Hour: 3. Traffic volume: 411.0. Expected volume: 352.0. Traffic change: 16.8%. Rain: 0.0 mm. Weather: no_rain+very_humid+overcast. Crash count: 0. Event count within 3km: 0. Public holiday: 0. School holiday: 0.,"Classify the anomaly level for this traffic station context. Choose one: normal, minor_anomaly, major_anomaly.",minor_anomaly,Observed traffic is 16.8% different from the expected baseline. Main reason: unexplained_no_context.
15286006,7149,Newbridge Road,Newbridge Road,Milperra,Bankstown,2022-05-13,19,2014.0,1728.0,286.0,16.550925925925927,no_change,2,1,normal,explained_by_crash,Station: Newbridge Road. Road: Newbridge Road. Suburb: Milperra. Date: 2022-05-13. Hour: 19. Traffic volume: 2014.0. Expected volume: 1728.0. Traffic change: 16.6%. Rain: 0.0 mm. Weather: no_rain+very_humid. Crash count: 1. Event count within 3km: 0. Public holiday: 0. School holiday: 0.,"Classify the anomaly level for this traffic station context. Choose one: normal, minor_anomaly, major_anomaly.",normal,Observed traffic is 16.6% different from the expected baseline. Main reason: explained_by_crash.
15286006,7149,Newbridge Road,Newbridge Road,Milperra,Bankstown,2022-04-23,21,1594.0,1340.0,254.0,18.955223880597014,no_change,2,1,normal,explained_by_crash,Station: Newbridge Road. Road: Newbridge Road. Suburb: Milperra. Date: 2022-04-23. Hour: 21. Traffic volume: 1594.0. Expected volume: 1340.0. Traffic change: 19.0%. Rain: 0.0 mm. Weather: no_rain+very_humid. Crash count: 1. Event count within 3km: 0. Public holiday: 0. School holiday: 0.,"Classify the anomaly level for this traffic station context. Choose one: normal, minor_anomaly, major_anomaly.",normal,Observed traffic is 19.0% different from the expected baseline. Main reason: explained_by_crash.
15286006,7149,Newbridge Road,Newbridge Road,Milperra,Bankstown,2022-05-07,19,1849.0,1643.0,206.0,12.538040170419965,no_change,0,0,normal,no_deviation,Station: Newbridge Road. Road: Newbridge Road. Suburb: Milperra. Date: 2022-05-07. Hour: 19. Traffic volume: 1849.0. Expected volume: 1643.0. Traffic change: 12.5%. Rain: 0.0 mm. Weather: no_rain. Crash count: 0. Event count within 3km: 0. Public holiday: 0. School holiday: 0.,"Classify the anomaly level for this traffic station context. Choose one: normal, minor_anomaly, major_anomaly.",normal,Observed traffic is 12.5% different from the expected baseline. Main reason: no_deviation.
15286007,7150,Showground Road,Showground Road,Castle Hill,The Hills,2023-05-18,21,1060.0,624.0,436.0,69.87179487179486,increase,0,0,major_anomaly,unexplained_no_context,Station: Showground Road. Road: Showground Road. Suburb: Castle Hill. Date: 2023-05-18. Hour: 21. Traffic volume: 1060.0. Expected volume: 624.0. Traffic change: 69.9%. Rain: 0.0 mm. Weather: no_rain+very_humid. Crash count: 0. Event count within 3km: 0. Public holiday: 0. School holiday: 0.,"Classify the anomaly level for this traffic station context. Choose one: normal, minor_anomaly, major_anomaly.",major_anomaly,Observed traffic is 69.9% different from the expected baseline. Main reason: unexplained_no_context.
15286007,7150,Showground Road,Showground Road,Castle Hill,The Hills,2022-12-20,18,389.0,1323.0,-934.0,-70.59712773998487,decrease,0,0,major_anomaly,unexplained_no_context,Station: Showground Road. Road: Showground Road. Suburb: Castle Hill. Date: 2022-12-20. Hour: 18. Traffic volume: 389.0. Expected volume: 1323.0. Traffic change: -70.6%. Rain: 0.0 mm. Weather: no_rain. Crash count: 0. Event count within 3km: 0. Public holiday: 0. School holiday: 0.,"Classify the anomaly level for this traffic station context. Choose one: normal, minor_anomaly, major_anomaly.",major_anomaly,Observed traffic is -70.6% different from the expected baseline. Main reason: unexplained_no_context.
15286007,7150,Showground Road,Showground Road,Castle Hill,The Hills,2024-03-30,1,88.0,131.0,-43.0,-32.82442748091603,decrease,0,0,major_anomaly,unexplained_no_context,Station: Showground Road. Road: Showground Road. Suburb: Castle Hill. Date: 2024-03-30. Hour: 1. Traffic volume: 88.0. Expected volume: 131.0. Traffic change: -32.8%. Rain: 0.0 mm. Weather: no_rain+very_humid. Crash count: 0. Event count within 3km: 0. Public holiday: 0. School holiday: 0.,"Classify the anomaly level for this traffic station context. Choose one: normal, minor_anomaly, major_anomaly.",major_anomaly,Observed traffic is -32.8% different from the expected baseline. Main reason: unexplained_no_context.
15286007,7150,Showground Road,Showground Road,Castle Hill,The Hills,2023-04-28,15,959.0,1460.0,-501.0,-34.31506849315068,decrease,2,1,minor_anomaly,unexplained_beyond_crash,Station: Showground Road. Road: Showground Road. Suburb: Castle Hill. Date: 2023-04-28. Hour: 15. Traffic volume: 959.0. Expected volume: 1460.0. Traffic change: -34.3%. Rain: 0.0 mm. Weather: no_rain+overcast. Crash count: 1. Event count within 3km: 0. Public holiday: 0. School holiday: 0.,"Classify the anomaly level for this traffic station context. Choose one: normal, minor_anomaly, major_anomaly.",minor_anomaly,Observed traffic is -34.3% different from the expected baseline. Main reason: unexplained_beyond_crash.
15286007,7150,Showground Road,Showground Road,Castle Hill,The Hills,2024-06-11,1,35.0,46.0,-11.0,-23.91304347826087,decrease,0,0,minor_anomaly,unexplained_no_context,Station: Showground Road. Road: Showground Road. Suburb: Castle Hill. Date: 2024-06-11. Hour: 1. Traffic volume: 35.0. Expected volume: 46.0. Traffic change: -23.9%. Rain: 0.0 mm. Weather: no_rain+very_humid+overcast. Crash count: 0. Event count within 3km: 0. Public holiday: 0. School holiday: 0.,"Classify the anomaly level for this traffic station context. Choose one: normal, minor_anomaly, major_anomaly.",minor_anomaly,Observed traffic is -23.9% different from the expected baseline. Main reason: unexplained_no_context.
15286007,7150,Showground Road,Showground Road,Castle Hill,The Hills,2023-05-26,4,66.0,57.0,9.0,15.789473684210526,no_change,0,0,minor_anomaly,unexplained_no_context,Station: Showground Road. Road: Showground Road. Suburb: Castle Hill. Date: 2023-05-26. Hour: 4. Traffic volume: 66.0. Expected volume: 57.0. Traffic change: 15.8%. Rain: 0.0 mm. Weather: no_rain. Crash count: 0. Event count within 3km: 0. Public holiday: 0. School holiday: 0.,"Classify the anomaly level for this traffic station context. Choose one: normal, minor_anomaly, major_anomaly.",minor_anomaly,Observed traffic is 15.8% different from the expected baseline. Main reason: unexplained_no_context.
15286007,7150,Showground Road,Showground Road,Castle Hill,The Hills,2023-11-28,16,1570.0,1478.0,92.0,6.2246278755074425,no_change,4,2,normal,explained_by_rain_crash,Station: Showground Road. Road: Showground Road. Suburb: Castle Hill. Date: 2023-11-28. Hour: 16. Traffic volume: 1570.0. Expected volume: 1478.0. Traffic change: 6.2%. Rain: 4.2 mm. Weather: moderate_rain+very_humid+overcast. Crash count: 2. Event count within 3km: 0. Public holiday: 0. School holiday: 0.,"Classify the anomaly level for this traffic station context. Choose one: normal, minor_anomaly, major_anomaly.",normal,Observed traffic is 6.2% different from the expected baseline. Main reason: explained_by_rain_crash.
15286007,7150,Showground Road,Showground Road,Castle Hill,The Hills,2022-08-25,1,41.0,46.0,-5.0,-10.869565217391305,no_change,1,1,normal,explained_by_crash,Station: Showground Road. Road: Showground Road. Suburb: Castle Hill. Date: 2022-08-25. Hour: 1. Traffic volume: 41.0. Expected volume: 46.0. Traffic change: -10.9%. Rain: 0.0 mm. Weather: no_rain. Crash count: 1. Event count within 3km: 0. Public holiday: 0. School holiday: 0.,"Classify the anomaly level for this traffic station context. Choose one: normal, minor_anomaly, major_anomaly.",normal,Observed traffic is -10.9% different from the expected baseline. Main reason: explained_by_crash.
15286007,7150,Showground Road,Showground Road,Castle Hill,The Hills,2023-10-31,16,1558.0,1478.0,80.0,5.412719891745602,no_change,0,0,normal,no_deviation,Station: Showground Road. Road: Showground Road. Suburb: Castle Hill. Date: 2023-10-31. Hour: 16. Traffic volume: 1558.0. Expected volume: 1478.0. Traffic change: 5.4%. Rain: 0.0 mm. Weather: no_rain. Crash count: 0. Event count within 3km: 0. Public holiday: 0. School holiday: 0.,"Classify the anomaly level for this traffic station context. Choose one: normal, minor_anomaly, major_anomaly.",normal,Observed traffic is 5.4% different from the expected baseline. Main reason: no_deviation.
15286008,7153,Olympic Drive,Olympic Drive,Lidcombe,Auburn,2023-12-08,22,606.0,383.0,223.0,58.22454308093995,increase,1,1,major_anomaly,unexplained_beyond_crash,Station: Olympic Drive. Road: Olympic Drive. Suburb: Lidcombe. Date: 2023-12-08. Hour: 22. Traffic volume: 606.0. Expected volume: 383.0. Traffic change: 58.2%. Rain: 0.0 mm. Weather: no_rain+overcast. Crash count: 1. Event count within 3km: 0. Public holiday: 0. School holiday: 0.,"Classify the anomaly level for this traffic station context. Choose one: normal, minor_anomaly, major_anomaly.",major_anomaly,Observed traffic is 58.2% different from the expected baseline. Main reason: unexplained_beyond_crash.
15286008,7153,Olympic Drive,Olympic Drive,Lidcombe,Auburn,2023-12-26,23,141.0,225.0,-84.0,-37.333333333333336,decrease,0,0,major_anomaly,unexplained_no_context,Station: Olympic Drive. Road: Olympic Drive. Suburb: Lidcombe. Date: 2023-12-26. Hour: 23. Traffic volume: 141.0. Expected volume: 225.0. Traffic change: -37.3%. Rain: 0.0 mm. Weather: no_rain+very_humid. Crash count: 0. Event count within 3km: 0. Public holiday: 0. School holiday: 0.,"Classify the anomaly level for this traffic station context. Choose one: normal, minor_anomaly, major_anomaly.",major_anomaly,Observed traffic is -37.3% different from the expected baseline. Main reason: unexplained_no_context.
15286008,7153,Olympic Drive,Olympic Drive,Lidcombe,Auburn,2022-03-06,7,253.0,439.0,-186.0,-42.369020501138955,decrease,1,1,major_anomaly,unexplained_beyond_rain,Station: Olympic Drive. Road: Olympic Drive. Suburb: Lidcombe. Date: 2022-03-06. Hour: 7. Traffic volume: 253.0. Expected volume: 439.0. Traffic change: -42.4%. Rain: 0.8 mm. Weather: light_rain+very_humid+overcast. Crash count: 0. Event count within 3km: 0. Public holiday: 0. School holiday: 0.,"Classify the anomaly level for this traffic station context. Choose one: normal, minor_anomaly, major_anomaly.",major_anomaly,Observed traffic is -42.4% different from the expected baseline. Main reason: unexplained_beyond_rain.
15286008,7153,Olympic Drive,Olympic Drive,Lidcombe,Auburn,2024-08-01,1,84.0,100.0,-16.0,-16.0,no_change,0,0,minor_anomaly,unexplained_no_context,Station: Olympic Drive. Road: Olympic Drive. Suburb: Lidcombe. Date: 2024-08-01. Hour: 1. Traffic volume: 84.0. Expected volume: 100.0. Traffic change: -16.0%. Rain: 0.0 mm. Weather: no_rain. Crash count: 0. Event count within 3km: 0. Public holiday: 0. School holiday: 0.,"Classify the anomaly level for this traffic station context. Choose one: normal, minor_anomaly, major_anomaly.",minor_anomaly,Observed traffic is -16.0% different from the expected baseline. Main reason: unexplained_no_context.
15286008,7153,Olympic Drive,Olympic Drive,Lidcombe,Auburn,2022-03-31,14,801.0,1188.0,-387.0,-32.57575757575758,decrease,4,3,minor_anomaly,unexplained_beyond_rain_crash_strong_wind,Station: Olympic Drive. Road: Olympic Drive. Suburb: Lidcombe. Date: 2022-03-31. Hour: 14. Traffic volume: 801.0. Expected volume: 1188.0. Traffic change: -32.6%. Rain: 2.1 mm. Weather: light_rain+strong_wind. Crash count: 3. Event count within 3km: 0. Public holiday: 0. School holiday: 0.,"Classify the anomaly level for this traffic station context. Choose one: normal, minor_anomaly, major_anomaly.",minor_anomaly,Observed traffic is -32.6% different from the expected baseline. Main reason: unexplained_beyond_rain_crash_strong_wind.
15286008,7153,Olympic Drive,Olympic Drive,Lidcombe,Auburn,2024-11-06,18,1432.0,1104.5,327.5,29.65142598460842,increase,2,1,minor_anomaly,unexplained_beyond_crash,Station: Olympic Drive. Road: Olympic Drive. Suburb: Lidcombe. Date: 2024-11-06. Hour: 18. Traffic volume: 1432.0. Expected volume: 1104.5. Traffic change: 29.7%. Rain: 0.0 mm. Weather: no_rain. Crash count: 1. Event count within 3km: 0. Public holiday: 0. School holiday: 0.,"Classify the anomaly level for this traffic station context. Choose one: normal, minor_anomaly, major_anomaly.",minor_anomaly,Observed traffic is 29.7% different from the expected baseline. Main reason: unexplained_beyond_crash.
15286008,7153,Olympic Drive,Olympic Drive,Lidcombe,Auburn,2024-09-16,5,1085.0,1033.0,52.0,5.033881897386254,no_change,2,1,normal,explained_by_crash,Station: Olympic Drive. Road: Olympic Drive. Suburb: Lidcombe. Date: 2024-09-16. Hour: 5. Traffic volume: 1085.0. Expected volume: 1033.0. Traffic change: 5.0%. Rain: 0.0 mm. Weather: no_rain. Crash count: 1. Event count within 3km: 0. Public holiday: 0. School holiday: 0.,"Classify the anomaly level for this traffic station context. Choose one: normal, minor_anomaly, major_anomaly.",normal,Observed traffic is 5.0% different from the expected baseline. Main reason: explained_by_crash.
15286008,7153,Olympic Drive,Olympic Drive,Lidcombe,Auburn,2022-05-20,16,1295.0,1267.0,28.0,2.209944751381215,no_change,2,1,normal,explained_by_crash,Station: Olympic Drive. Road: Olympic Drive. Suburb: Lidcombe. Date: 2022-05-20. Hour: 16. Traffic volume: 1295.0. Expected volume: 1267.0. Traffic change: 2.2%. Rain: 0.0 mm. Weather: no_rain+very_humid+overcast. Crash count: 8. Event count within 3km: 0. Public holiday: 0. School holiday: 0.,"Classify the anomaly level for this traffic station context. Choose one: normal, minor_anomaly, major_anomaly.",normal,Observed traffic is 2.2% different from the expected baseline. Main reason: explained_by_crash.
15286008,7153,Olympic Drive,Olympic Drive,Lidcombe,Auburn,2022-05-20,15,1305.0,1224.0,81.0,6.61764705882353,no_change,2,1,normal,explained_by_crash,Station: Olympic Drive. Road: Olympic Drive. Suburb: Lidcombe. Date: 2022-05-20. Hour: 15. Traffic volume: 1305.0. Expected volume: 1224.0. Traffic change: 6.6%. Rain: 0.0 mm. Weather: no_rain+very_humid+overcast. Crash count: 2. Event count within 3km: 0. Public holiday: 0. School holiday: 0.,"Classify the anomaly level for this traffic station context. Choose one: normal, minor_anomaly, major_anomaly.",normal,Observed traffic is 6.6% different from the expected baseline. Main reason: explained_by_crash.
15286009,7159,Cambridge Street,Cambridge Street,Canley Heights,Fairfield,2024-10-15,21,44.0,630.0,-586.0,-93.01587301587301,decrease,1,1,major_anomaly,unexplained_beyond_crash,Station: Cambridge Street. Road: Cambridge Street. Suburb: Canley Heights. Date: 2024-10-15. Hour: 21. Traffic volume: 44.0. Expected volume: 630.0. Traffic change: -93.0%. Rain: 0.0 mm. Weather: no_rain+overcast. Crash count: 1. Event count within 3km: 0. Public holiday: 0. School holiday: 0.,"Classify the anomaly level for this traffic station context. Choose one: normal, minor_anomaly, major_anomaly.",major_anomaly,Observed traffic is -93.0% different from the expected baseline. Main reason: unexplained_beyond_crash.
15286009,7159,Cambridge Street,Cambridge Street,Canley Heights,Fairfield,2024-12-26,17,400.0,1209.0,-809.0,-66.91480562448304,decrease,2,1,major_anomaly,unexplained_beyond_crash,Station: Cambridge Street. Road: Cambridge Street. Suburb: Canley Heights. Date: 2024-12-26. Hour: 17. Traffic volume: 400.0. Expected volume: 1209.0. Traffic change: -66.9%. Rain: 0.0 mm. Weather: no_rain. Crash count: 3. Event count within 3km: 0. Public holiday: 0. School holiday: 0.,"Classify the anomaly level for this traffic station context. Choose one: normal, minor_anomaly, major_anomaly.",major_anomaly,Observed traffic is -66.9% different from the expected baseline. Main reason: unexplained_beyond_crash.
15286009,7159,Cambridge Street,Cambridge Street,Canley Heights,Fairfield,2022-03-18,23,543.0,326.0,217.0,66.56441717791411,increase,2,1,major_anomaly,unexplained_beyond_crash,Station: Cambridge Street. Road: Cambridge Street. Suburb: Canley Heights. Date: 2022-03-18. Hour: 23. Traffic volume: 543.0. Expected volume: 326.0. Traffic change: 66.6%. Rain: 0.0 mm. Weather: no_rain+very_humid. Crash count: 2. Event count within 3km: 0. Public holiday: 0. School holiday: 0.,"Classify the anomaly level for this traffic station context. Choose one: normal, minor_anomaly, major_anomaly.",major_anomaly,Observed traffic is 66.6% different from the expected baseline. Main reason: unexplained_beyond_crash.
15286009,7159,Cambridge Street,Cambridge Street,Canley Heights,Fairfield,2022-05-30,23,224.0,326.0,-102.0,-31.28834355828221,decrease,2,1,minor_anomaly,unexplained_beyond_crash,Station: Cambridge Street. Road: Cambridge Street. Suburb: Canley Heights. Date: 2022-05-30. Hour: 23. Traffic volume: 224.0. Expected volume: 326.0. Traffic change: -31.3%. Rain: 0.0 mm. Weather: no_rain+overcast. Crash count: 2. Event count within 3km: 0. Public holiday: 0. School holiday: 0.,"Classify the anomaly level for this traffic station context. Choose one: normal, minor_anomaly, major_anomaly.",minor_anomaly,Observed traffic is -31.3% different from the expected baseline. Main reason: unexplained_beyond_crash.
15286009,7159,Cambridge Street,Cambridge Street,Canley Heights,Fairfield,2024-04-28,4,92.0,130.0,-38.0,-29.230769230769234,decrease,0,0,minor_anomaly,unexplained_no_context,Station: Cambridge Street. Road: Cambridge Street. Suburb: Canley Heights. Date: 2024-04-28. Hour: 4. Traffic volume: 92.0. Expected volume: 130.0. Traffic change: -29.2%. Rain: 0.0 mm. Weather: no_rain+very_humid. Crash count: 0. Event count within 3km: 0. Public holiday: 0. School holiday: 0.,"Classify the anomaly level for this traffic station context. Choose one: normal, minor_anomaly, major_anomaly.",minor_anomaly,Observed traffic is -29.2% different from the expected baseline. Main reason: unexplained_no_context.
15286009,7159,Cambridge Street,Cambridge Street,Canley Heights,Fairfield,2024-03-22,21,823.0,630.0,193.0,30.634920634920636,increase,2,1,minor_anomaly,unexplained_beyond_crash,Station: Cambridge Street. Road: Cambridge Street. Suburb: Canley Heights. Date: 2024-03-22. Hour: 21. Traffic volume: 823.0. Expected volume: 630.0. Traffic change: 30.6%. Rain: 0.0 mm. Weather: no_rain+very_humid. Crash count: 3. Event count within 3km: 0. Public holiday: 0. School holiday: 0.,"Classify the anomaly level for this traffic station context. Choose one: normal, minor_anomaly, major_anomaly.",minor_anomaly,Observed traffic is 30.6% different from the expected baseline. Main reason: unexplained_beyond_crash.
15286009,7159,Cambridge Street,Cambridge Street,Canley Heights,Fairfield,2023-09-30,17,925.0,993.0,-68.0,-6.847935548841893,no_change,2,1,normal,explained_by_crash,Station: Cambridge Street. Road: Cambridge Street. Suburb: Canley Heights. Date: 2023-09-30. Hour: 17. Traffic volume: 925.0. Expected volume: 993.0. Traffic change: -6.8%. Rain: 0.0 mm. Weather: no_rain. Crash count: 2. Event count within 3km: 0. Public holiday: 0. School holiday: 0.,"Classify the anomaly level for this traffic station context. Choose one: normal, minor_anomaly, major_anomaly.",normal,Observed traffic is -6.8% different from the expected baseline. Main reason: explained_by_crash.
15286009,7159,Cambridge Street,Cambridge Street,Canley Heights,Fairfield,2023-05-09,1,103.0,122.0,-19.0,-15.573770491803279,no_change,2,1,normal,explained_by_crash,Station: Cambridge Street. Road: Cambridge Street. Suburb: Canley Heights. Date: 2023-05-09. Hour: 1. Traffic volume: 103.0. Expected volume: 122.0. Traffic change: -15.6%. Rain: 0.0 mm. Weather: no_rain. Crash count: 1. Event count within 3km: 0. Public holiday: 0. School holiday: 0.,"Classify the anomaly level for this traffic station context. Choose one: normal, minor_anomaly, major_anomaly.",normal,Observed traffic is -15.6% different from the expected baseline. Main reason: explained_by_crash.
15286009,7159,Cambridge Street,Cambridge Street,Canley Heights,Fairfield,2023-05-18,20,730.0,682.0,48.0,7.038123167155426,no_change,2,1,normal,explained_by_crash,Station: Cambridge Street. Road: Cambridge Street. Suburb: Canley Heights. Date: 2023-05-18. Hour: 20. Traffic volume: 730.0. Expected volume: 682.0. Traffic change: 7.0%. Rain: 0.0 mm. Weather: no_rain+very_humid. Crash count: 4. Event count within 3km: 0. Public holiday: 0. School holiday: 0.,"Classify the anomaly level for this traffic station context. Choose one: normal, minor_anomaly, major_anomaly.",normal,Observed traffic is 7.0% different from the expected baseline. Main reason: explained_by_crash.
15286010,7161,Pennant Hills Road,Pennant Hills Road,Pennant Hills,Hornsby,2023-09-15,23,349.0,236.0,113.0,47.88135593220339,increase,0,0,major_anomaly,unexplained_no_context,Station: Pennant Hills Road. Road: Pennant Hills Road. Suburb: Pennant Hills. Date: 2023-09-15. Hour: 23. Traffic volume: 349.0. Expected volume: 236.0. Traffic change: 47.9%. Rain: 0.0 mm. Weather: no_rain. Crash count: 0. Event count within 3km: 0. Public holiday: 0. School holiday: 0.,"Classify the anomaly level for this traffic station context. Choose one: normal, minor_anomaly, major_anomaly.",major_anomaly,Observed traffic is 47.9% different from the expected baseline. Main reason: unexplained_no_context.
15286010,7161,Pennant Hills Road,Pennant Hills Road,Pennant Hills,Hornsby,2024-08-18,23,189.0,330.0,-141.0,-42.72727272727273,decrease,0,0,major_anomaly,unexplained_no_context,Station: Pennant Hills Road. Road: Pennant Hills Road. Suburb: Pennant Hills. Date: 2024-08-18. Hour: 23. Traffic volume: 189.0. Expected volume: 330.0. Traffic change: -42.7%. Rain: 0.0 mm. Weather: no_rain+very_humid+overcast. Crash count: 0. Event count within 3km: 0. Public holiday: 0. School holiday: 0.,"Classify the anomaly level for this traffic station context. Choose one: normal, minor_anomaly, major_anomaly.",major_anomaly,Observed traffic is -42.7% different from the expected baseline. Main reason: unexplained_no_context.
15286010,7161,Pennant Hills Road,Pennant Hills Road,Pennant Hills,Hornsby,2023-05-03,22,614.0,422.0,192.0,45.497630331753555,increase,0,0,major_anomaly,unexplained_no_context,Station: Pennant Hills Road. Road: Pennant Hills Road. Suburb: Pennant Hills. Date: 2023-05-03. Hour: 22. Traffic volume: 614.0. Expected volume: 422.0. Traffic change: 45.5%. Rain: 0.0 mm. Weather: no_rain. Crash count: 0. Event count within 3km: 0. Public holiday: 0. School holiday: 0.,"Classify the anomaly level for this traffic station context. Choose one: normal, minor_anomaly, major_anomaly.",major_anomaly,Observed traffic is 45.5% different from the expected baseline. Main reason: unexplained_no_context.
15286010,7161,Pennant Hills Road,Pennant Hills Road,Pennant Hills,Hornsby,2023-05-10,4,250.0,203.0,47.0,23.15270935960591,increase,2,1,minor_anomaly,unexplained_beyond_crash,Station: Pennant Hills Road. Road: Pennant Hills Road. Suburb: Pennant Hills. Date: 2023-05-10. Hour: 4. Traffic volume: 250.0. Expected volume: 203.0. Traffic change: 23.2%. Rain: 0.0 mm. Weather: no_rain+very_humid. Crash count: 2. Event count within 3km: 0. Public holiday: 0. School holiday: 0.,"Classify the anomaly level for this traffic station context. Choose one: normal, minor_anomaly, major_anomaly.",minor_anomaly,Observed traffic is 23.2% different from the expected baseline. Main reason: unexplained_beyond_crash.
15286010,7161,Pennant Hills Road,Pennant Hills Road,Pennant Hills,Hornsby,2022-06-05,20,545.0,645.0,-100.0,-15.503875968992247,no_change,0,0,minor_anomaly,unexplained_no_context,Station: Pennant Hills Road. Road: Pennant Hills Road. Suburb: Pennant Hills. Date: 2022-06-05. Hour: 20. Traffic volume: 545.0. Expected volume: 645.0. Traffic change: -15.5%. Rain: 0.0 mm. Weather: no_rain. Crash count: 0. Event count within 3km: 0. Public holiday: 0. School holiday: 0.,"Classify the anomaly level for this traffic station context. Choose one: normal, minor_anomaly, major_anomaly.",minor_anomaly,Observed traffic is -15.5% different from the expected baseline. Main reason: unexplained_no_context.
15286010,7161,Pennant Hills Road,Pennant Hills Road,Pennant Hills,Hornsby,2024-10-04,0,159.0,116.0,43.0,37.06896551724138,increase,1,1,minor_anomaly,unexplained_beyond_crash,Station: Pennant Hills Road. Road: Pennant Hills Road. Suburb: Pennant Hills. Date: 2024-10-04. Hour: 0. Traffic volume: 159.0. Expected volume: 116.0. Traffic change: 37.1%. Rain: 0.0 mm. Weather: no_rain+very_humid. Crash count: 1. Event count within 3km: 0. Public holiday: 0. School holiday: 0.,"Classify the anomaly level for this traffic station context. Choose one: normal, minor_anomaly, major_anomaly.",minor_anomaly,Observed traffic is 37.1% different from the expected baseline. Main reason: unexplained_beyond_crash.
15286010,7161,Pennant Hills Road,Pennant Hills Road,Pennant Hills,Hornsby,2022-05-24,14,1165.0,1235.5,-70.5,-5.706191825171995,no_change,1,1,normal,explained_by_rain,Station: Pennant Hills Road. Road: Pennant Hills Road. Suburb: Pennant Hills. Date: 2022-05-24. Hour: 14. Traffic volume: 1165.0. Expected volume: 1235.5. Traffic change: -5.7%. Rain: 0.3 mm. Weather: light_rain. Crash count: 0. Event count within 3km: 0. Public holiday: 0. School holiday: 0.,"Classify the anomaly level for this traffic station context. Choose one: normal, minor_anomaly, major_anomaly.",normal,Observed traffic is -5.7% different from the expected baseline. Main reason: explained_by_rain.
15286010,7161,Pennant Hills Road,Pennant Hills Road,Pennant Hills,Hornsby,2023-07-19,11,1038.0,1027.0,11.0,1.071080817916261,no_change,0,0,normal,no_deviation,Station: Pennant Hills Road. Road: Pennant Hills Road. Suburb: Pennant Hills. Date: 2023-07-19. Hour: 11. Traffic volume: 1038.0. Expected volume: 1027.0. Traffic change: 1.1%. Rain: 0.0 mm. Weather: no_rain. Crash count: 0. Event count within 3km: 0. Public holiday: 0. School holiday: 0.,"Classify the anomaly level for this traffic station context. Choose one: normal, minor_anomaly, major_anomaly.",normal,Observed traffic is 1.1% different from the expected baseline. Main reason: no_deviation.
15286010,7161,Pennant Hills Road,Pennant Hills Road,Pennant Hills,Hornsby,2024-07-14,18,1158.0,1131.5,26.5,2.342023862129916,no_change,0,0,normal,no_deviation,Station: Pennant Hills Road. Road: Pennant Hills Road. Suburb: Pennant Hills. Date: 2024-07-14. Hour: 18. Traffic volume: 1158.0. Expected volume: 1131.5. Traffic change: 2.3%. Rain: 0.0 mm. Weather: no_rain. Crash count: 0. Event count within 3km: 0. Public holiday: 0. School holiday: 0.,"Classify the anomaly level for this traffic station context. Choose one: normal, minor_anomaly, major_anomaly.",normal,Observed traffic is 2.3% different from the expected baseline. Main reason: no_deviation.
15286011,7162,Kingsway,Kingsway,Woolooware,Sutherland,2024-09-08,22,174.0,418.5,-244.5,-58.422939068100355,decrease,2,1,major_anomaly,unexplained_beyond_crash,Station: Kingsway. Road: Kingsway. Suburb: Woolooware. Date: 2024-09-08. Hour: 22. Traffic volume: 174.0. Expected volume: 418.5. Traffic change: -58.4%. Rain: 0.0 mm. Weather: no_rain+overcast. Crash count: 1. Event count within 3km: 0. Public holiday: 0. School holiday: 0.,"Classify the anomaly level for this traffic station context. Choose one: normal, minor_anomaly, major_anomaly.",major_anomaly,Observed traffic is -58.4% different from the expected baseline. Main reason: unexplained_beyond_crash.
15286011,7162,Kingsway,Kingsway,Woolooware,Sutherland,2022-04-14,23,242.0,110.0,132.0,120.0,increase,0,0,major_anomaly,unexplained_no_context,Station: Kingsway. Road: Kingsway. Suburb: Woolooware. Date: 2022-04-14. Hour: 23. Traffic volume: 242.0. Expected volume: 110.0. Traffic change: 120.0%. Rain: 0.0 mm. Weather: no_rain+very_humid. Crash count: 0. Event count within 3km: 0. Public holiday: 0. School holiday: 0.,"Classify the anomaly level for this traffic station context. Choose one: normal, minor_anomaly, major_anomaly.",major_anomaly,Observed traffic is 120.0% different from the expected baseline. Main reason: unexplained_no_context.
15286011,7162,Kingsway,Kingsway,Woolooware,Sutherland,2022-02-16,20,841.0,501.0,340.0,67.86427145708582,increase,0,0,major_anomaly,unexplained_no_context,Station: Kingsway. Road: Kingsway. Suburb: Woolooware. Date: 2022-02-16. Hour: 20. Traffic volume: 841.0. Expected volume: 501.0. Traffic change: 67.9%. Rain: 0.0 mm. Weather: no_rain. Crash count: 0. Event count within 3km: 0. Public holiday: 0. School holiday: 0.,"Classify the anomaly level for this traffic station context. Choose one: normal, minor_anomaly, major_anomaly.",major_anomaly,Observed traffic is 67.9% different from the expected baseline. Main reason: unexplained_no_context.
15286011,7162,Kingsway,Kingsway,Woolooware,Sutherland,2024-10-13,1,191.0,139.0,52.0,37.410071942446045,increase,2,1,minor_anomaly,unexplained_beyond_crash,Station: Kingsway. Road: Kingsway. Suburb: Woolooware. Date: 2024-10-13. Hour: 1. Traffic volume: 191.0. Expected volume: 139.0. Traffic change: 37.4%. Rain: 0.0 mm. Weather: no_rain+very_humid. Crash count: 2. Event count within 3km: 0. Public holiday: 0. School holiday: 0.,"Classify the anomaly level for this traffic station context. Choose one: normal, minor_anomaly, major_anomaly.",minor_anomaly,Observed traffic is 37.4% different from the expected baseline. Main reason: unexplained_beyond_crash.
15286011,7162,Kingsway,Kingsway,Woolooware,Sutherland,2022-02-13,6,225.0,330.0,-105.0,-31.818181818181817,decrease,2,1,minor_anomaly,unexplained_beyond_crash,Station: Kingsway. Road: Kingsway. Suburb: Woolooware. Date: 2022-02-13. Hour: 6. Traffic volume: 225.0. Expected volume: 330.0. Traffic change: -31.8%. Rain: 0.0 mm. Weather: no_rain+very_humid+overcast. Crash count: 1. Event count within 3km: 0. Public holiday: 0. School holiday: 0.,"Classify the anomaly level for this traffic station context. Choose one: normal, minor_anomaly, major_anomaly.",minor_anomaly,Observed traffic is -31.8% different from the expected baseline. Main reason: unexplained_beyond_crash.
15286011,7162,Kingsway,Kingsway,Woolooware,Sutherland,2023-06-05,20,375.0,501.0,-126.0,-25.149700598802394,decrease,0,0,minor_anomaly,unexplained_no_context,Station: Kingsway. Road: Kingsway. Suburb: Woolooware. Date: 2023-06-05. Hour: 20. Traffic volume: 375.0. Expected volume: 501.0. Traffic change: -25.1%. Rain: 0.0 mm. Weather: no_rain. Crash count: 0. Event count within 3km: 0. Public holiday: 0. School holiday: 0.,"Classify the anomaly level for this traffic station context. Choose one: normal, minor_anomaly, major_anomaly.",minor_anomaly,Observed traffic is -25.1% different from the expected baseline. Main reason: unexplained_no_context.
15286011,7162,Kingsway,Kingsway,Woolooware,Sutherland,2024-01-08,23,110.0,110.0,0.0,0.0,no_change,0,0,normal,no_deviation,Station: Kingsway. Road: Kingsway. Suburb: Woolooware. Date: 2024-01-08. Hour: 23. Traffic volume: 110.0. Expected volume: 110.0. Traffic change: 0.0%. Rain: 0.0 mm. Weather: no_rain+very_humid+overcast. Crash count: 0. Event count within 3km: 0. Public holiday: 0. School holiday: 0.,"Classify the anomaly level for this traffic station context. Choose one: normal, minor_anomaly, major_anomaly.",normal,Observed traffic is 0.0% different from the expected baseline. Main reason: no_deviation.
15286011,7162,Kingsway,Kingsway,Woolooware,Sutherland,2022-08-18,2,29.0,33.0,-4.0,-12.121212121212121,no_change,0,0,normal,no_deviation,Station: Kingsway. Road: Kingsway. Suburb: Woolooware. Date: 2022-08-18. Hour: 2. Traffic volume: 29.0. Expected volume: 33.0. Traffic change: -12.1%. Rain: 0.0 mm. Weather: no_rain+very_humid. Crash count: 0. Event count within 3km: 0. Public holiday: 0. School holiday: 0.,"Classify the anomaly level for this traffic station context. Choose one: normal, minor_anomaly, major_anomaly.",normal,Observed traffic is -12.1% different from the expected baseline. Main reason: no_deviation.
15286011,7162,Kingsway,Kingsway,Woolooware,Sutherland,2024-03-05,23,103.0,110.0,-7.0,-6.363636363636363,no_change,0,0,normal,no_deviation,Station: Kingsway. Road: Kingsway. Suburb: Woolooware. Date: 2024-03-05. Hour: 23. Traffic volume: 103.0. Expected volume: 110.0. Traffic change: -6.4%. Rain: 0.0 mm. Weather: no_rain+very_humid. Crash count: 0. Event count within 3km: 0. Public holiday: 0. School holiday: 0.,"Classify the anomaly level for this traffic station context. Choose one: normal, minor_anomaly, major_anomaly.",normal,Observed traffic is -6.4% different from the expected baseline. Main reason: no_deviation.
15286012,7163,Victoria Road,Victoria Road,Rozelle,Leichhardt,2024-01-04,7,526.0,1886.0,-1360.0,-72.1102863202545,decrease,0,0,major_anomaly,unexplained_no_context,Station: Victoria Road. Road: Victoria Road. Suburb: Rozelle. Date: 2024-01-04. Hour: 7. Traffic volume: 526.0. Expected volume: 1886.0. Traffic change: -72.1%. Rain: 0.0 mm. Weather: no_rain+very_humid+overcast. Crash count: 0. Event count within 3km: 0. Public holiday: 0. School holiday: 0.,"Classify the anomaly level for this traffic station context. Choose one: normal, minor_anomaly, major_anomaly.",major_anomaly,Observed traffic is -72.1% different from the expected baseline. Main reason: unexplained_no_context.
15286012,7163,Victoria Road,Victoria Road,Rozelle,Leichhardt,2022-06-24,5,545.0,914.0,-369.0,-40.37199124726477,decrease,0,0,major_anomaly,unexplained_no_context,Station: Victoria Road. Road: Victoria Road. Suburb: Rozelle. Date: 2022-06-24. Hour: 5. Traffic volume: 545.0. Expected volume: 914.0. Traffic change: -40.4%. Rain: 0.0 mm. Weather: no_rain+very_humid. Crash count: 0. Event count within 3km: 0. Public holiday: 0. School holiday: 0.,"Classify the anomaly level for this traffic station context. Choose one: normal, minor_anomaly, major_anomaly.",major_anomaly,Observed traffic is -40.4% different from the expected baseline. Main reason: unexplained_no_context.
15286012,7163,Victoria Road,Victoria Road,Rozelle,Leichhardt,2024-04-22,21,359.0,630.0,-271.0,-43.01587301587302,decrease,0,0,major_anomaly,unexplained_no_context,Station: Victoria Road. Road: Victoria Road. Suburb: Rozelle. Date: 2024-04-22. Hour: 21. Traffic volume: 359.0. Expected volume: 630.0. Traffic change: -43.0%. Rain: 0.0 mm. Weather: no_rain+very_humid. Crash count: 0. Event count within 3km: 0. Public holiday: 0. School holiday: 0.,"Classify the anomaly level for this traffic station context. Choose one: normal, minor_anomaly, major_anomaly.",major_anomaly,Observed traffic is -43.0% different from the expected baseline. Main reason: unexplained_no_context.
15286012,7163,Victoria Road,Victoria Road,Rozelle,Leichhardt,2022-04-06,23,401.0,302.0,99.0,32.78145695364238,increase,1,1,minor_anomaly,unexplained_beyond_rain,Station: Victoria Road. Road: Victoria Road. Suburb: Rozelle. Date: 2022-04-06. Hour: 23. Traffic volume: 401.0. Expected volume: 302.0. Traffic change: 32.8%. Rain: 0.1 mm. Weather: no_rain+very_humid+overcast. Crash count: 0. Event count within 3km: 0. Public holiday: 0. School holiday: 0.,"Classify the anomaly level for this traffic station context. Choose one: normal, minor_anomaly, major_anomaly.",minor_anomaly,Observed traffic is 32.8% different from the expected baseline. Main reason: unexplained_beyond_rain.
15286012,7163,Victoria Road,Victoria Road,Rozelle,Leichhardt,2023-08-04,11,1833.0,1466.0,367.0,25.034106412005457,increase,2,1,minor_anomaly,unexplained_beyond_crash,Station: Victoria Road. Road: Victoria Road. Suburb: Rozelle. Date: 2023-08-04. Hour: 11. Traffic volume: 1833.0. Expected volume: 1466.0. Traffic change: 25.0%. Rain: 0.0 mm. Weather: no_rain. Crash count: 3. Event count within 3km: 0. Public holiday: 0. School holiday: 0.,"Classify the anomaly level for this traffic station context. Choose one: normal, minor_anomaly, major_anomaly.",minor_anomaly,Observed traffic is 25.0% different from the expected baseline. Main reason: unexplained_beyond_crash.
15286012,7163,Victoria Road,Victoria Road,Rozelle,Leichhardt,2024-04-26,2,68.0,88.0,-20.0,-22.727272727272727,decrease,0,0,minor_anomaly,unexplained_no_context,Station: Victoria Road. Road: Victoria Road. Suburb: Rozelle. Date: 2024-04-26. Hour: 2. Traffic volume: 68.0. Expected volume: 88.0. Traffic change: -22.7%. Rain: 0.0 mm. Weather: no_rain. Crash count: 0. Event count within 3km: 0. Public holiday: 0. School holiday: 0.,"Classify the anomaly level for this traffic station context. Choose one: normal, minor_anomaly, major_anomaly.",minor_anomaly,Observed traffic is -22.7% different from the expected baseline. Main reason: unexplained_no_context.
15286012,7163,Victoria Road,Victoria Road,Rozelle,Leichhardt,2023-06-05,20,693.0,729.0,-36.0,-4.938271604938271,no_change,2,1,normal,explained_by_crash,Station: Victoria Road. Road: Victoria Road. Suburb: Rozelle. Date: 2023-06-05. Hour: 20. Traffic volume: 693.0. Expected volume: 729.0. Traffic change: -4.9%. Rain: 0.0 mm. Weather: no_rain. Crash count: 3. Event count within 3km: 0. Public holiday: 0. School holiday: 0.,"Classify the anomaly level for this traffic station context. Choose one: normal, minor_anomaly, major_anomaly.",normal,Observed traffic is -4.9% different from the expected baseline. Main reason: explained_by_crash.
15286012,7163,Victoria Road,Victoria Road,Rozelle,Leichhardt,2024-06-14,2,82.0,88.0,-6.0,-6.8181818181818175,no_change,0,0,normal,no_deviation,Station: Victoria Road. Road: Victoria Road. Suburb: Rozelle. Date: 2024-06-14. Hour: 2. Traffic volume: 82.0. Expected volume: 88.0. Traffic change: -6.8%. Rain: 0.0 mm. Weather: no_rain+overcast. Crash count: 0. Event count within 3km: 0. Public holiday: 0. School holiday: 0.,"Classify the anomaly level for this traffic station context. Choose one: normal, minor_anomaly, major_anomaly.",normal,Observed traffic is -6.8% different from the expected baseline. Main reason: no_deviation.
15286012,7163,Victoria Road,Victoria Road,Rozelle,Leichhardt,2022-05-12,0,191.0,151.0,40.0,26.490066225165563,increase,3,2,normal,explained_by_rain_crash,Station: Victoria Road. Road: Victoria Road. Suburb: Rozelle. Date: 2022-05-12. Hour: 0. Traffic volume: 191.0. Expected volume: 151.0. Traffic change: 26.5%. Rain: 1.0 mm. Weather: light_rain+very_humid+overcast. Crash count: 1. Event count within 3km: 0. Public holiday: 0. School holiday: 0.,"Classify the anomaly level for this traffic station context. Choose one: normal, minor_anomaly, major_anomaly.",normal,Observed traffic is 26.5% different from the expected baseline. Main reason: explained_by_rain_crash.
15286013,7164,Great Western Highway,Great Western Highway,South Wentworthville,Holroyd,2024-12-05,0,50.0,98.0,-48.0,-48.97959183673469,decrease,0,0,major_anomaly,unexplained_no_context,Station: Great Western Highway. Road: Great Western Highway. Suburb: South Wentworthville. Date: 2024-12-05. Hour: 0. Traffic volume: 50.0. Expected volume: 98.0. Traffic change: -49.0%. Rain: 0.0 mm. Weather: no_rain+very_humid+overcast. Crash count: 0. Event count within 3km: 0. Public holiday: 0. School holiday: 0.,"Classify the anomaly level for this traffic station context. Choose one: normal, minor_anomaly, major_anomaly.",major_anomaly,Observed traffic is -49.0% different from the expected baseline. Main reason: unexplained_no_context.
15286013,7164,Great Western Highway,Great Western Highway,South Wentworthville,Holroyd,2022-11-08,22,41.0,259.0,-218.0,-84.16988416988417,decrease,1,1,major_anomaly,unexplained_beyond_crash,Station: Great Western Highway. Road: Great Western Highway. Suburb: South Wentworthville. Date: 2022-11-08. Hour: 22. Traffic volume: 41.0. Expected volume: 259.0. Traffic change: -84.2%. Rain: 0.0 mm. Weather: no_rain. Crash count: 1. Event count within 3km: 0. Public holiday: 0. School holiday: 0.,"Classify the anomaly level for this traffic station context. Choose one: normal, minor_anomaly, major_anomaly.",major_anomaly,Observed traffic is -84.2% different from the expected baseline. Main reason: unexplained_beyond_crash.
15286013,7164,Great Western Highway,Great Western Highway,South Wentworthville,Holroyd,2022-03-15,15,158.0,706.0,-548.0,-77.62039660056658,decrease,2,1,major_anomaly,unexplained_beyond_crash,Station: Great Western Highway. Road: Great Western Highway. Suburb: South Wentworthville. Date: 2022-03-15. Hour: 15. Traffic volume: 158.0. Expected volume: 706.0. Traffic change: -77.6%. Rain: 0.0 mm. Weather: no_rain. Crash count: 4. Event count within 3km: 0. Public holiday: 0. School holiday: 0.,"Classify the anomaly level for this traffic station context. Choose one: normal, minor_anomaly, major_anomaly.",major_anomaly,Observed traffic is -77.6% different from the expected baseline. Main reason: unexplained_beyond_crash.
15286013,7164,Great Western Highway,Great Western Highway,South Wentworthville,Holroyd,2023-07-16,8,266.0,348.5,-82.5,-23.672883787661405,decrease,2,1,minor_anomaly,unexplained_beyond_crash,Station: Great Western Highway. Road: Great Western Highway. Suburb: South Wentworthville. Date: 2023-07-16. Hour: 8. Traffic volume: 266.0. Expected volume: 348.5. Traffic change: -23.7%. Rain: 0.0 mm. Weather: no_rain+very_humid+overcast. Crash count: 1. Event count within 3km: 0. Public holiday: 0. School holiday: 0.,"Classify the anomaly level for this traffic station context. Choose one: normal, minor_anomaly, major_anomaly.",minor_anomaly,Observed traffic is -23.7% different from the expected baseline. Main reason: unexplained_beyond_crash.
15286013,7164,Great Western Highway,Great Western Highway,South Wentworthville,Holroyd,2024-05-31,22,345.0,259.0,86.0,33.204633204633204,increase,2,1,minor_anomaly,unexplained_beyond_crash,Station: Great Western Highway. Road: Great Western Highway. Suburb: South Wentworthville. Date: 2024-05-31. Hour: 22. Traffic volume: 345.0. Expected volume: 259.0. Traffic change: 33.2%. Rain: 0.0 mm. Weather: no_rain+very_humid+overcast. Crash count: 1. Event count within 3km: 0. Public holiday: 0. School holiday: 0.,"Classify the anomaly level for this traffic station context. Choose one: normal, minor_anomaly, major_anomaly.",minor_anomaly,Observed traffic is 33.2% different from the expected baseline. Main reason: unexplained_beyond_crash.
15286013,7164,Great Western Highway,Great Western Highway,South Wentworthville,Holroyd,2024-11-08,11,459.0,616.5,-157.5,-25.547445255474454,decrease,2,1,minor_anomaly,unexplained_beyond_crash,Station: Great Western Highway. Road: Great Western Highway. Suburb: South Wentworthville. Date: 2024-11-08. Hour: 11. Traffic volume: 459.0. Expected volume: 616.5. Traffic change: -25.5%. Rain: 0.0 mm. Weather: no_rain. Crash count: 1. Event count within 3km: 0. Public holiday: 0. School holiday: 0.,"Classify the anomaly level for this traffic station context. Choose one: normal, minor_anomaly, major_anomaly.",minor_anomaly,Observed traffic is -25.5% different from the expected baseline. Main reason: unexplained_beyond_crash.
15286013,7164,Great Western Highway,Great Western Highway,South Wentworthville,Holroyd,2023-03-31,22,314.0,259.0,55.0,21.235521235521233,increase,2,1,normal,explained_by_crash,Station: Great Western Highway. Road: Great Western Highway. Suburb: South Wentworthville. Date: 2023-03-31. Hour: 22. Traffic volume: 314.0. Expected volume: 259.0. Traffic change: 21.2%. Rain: 0.0 mm. Weather: no_rain. Crash count: 3. Event count within 3km: 0. Public holiday: 0. School holiday: 0.,"Classify the anomaly level for this traffic station context. Choose one: normal, minor_anomaly, major_anomaly.",normal,Observed traffic is 21.2% different from the expected baseline. Main reason: explained_by_crash.
15286013,7164,Great Western Highway,Great Western Highway,South Wentworthville,Holroyd,2022-01-13,6,596.0,665.0,-69.0,-10.37593984962406,no_change,0,0,normal,no_deviation,Station: Great Western Highway. Road: Great Western Highway. Suburb: South Wentworthville. Date: 2022-01-13. Hour: 6. Traffic volume: 596.0. Expected volume: 665.0. Traffic change: -10.4%. Rain: 0.0 mm. Weather: no_rain+very_humid. Crash count: 0. Event count within 3km: 0. Public holiday: 0. School holiday: 0.,"Classify the anomaly level for this traffic station context. Choose one: normal, minor_anomaly, major_anomaly.",normal,Observed traffic is -10.4% different from the expected baseline. Main reason: no_deviation.
15286013,7164,Great Western Highway,Great Western Highway,South Wentworthville,Holroyd,2024-03-18,18,580.0,628.0,-48.0,-7.643312101910828,no_change,2,1,normal,explained_by_crash,Station: Great Western Highway. Road: Great Western Highway. Suburb: South Wentworthville. Date: 2024-03-18. Hour: 18. Traffic volume: 580.0. Expected volume: 628.0. Traffic change: -7.6%. Rain: 0.0 mm. Weather: no_rain+very_humid. Crash count: 1. Event count within 3km: 0. Public holiday: 0. School holiday: 0.,"Classify the anomaly level for this traffic station context. Choose one: normal, minor_anomaly, major_anomaly.",normal,Observed traffic is -7.6% different from the expected baseline. Main reason: explained_by_crash.
15286014,7168,Great Western Highway,Great Western Highway,Blacktown,Blacktown,2024-12-03,6,65.0,417.0,-352.0,-84.41247002398082,decrease,0,0,major_anomaly,unexplained_no_context,Station: Great Western Highway. Road: Great Western Highway. Suburb: Blacktown. Date: 2024-12-03. Hour: 6. Traffic volume: 65.0. Expected volume: 417.0. Traffic change: -84.4%. Rain: 0.0 mm. Weather: no_rain+overcast. Crash count: 0. Event count within 3km: 0. Public holiday: 0. School holiday: 0.,"Classify the anomaly level for this traffic station context. Choose one: normal, minor_anomaly, major_anomaly.",major_anomaly,Observed traffic is -84.4% different from the expected baseline. Main reason: unexplained_no_context.
15286014,7168,Great Western Highway,Great Western Highway,Blacktown,Blacktown,2024-12-14,21,306.0,216.0,90.0,41.66666666666667,increase,0,0,major_anomaly,unexplained_no_context,Station: Great Western Highway. Road: Great Western Highway. Suburb: Blacktown. Date: 2024-12-14. Hour: 21. Traffic volume: 306.0. Expected volume: 216.0. Traffic change: 41.7%. Rain: 0.0 mm. Weather: no_rain+very_humid+overcast. Crash count: 0. Event count within 3km: 0. Public holiday: 0. School holiday: 0.,"Classify the anomaly level for this traffic station context. Choose one: normal, minor_anomaly, major_anomaly.",major_anomaly,Observed traffic is 41.7% different from the expected baseline. Main reason: unexplained_no_context.
15286014,7168,Great Western Highway,Great Western Highway,Blacktown,Blacktown,2024-01-03,18,125.0,621.0,-496.0,-79.87117552334944,decrease,2,1,major_anomaly,unexplained_beyond_crash,Station: Great Western Highway. Road: Great Western Highway. Suburb: Blacktown. Date: 2024-01-03. Hour: 18. Traffic volume: 125.0. Expected volume: 621.0. Traffic change: -79.9%. Rain: 0.0 mm. Weather: no_rain+overcast. Crash count: 2. Event count within 3km: 0. Public holiday: 0. School holiday: 0.,"Classify the anomaly level for this traffic station context. Choose one: normal, minor_anomaly, major_anomaly.",major_anomaly,Observed traffic is -79.9% different from the expected baseline. Main reason: unexplained_beyond_crash.
15286014,7168,Great Western Highway,Great Western Highway,Blacktown,Blacktown,2023-09-08,1,64.0,48.0,16.0,33.33333333333333,increase,4,3,minor_anomaly,unexplained_beyond_rain_crash_strong_wind,Station: Great Western Highway. Road: Great Western Highway. Suburb: Blacktown. Date: 2023-09-08. Hour: 1. Traffic volume: 64.0. Expected volume: 48.0. Traffic change: 33.3%. Rain: 0.2 mm. Weather: light_rain+strong_wind+overcast. Crash count: 1. Event count within 3km: 0. Public holiday: 0. School holiday: 0.,"Classify the anomaly level for this traffic station context. Choose one: normal, minor_anomaly, major_anomaly.",minor_anomaly,Observed traffic is 33.3% different from the expected baseline. Main reason: unexplained_beyond_rain_crash_strong_wind.
15286014,7168,Great Western Highway,Great Western Highway,Blacktown,Blacktown,2024-12-29,8,210.0,262.0,-52.0,-19.84732824427481,no_change,0,0,minor_anomaly,unexplained_no_context,Station: Great Western Highway. Road: Great Western Highway. Suburb: Blacktown. Date: 2024-12-29. Hour: 8. Traffic volume: 210.0. Expected volume: 262.0. Traffic change: -19.8%. Rain: 0.0 mm. Weather: no_rain. Crash count: 0. Event count within 3km: 0. Public holiday: 0. School holiday: 0.,"Classify the anomaly level for this traffic station context. Choose one: normal, minor_anomaly, major_anomaly.",minor_anomaly,Observed traffic is -19.8% different from the expected baseline. Main reason: unexplained_no_context.
15286014,7168,Great Western Highway,Great Western Highway,Blacktown,Blacktown,2023-02-24,20,321.0,261.0,60.0,22.988505747126435,increase,2,1,minor_anomaly,unexplained_beyond_crash,Station: Great Western Highway. Road: Great Western Highway. Suburb: Blacktown. Date: 2023-02-24. Hour: 20. Traffic volume: 321.0. Expected volume: 261.0. Traffic change: 23.0%. Rain: 0.0 mm. Weather: no_rain. Crash count: 1. Event count within 3km: 0. Public holiday: 0. School holiday: 0.,"Classify the anomaly level for this traffic station context. Choose one: normal, minor_anomaly, major_anomaly.",minor_anomaly,Observed traffic is 23.0% different from the expected baseline. Main reason: unexplained_beyond_crash.
15286014,7168,Great Western Highway,Great Western Highway,Blacktown,Blacktown,2023-01-24,12,469.0,484.0,-15.0,-3.0991735537190084,no_change,1,1,normal,explained_by_crash,Station: Great Western Highway. Road: Great Western Highway. Suburb: Blacktown. Date: 2023-01-24. Hour: 12. Traffic volume: 469.0. Expected volume: 484.0. Traffic change: -3.1%. Rain: 0.0 mm. Weather: no_rain. Crash count: 1. Event count within 3km: 0. Public holiday: 0. School holiday: 0.,"Classify the anomaly level for this traffic station context. Choose one: normal, minor_anomaly, major_anomaly.",normal,Observed traffic is -3.1% different from the expected baseline. Main reason: explained_by_crash.
15286014,7168,Great Western Highway,Great Western Highway,Blacktown,Blacktown,2022-02-07,16,1083.0,1067.0,16.0,1.499531396438613,no_change,3,2,normal,explained_by_rain_crash,Station: Great Western Highway. Road: Great Western Highway. Suburb: Blacktown. Date: 2022-02-07. Hour: 16. Traffic volume: 1083.0. Expected volume: 1067.0. Traffic change: 1.5%. Rain: 0.2 mm. Weather: light_rain. Crash count: 4. Event count within 3km: 0. Public holiday: 0. School holiday: 0.,"Classify the anomaly level for this traffic station context. Choose one: normal, minor_anomaly, major_anomaly.",normal,Observed traffic is 1.5% different from the expected baseline. Main reason: explained_by_rain_crash.
15286014,7168,Great Western Highway,Great Western Highway,Blacktown,Blacktown,2023-10-22,2,49.0,50.0,-1.0,-2.0,no_change,0,0,normal,no_deviation,Station: Great Western Highway. Road: Great Western Highway. Suburb: Blacktown. Date: 2023-10-22. Hour: 2. Traffic volume: 49.0. Expected volume: 50.0. Traffic change: -2.0%. Rain: 0.0 mm. Weather: no_rain+very_humid. Crash count: 0. Event count within 3km: 0. Public holiday: 0. School holiday: 0.,"Classify the anomaly level for this traffic station context. Choose one: normal, minor_anomaly, major_anomaly.",normal,Observed traffic is -2.0% different from the expected baseline. Main reason: no_deviation.
15334001,7248,Stacey Street,Stacey Street,Bankstown,Bankstown,2022-11-13,22,226.0,511.0,-285.0,-55.77299412915851,decrease,3,3,major_anomaly,unexplained_beyond_rain_crash_strong_wind,Station: Stacey Street. Road: Stacey Street. Suburb: Bankstown. Date: 2022-11-13. Hour: 22. Traffic volume: 226.0. Expected volume: 511.0. Traffic change: -55.8%. Rain: 0.2 mm. Weather: light_rain+strong_wind+very_humid+overcast. Crash count: 1. Event count within 3km: 0. Public holiday: 0. School holiday: 0.,"Classify the anomaly level for this traffic station context. Choose one: normal, minor_anomaly, major_anomaly.",major_anomaly,Observed traffic is -55.8% different from the expected baseline. Main reason: unexplained_beyond_rain_crash_strong_wind.
15334001,7248,Stacey Street,Stacey Street,Bankstown,Bankstown,2022-01-01,10,228.0,866.0,-638.0,-73.67205542725173,decrease,0,0,major_anomaly,unexplained_no_context,Station: Stacey Street. Road: Stacey Street. Suburb: Bankstown. Date: 2022-01-01. Hour: 10. Traffic volume: 228.0. Expected volume: 866.0. Traffic change: -73.7%. Rain: 0.0 mm. Weather: no_rain+overcast. Crash count: 0. Event count within 3km: 0. Public holiday: 0. School holiday: 0.,"Classify the anomaly level for this traffic station context. Choose one: normal, minor_anomaly, major_anomaly.",major_anomaly,Observed traffic is -73.7% different from the expected baseline. Main reason: unexplained_no_context.
15334001,7248,Stacey Street,Stacey Street,Bankstown,Bankstown,2022-02-02,1,72.0,124.0,-52.0,-41.935483870967744,decrease,2,1,major_anomaly,unexplained_beyond_crash,Station: Stacey Street. Road: Stacey Street. Suburb: Bankstown. Date: 2022-02-02. Hour: 1. Traffic volume: 72.0. Expected volume: 124.0. Traffic change: -41.9%. Rain: 0.0 mm. Weather: no_rain+very_humid+overcast. Crash count: 1. Event count within 3km: 0. Public holiday: 0. School holiday: 0.,"Classify the anomaly level for this traffic station context. Choose one: normal, minor_anomaly, major_anomaly.",major_anomaly,Observed traffic is -41.9% different from the expected baseline. Main reason: unexplained_beyond_crash.
15334001,7248,Stacey Street,Stacey Street,Bankstown,Bankstown,2022-01-14,14,715.0,1038.0,-323.0,-31.11753371868979,decrease,3,2,minor_anomaly,unexplained_beyond_rain_crash,Station: Stacey Street. Road: Stacey Street. Suburb: Bankstown. Date: 2022-01-14. Hour: 14. Traffic volume: 715.0. Expected volume: 1038.0. Traffic change: -31.1%. Rain: 0.1 mm. Weather: no_rain+overcast. Crash count: 1. Event count within 3km: 0. Public holiday: 0. School holiday: 0.,"Classify the anomaly level for this traffic station context. Choose one: normal, minor_anomaly, major_anomaly.",minor_anomaly,Observed traffic is -31.1% different from the expected baseline. Main reason: unexplained_beyond_rain_crash.
15334001,7248,Stacey Street,Stacey Street,Bankstown,Bankstown,2022-01-27,3,195.0,159.0,36.0,22.641509433962266,increase,0,0,minor_anomaly,unexplained_no_context,Station: Stacey Street. Road: Stacey Street. Suburb: Bankstown. Date: 2022-01-27. Hour: 3. Traffic volume: 195.0. Expected volume: 159.0. Traffic change: 22.6%. Rain: 0.0 mm. Weather: no_rain+very_humid. Crash count: 0. Event count within 3km: 0. Public holiday: 0. School holiday: 0.,"Classify the anomaly level for this traffic station context. Choose one: normal, minor_anomaly, major_anomaly.",minor_anomaly,Observed traffic is 22.6% different from the expected baseline. Main reason: unexplained_no_context.
15334001,7248,Stacey Street,Stacey Street,Bankstown,Bankstown,2022-01-02,21,861.0,643.5,217.5,33.7995337995338,increase,1,1,minor_anomaly,unexplained_beyond_crash,Station: Stacey Street. Road: Stacey Street. Suburb: Bankstown. Date: 2022-01-02. Hour: 21. Traffic volume: 861.0. Expected volume: 643.5. Traffic change: 33.8%. Rain: 0.0 mm. Weather: no_rain+very_humid. Crash count: 2. Event count within 3km: 0. Public holiday: 0. School holiday: 0.,"Classify the anomaly level for this traffic station context. Choose one: normal, minor_anomaly, major_anomaly.",minor_anomaly,Observed traffic is 33.8% different from the expected baseline. Main reason: unexplained_beyond_crash.
15334001,7248,Stacey Street,Stacey Street,Bankstown,Bankstown,2022-01-05,5,860.0,823.0,37.0,4.495747266099635,no_change,1,1,normal,explained_by_rain,Station: Stacey Street. Road: Stacey Street. Suburb: Bankstown. Date: 2022-01-05. Hour: 5. Traffic volume: 860.0. Expected volume: 823.0. Traffic change: 4.5%. Rain: 0.1 mm. Weather: no_rain+very_humid+overcast. Crash count: 0. Event count within 3km: 0. Public holiday: 0. School holiday: 0.,"Classify the anomaly level for this traffic station context. Choose one: normal, minor_anomaly, major_anomaly.",normal,Observed traffic is 4.5% different from the expected baseline. Main reason: explained_by_rain.
15334001,7248,Stacey Street,Stacey Street,Bankstown,Bankstown,2022-01-09,14,1081.0,956.0,125.0,13.07531380753138,no_change,1,1,normal,explained_by_rain,Station: Stacey Street. Road: Stacey Street. Suburb: Bankstown. Date: 2022-01-09. Hour: 14. Traffic volume: 1081.0. Expected volume: 956.0. Traffic change: 13.1%. Rain: 0.6 mm. Weather: light_rain+very_humid+overcast. Crash count: 0. Event count within 3km: 0. Public holiday: 0. School holiday: 0.,"Classify the anomaly level for this traffic station context. Choose one: normal, minor_anomaly, major_anomaly.",normal,Observed traffic is 13.1% different from the expected baseline. Main reason: explained_by_rain.
15334001,7248,Stacey Street,Stacey Street,Bankstown,Bankstown,2022-01-07,9,1004.0,894.0,110.0,12.304250559284116,no_change,2,1,normal,explained_by_crash,Station: Stacey Street. Road: Stacey Street. Suburb: Bankstown. Date: 2022-01-07. Hour: 9. Traffic volume: 1004.0. Expected volume: 894.0. Traffic change: 12.3%. Rain: 0.0 mm. Weather: no_rain+overcast. Crash count: 5. Event count within 3km: 0. Public holiday: 0. School holiday: 0.,"Classify the anomaly level for this traffic station context. Choose one: normal, minor_anomaly, major_anomaly.",normal,Observed traffic is 12.3% different from the expected baseline. Main reason: explained_by_crash.
15334002,7251,City-West Link Road,City-West Link Road,Lilyfield,Leichhardt,2024-06-09,14,778.0,1359.0,-581.0,-42.75202354672553,decrease,2,1,major_anomaly,unexplained_beyond_crash,Station: City-West Link Road. Road: City-West Link Road. Suburb: Lilyfield. Date: 2024-06-09. Hour: 14. Traffic volume: 778.0. Expected volume: 1359.0. Traffic change: -42.8%. Rain: 0.0 mm. Weather: no_rain. Crash count: 2. Event count within 3km: 0. Public holiday: 0. School holiday: 0.,"Classify the anomaly level for this traffic station context. Choose one: normal, minor_anomaly, major_anomaly.",major_anomaly,Observed traffic is -42.8% different from the expected baseline. Main reason: unexplained_beyond_crash.
15334002,7251,City-West Link Road,City-West Link Road,Lilyfield,Leichhardt,2022-04-14,23,997.0,563.0,434.0,77.08703374777976,increase,2,1,major_anomaly,unexplained_beyond_crash,Station: City-West Link Road. Road: City-West Link Road. Suburb: Lilyfield. Date: 2022-04-14. Hour: 23. Traffic volume: 997.0. Expected volume: 563.0. Traffic change: 77.1%. Rain: 0.0 mm. Weather: no_rain+very_humid. Crash count: 4. Event count within 3km: 0. Public holiday: 0. School holiday: 0.,"Classify the anomaly level for this traffic station context. Choose one: normal, minor_anomaly, major_anomaly.",major_anomaly,Observed traffic is 77.1% different from the expected baseline. Main reason: unexplained_beyond_crash.
15334002,7251,City-West Link Road,City-West Link Road,Lilyfield,Leichhardt,2022-12-16,22,1577.0,758.0,819.0,108.04749340369393,increase,4,2,major_anomaly,unexplained_beyond_crash_strong_wind,Station: City-West Link Road. Road: City-West Link Road. Suburb: Lilyfield. Date: 2022-12-16. Hour: 22. Traffic volume: 1577.0. Expected volume: 758.0. Traffic change: 108.0%. Rain: 0.0 mm. Weather: no_rain+strong_wind. Crash count: 5. Event count within 3km: 0. Public holiday: 0. School holiday: 0.,"Classify the anomaly level for this traffic station context. Choose one: normal, minor_anomaly, major_anomaly.",major_anomaly,Observed traffic is 108.0% different from the expected baseline. Main reason: unexplained_beyond_crash_strong_wind.
15334002,7251,City-West Link Road,City-West Link Road,Lilyfield,Leichhardt,2023-02-14,21,581.0,825.0,-244.0,-29.575757575757578,decrease,2,1,minor_anomaly,unexplained_beyond_crash,Station: City-West Link Road. Road: City-West Link Road. Suburb: Lilyfield. Date: 2023-02-14. Hour: 21. Traffic volume: 581.0. Expected volume: 825.0. Traffic change: -29.6%. Rain: 0.0 mm. Weather: no_rain+overcast. Crash count: 2. Event count within 3km: 0. Public holiday: 0. School holiday: 0.,"Classify the anomaly level for this traffic station context. Choose one: normal, minor_anomaly, major_anomaly.",minor_anomaly,Observed traffic is -29.6% different from the expected baseline. Main reason: unexplained_beyond_crash.
15334002,7251,City-West Link Road,City-West Link Road,Lilyfield,Leichhardt,2024-09-01,5,193.0,248.0,-55.0,-22.177419354838708,decrease,2,1,minor_anomaly,unexplained_beyond_crash,Station: City-West Link Road. Road: City-West Link Road. Suburb: Lilyfield. Date: 2024-09-01. Hour: 5. Traffic volume: 193.0. Expected volume: 248.0. Traffic change: -22.2%. Rain: 0.0 mm. Weather: no_rain. Crash count: 4. Event count within 3km: 0. Public holiday: 0. School holiday: 0.,"Classify the anomaly level for this traffic station context. Choose one: normal, minor_anomaly, major_anomaly.",minor_anomaly,Observed traffic is -22.2% different from the expected baseline. Main reason: unexplained_beyond_crash.
15334002,7251,City-West Link Road,City-West Link Road,Lilyfield,Leichhardt,2022-03-12,18,1605.0,1197.0,408.0,34.08521303258145,increase,2,1,minor_anomaly,unexplained_beyond_crash,Station: City-West Link Road. Road: City-West Link Road. Suburb: Lilyfield. Date: 2022-03-12. Hour: 18. Traffic volume: 1605.0. Expected volume: 1197.0. Traffic change: 34.1%. Rain: 0.0 mm. Weather: no_rain. Crash count: 5. Event count within 3km: 0. Public holiday: 0. School holiday: 0.,"Classify the anomaly level for this traffic station context. Choose one: normal, minor_anomaly, major_anomaly.",minor_anomaly,Observed traffic is 34.1% different from the expected baseline. Main reason: unexplained_beyond_crash.
15334002,7251,City-West Link Road,City-West Link Road,Lilyfield,Leichhardt,2023-07-06,12,1563.0,1419.5,143.5,10.109193377949982,no_change,2,1,normal,explained_by_crash,Station: City-West Link Road. Road: City-West Link Road. Suburb: Lilyfield. Date: 2023-07-06. Hour: 12. Traffic volume: 1563.0. Expected volume: 1419.5. Traffic change: 10.1%. Rain: 0.0 mm. Weather: no_rain. Crash count: 6. Event count within 3km: 0. Public holiday: 0. School holiday: 0.,"Classify the anomaly level for this traffic station context. Choose one: normal, minor_anomaly, major_anomaly.",normal,Observed traffic is 10.1% different from the expected baseline. Main reason: explained_by_crash.
15334002,7251,City-West Link Road,City-West Link Road,Lilyfield,Leichhardt,2022-02-05,19,1191.0,951.5,239.5,25.170782974251182,increase,3,2,normal,explained_by_rain_crash,Station: City-West Link Road. Road: City-West Link Road. Suburb: Lilyfield. Date: 2022-02-05. Hour: 19. Traffic volume: 1191.0. Expected volume: 951.5. Traffic change: 25.2%. Rain: 0.2 mm. Weather: light_rain. Crash count: 3. Event count within 3km: 0. Public holiday: 0. School holiday: 0.,"Classify the anomaly level for this traffic station context. Choose one: normal, minor_anomaly, major_anomaly.",normal,Observed traffic is 25.2% different from the expected baseline. Main reason: explained_by_rain_crash.
15334002,7251,City-West Link Road,City-West Link Road,Lilyfield,Leichhardt,2023-11-23,15,1960.0,1901.0,59.0,3.103629668595476,no_change,3,2,normal,explained_by_rain_crash,Station: City-West Link Road. Road: City-West Link Road. Suburb: Lilyfield. Date: 2023-11-23. Hour: 15. Traffic volume: 1960.0. Expected volume: 1901.0. Traffic change: 3.1%. Rain: 0.1 mm. Weather: no_rain+overcast. Crash count: 3. Event count within 3km: 0. Public holiday: 0. School holiday: 0.,"Classify the anomaly level for this traffic station context. Choose one: normal, minor_anomaly, major_anomaly.",normal,Observed traffic is 3.1% different from the expected baseline. Main reason: explained_by_rain_crash.
15334003,7272,Edgar Street,Edgar Street,Bankstown,Bankstown,2022-01-03,9,152.0,488.0,-336.0,-68.85245901639344,decrease,1,1,major_anomaly,unexplained_beyond_crash,Station: Edgar Street. Road: Edgar Street. Suburb: Bankstown. Date: 2022-01-03. Hour: 9. Traffic volume: 152.0. Expected volume: 488.0. Traffic change: -68.9%. Rain: 0.0 mm. Weather: no_rain. Crash count: 1. Event count within 3km: 0. Public holiday: 0. School holiday: 0.,"Classify the anomaly level for this traffic station context. Choose one: normal, minor_anomaly, major_anomaly.",major_anomaly,Observed traffic is -68.9% different from the expected baseline. Main reason: unexplained_beyond_crash.
15334003,7272,Edgar Street,Edgar Street,Bankstown,Bankstown,2023-02-20,18,197.0,492.0,-295.0,-59.959349593495936,decrease,2,1,major_anomaly,unexplained_beyond_crash,Station: Edgar Street. Road: Edgar Street. Suburb: Bankstown. Date: 2023-02-20. Hour: 18. Traffic volume: 197.0. Expected volume: 492.0. Traffic change: -60.0%. Rain: 0.0 mm. Weather: no_rain. Crash count: 1. Event count within 3km: 0. Public holiday: 0. School holiday: 0.,"Classify the anomaly level for this traffic station context. Choose one: normal, minor_anomaly, major_anomaly.",major_anomaly,Observed traffic is -60.0% different from the expected baseline. Main reason: unexplained_beyond_crash.
15334003,7272,Edgar Street,Edgar Street,Bankstown,Bankstown,2023-02-14,9,158.0,488.0,-330.0,-67.62295081967213,decrease,3,2,major_anomaly,unexplained_beyond_rain_crash,Station: Edgar Street. Road: Edgar Street. Suburb: Bankstown. Date: 2023-02-14. Hour: 9. Traffic volume: 158.0. Expected volume: 488.0. Traffic change: -67.6%. Rain: 0.5 mm. Weather: light_rain+overcast. Crash count: 4. Event count within 3km: 0. Public holiday: 0. School holiday: 0.,"Classify the anomaly level for this traffic station context. Choose one: normal, minor_anomaly, major_anomaly.",major_anomaly,Observed traffic is -67.6% different from the expected baseline. Main reason: unexplained_beyond_rain_crash.
15334003,7272,Edgar Street,Edgar Street,Bankstown,Bankstown,2024-01-18,0,60.0,85.0,-25.0,-29.411764705882355,decrease,1,1,minor_anomaly,unexplained_beyond_crash,Station: Edgar Street. Road: Edgar Street. Suburb: Bankstown. Date: 2024-01-18. Hour: 0. Traffic volume: 60.0. Expected volume: 85.0. Traffic change: -29.4%. Rain: 0.0 mm. Weather: no_rain+very_humid. Crash count: 1. Event count within 3km: 0. Public holiday: 0. School holiday: 0.,"Classify the anomaly level for this traffic station context. Choose one: normal, minor_anomaly, major_anomaly.",minor_anomaly,Observed traffic is -29.4% different from the expected baseline. Main reason: unexplained_beyond_crash.
15334003,7272,Edgar Street,Edgar Street,Bankstown,Bankstown,2023-04-06,19,511.0,412.0,99.0,24.029126213592235,increase,2,1,minor_anomaly,unexplained_beyond_crash,Station: Edgar Street. Road: Edgar Street. Suburb: Bankstown. Date: 2023-04-06. Hour: 19. Traffic volume: 511.0. Expected volume: 412.0. Traffic change: 24.0%. Rain: 0.0 mm. Weather: no_rain+very_humid. Crash count: 2. Event count within 3km: 0. Public holiday: 0. School holiday: 0.,"Classify the anomaly level for this traffic station context. Choose one: normal, minor_anomaly, major_anomaly.",minor_anomaly,Observed traffic is 24.0% different from the expected baseline. Main reason: unexplained_beyond_crash.
15334003,7272,Edgar Street,Edgar Street,Bankstown,Bankstown,2024-02-11,3,60.0,48.0,12.0,25.0,increase,2,1,minor_anomaly,unexplained_beyond_crash,Station: Edgar Street. Road: Edgar Street. Suburb: Bankstown. Date: 2024-02-11. Hour: 3. Traffic volume: 60.0. Expected volume: 48.0. Traffic change: 25.0%. Rain: 0.0 mm. Weather: no_rain+very_humid. Crash count: 2. Event count within 3km: 0. Public holiday: 0. School holiday: 0.,"Classify the anomaly level for this traffic station context. Choose one: normal, minor_anomaly, major_anomaly.",minor_anomaly,Observed traffic is 25.0% different from the expected baseline. Main reason: unexplained_beyond_crash.
15334003,7272,Edgar Street,Edgar Street,Bankstown,Bankstown,2024-08-04,2,66.0,61.0,5.0,8.19672131147541,no_change,1,1,normal,explained_by_crash,Station: Edgar Street. Road: Edgar Street. Suburb: Bankstown. Date: 2024-08-04. Hour: 2. Traffic volume: 66.0. Expected volume: 61.0. Traffic change: 8.2%. Rain: 0.0 mm. Weather: no_rain+very_humid. Crash count: 2. Event count within 3km: 0. Public holiday: 0. School holiday: 0.,"Classify the anomaly level for this traffic station context. Choose one: normal, minor_anomaly, major_anomaly.",normal,Observed traffic is 8.2% different from the expected baseline. Main reason: explained_by_crash.
15334003,7272,Edgar Street,Edgar Street,Bankstown,Bankstown,2023-10-21,15,477.0,465.0,12.0,2.5806451612903225,no_change,2,1,normal,explained_by_crash,Station: Edgar Street. Road: Edgar Street. Suburb: Bankstown. Date: 2023-10-21. Hour: 15. Traffic volume: 477.0. Expected volume: 465.0. Traffic change: 2.6%. Rain: 0.0 mm. Weather: no_rain. Crash count: 3. Event count within 3km: 0. Public holiday: 0. School holiday: 0.,"Classify the anomaly level for this traffic station context. Choose one: normal, minor_anomaly, major_anomaly.",normal,Observed traffic is 2.6% different from the expected baseline. Main reason: explained_by_crash.
15334003,7272,Edgar Street,Edgar Street,Bankstown,Bankstown,2023-09-02,12,518.0,505.5,12.5,2.472799208704253,no_change,2,1,normal,explained_by_crash,Station: Edgar Street. Road: Edgar Street. Suburb: Bankstown. Date: 2023-09-02. Hour: 12. Traffic volume: 518.0. Expected volume: 505.5. Traffic change: 2.5%. Rain: 0.0 mm. Weather: no_rain+overcast. Crash count: 3. Event count within 3km: 0. Public holiday: 0. School holiday: 0.,"Classify the anomaly level for this traffic station context. Choose one: normal, minor_anomaly, major_anomaly.",normal,Observed traffic is 2.5% different from the expected baseline. Main reason: explained_by_crash.
15334004,7275,Georges River Road,Georges River Road,Croydon Park,Burwood,2022-12-04,21,167.0,845.0,-678.0,-80.23668639053254,decrease,2,1,major_anomaly,unexplained_beyond_crash,Station: Georges River Road. Road: Georges River Road. Suburb: Croydon Park. Date: 2022-12-04. Hour: 21. Traffic volume: 167.0. Expected volume: 845.0. Traffic change: -80.2%. Rain: 0.0 mm. Weather: no_rain. Crash count: 3. Event count within 3km: 0. Public holiday: 0. School holiday: 0.,"Classify the anomaly level for this traffic station context. Choose one: normal, minor_anomaly, major_anomaly.",major_anomaly,Observed traffic is -80.2% different from the expected baseline. Main reason: unexplained_beyond_crash.
15334004,7275,Georges River Road,Georges River Road,Croydon Park,Burwood,2022-11-15,5,173.0,711.0,-538.0,-75.66807313642757,decrease,0,0,major_anomaly,unexplained_no_context,Station: Georges River Road. Road: Georges River Road. Suburb: Croydon Park. Date: 2022-11-15. Hour: 5. Traffic volume: 173.0. Expected volume: 711.0. Traffic change: -75.7%. Rain: 0.0 mm. Weather: no_rain+very_humid. Crash count: 0. Event count within 3km: 0. Public holiday: 0. School holiday: 0.,"Classify the anomaly level for this traffic station context. Choose one: normal, minor_anomaly, major_anomaly.",major_anomaly,Observed traffic is -75.7% different from the expected baseline. Main reason: unexplained_no_context.
15334004,7275,Georges River Road,Georges River Road,Croydon Park,Burwood,2022-04-18,6,457.0,1397.0,-940.0,-67.28704366499642,decrease,2,1,major_anomaly,unexplained_beyond_crash,Station: Georges River Road. Road: Georges River Road. Suburb: Croydon Park. Date: 2022-04-18. Hour: 6. Traffic volume: 457.0. Expected volume: 1397.0. Traffic change: -67.3%. Rain: 0.0 mm. Weather: no_rain+very_humid+overcast. Crash count: 3. Event count within 3km: 0. Public holiday: 0. School holiday: 0.,"Classify the anomaly level for this traffic station context. Choose one: normal, minor_anomaly, major_anomaly.",major_anomaly,Observed traffic is -67.3% different from the expected baseline. Main reason: unexplained_beyond_crash.
15334004,7275,Georges River Road,Georges River Road,Croydon Park,Burwood,2024-11-04,5,554.0,711.0,-157.0,-22.081575246132207,decrease,1,1,minor_anomaly,unexplained_beyond_crash,Station: Georges River Road. Road: Georges River Road. Suburb: Croydon Park. Date: 2024-11-04. Hour: 5. Traffic volume: 554.0. Expected volume: 711.0. Traffic change: -22.1%. Rain: 0.0 mm. Weather: no_rain+very_humid. Crash count: 1. Event count within 3km: 0. Public holiday: 0. School holiday: 0.,"Classify the anomaly level for this traffic station context. Choose one: normal, minor_anomaly, major_anomaly.",minor_anomaly,Observed traffic is -22.1% different from the expected baseline. Main reason: unexplained_beyond_crash.
15334004,7275,Georges River Road,Georges River Road,Croydon Park,Burwood,2024-10-31,1,166.0,144.0,22.0,15.277777777777779,no_change,0,0,minor_anomaly,unexplained_no_context,Station: Georges River Road. Road: Georges River Road. Suburb: Croydon Park. Date: 2024-10-31. Hour: 1. Traffic volume: 166.0. Expected volume: 144.0. Traffic change: 15.3%. Rain: 0.0 mm. Weather: no_rain+very_humid. Crash count: 0. Event count within 3km: 0. Public holiday: 0. School holiday: 0.,"Classify the anomaly level for this traffic station context. Choose one: normal, minor_anomaly, major_anomaly.",minor_anomaly,Observed traffic is 15.3% different from the expected baseline. Main reason: unexplained_no_context.
15334004,7275,Georges River Road,Georges River Road,Croydon Park,Burwood,2023-11-13,1,168.0,144.0,24.0,16.666666666666664,no_change,0,0,minor_anomaly,unexplained_no_context,Station: Georges River Road. Road: Georges River Road. Suburb: Croydon Park. Date: 2023-11-13. Hour: 1. Traffic volume: 168.0. Expected volume: 144.0. Traffic change: 16.7%. Rain: 0.0 mm. Weather: no_rain+very_humid. Crash count: 0. Event count within 3km: 0. Public holiday: 0. School holiday: 0.,"Classify the anomaly level for this traffic station context. Choose one: normal, minor_anomaly, major_anomaly.",minor_anomaly,Observed traffic is 16.7% different from the expected baseline. Main reason: unexplained_no_context.
15334004,7275,Georges River Road,Georges River Road,Croydon Park,Burwood,2023-09-09,19,1186.0,1058.0,128.0,12.098298676748582,no_change,2,1,normal,explained_by_crash,Station: Georges River Road. Road: Georges River Road. Suburb: Croydon Park. Date: 2023-09-09. Hour: 19. Traffic volume: 1186.0. Expected volume: 1058.0. Traffic change: 12.1%. Rain: 0.0 mm. Weather: no_rain. Crash count: 3. Event count within 3km: 0. Public holiday: 0. School holiday: 0.,"Classify the anomaly level for this traffic station context. Choose one: normal, minor_anomaly, major_anomaly.",normal,Observed traffic is 12.1% different from the expected baseline. Main reason: explained_by_crash.
15334004,7275,Georges River Road,Georges River Road,Croydon Park,Burwood,2022-02-21,1,125.0,144.0,-19.0,-13.194444444444445,no_change,2,1,normal,explained_by_crash,Station: Georges River Road. Road: Georges River Road. Suburb: Croydon Park. Date: 2022-02-21. Hour: 1. Traffic volume: 125.0. Expected volume: 144.0. Traffic change: -13.2%. Rain: 0.0 mm. Weather: no_rain+very_humid. Crash count: 1. Event count within 3km: 0. Public holiday: 0. School holiday: 0.,"Classify the anomaly level for this traffic station context. Choose one: normal, minor_anomaly, major_anomaly.",normal,Observed traffic is -13.2% different from the expected baseline. Main reason: explained_by_crash.
15334004,7275,Georges River Road,Georges River Road,Croydon Park,Burwood,2024-04-14,3,222.0,201.0,21.0,10.44776119402985,no_change,0,0,normal,no_deviation,Station: Georges River Road. Road: Georges River Road. Suburb: Croydon Park. Date: 2024-04-14. Hour: 3. Traffic volume: 222.0. Expected volume: 201.0. Traffic change: 10.4%. Rain: 0.0 mm. Weather: no_rain+very_humid. Crash count: 0. Event count within 3km: 0. Public holiday: 0. School holiday: 0.,"Classify the anomaly level for this traffic station context. Choose one: normal, minor_anomaly, major_anomaly.",normal,Observed traffic is 10.4% different from the expected baseline. Main reason: no_deviation.
15334006,9827,Pittwater Road,Pittwater Road,Narrabeen,Warringah,2023-08-26,5,179.0,128.0,51.0,39.84375,increase,0,0,major_anomaly,unexplained_no_context,Station: Pittwater Road. Road: Pittwater Road. Suburb: Narrabeen. Date: 2023-08-26. Hour: 5. Traffic volume: 179.0. Expected volume: 128.0. Traffic change: 39.8%. Rain: 0.0 mm. Weather: no_rain+very_humid+overcast. Crash count: 0. Event count within 3km: 0. Public holiday: 0. School holiday: 0.,"Classify the anomaly level for this traffic station context. Choose one: normal, minor_anomaly, major_anomaly.",major_anomaly,Observed traffic is 39.8% different from the expected baseline. Main reason: unexplained_no_context.
15334006,9827,Pittwater Road,Pittwater Road,Narrabeen,Warringah,2024-01-12,1,42.0,30.0,12.0,40.0,increase,0,0,major_anomaly,unexplained_no_context,Station: Pittwater Road. Road: Pittwater Road. Suburb: Narrabeen. Date: 2024-01-12. Hour: 1. Traffic volume: 42.0. Expected volume: 30.0. Traffic change: 40.0%. Rain: 0.0 mm. Weather: no_rain+very_humid. Crash count: 0. Event count within 3km: 0. Public holiday: 0. School holiday: 0.,"Classify the anomaly level for this traffic station context. Choose one: normal, minor_anomaly, major_anomaly.",major_anomaly,Observed traffic is 40.0% different from the expected baseline. Main reason: unexplained_no_context.
15334006,9827,Pittwater Road,Pittwater Road,Narrabeen,Warringah,2022-03-17,12,506.0,1074.0,-568.0,-52.886405959031656,decrease,1,1,major_anomaly,unexplained_beyond_rain,Station: Pittwater Road. Road: Pittwater Road. Suburb: Narrabeen. Date: 2022-03-17. Hour: 12. Traffic volume: 506.0. Expected volume: 1074.0. Traffic change: -52.9%. Rain: 0.1 mm. Weather: no_rain+overcast. Crash count: 0. Event count within 3km: 0. Public holiday: 0. School holiday: 0.,"Classify the anomaly level for this traffic station context. Choose one: normal, minor_anomaly, major_anomaly.",major_anomaly,Observed traffic is -52.9% different from the expected baseline. Main reason: unexplained_beyond_rain.
15334006,9827,Pittwater Road,Pittwater Road,Narrabeen,Warringah,2024-10-11,13,1202.0,1021.0,181.0,17.72771792360431,no_change,0,0,minor_anomaly,unexplained_no_context,Station: Pittwater Road. Road: Pittwater Road. Suburb: Narrabeen. Date: 2024-10-11. Hour: 13. Traffic volume: 1202.0. Expected volume: 1021.0. Traffic change: 17.7%. Rain: 0.0 mm. Weather: no_rain+overcast. Crash count: 0. Event count within 3km: 0. Public holiday: 0. School holiday: 0.,"Classify the anomaly level for this traffic station context. Choose one: normal, minor_anomaly, major_anomaly.",minor_anomaly,Observed traffic is 17.7% different from the expected baseline. Main reason: unexplained_no_context.
15334006,9827,Pittwater Road,Pittwater Road,Narrabeen,Warringah,2023-10-25,20,569.0,455.0,114.0,25.054945054945055,increase,2,2,minor_anomaly,unexplained_beyond_rain_crash,Station: Pittwater Road. Road: Pittwater Road. Suburb: Narrabeen. Date: 2023-10-25. Hour: 20. Traffic volume: 569.0. Expected volume: 455.0. Traffic change: 25.1%. Rain: 0.2 mm. Weather: light_rain+very_humid+overcast. Crash count: 1. Event count within 3km: 0. Public holiday: 0. School holiday: 0.,"Classify the anomaly level for this traffic station context. Choose one: normal, minor_anomaly, major_anomaly.",minor_anomaly,Observed traffic is 25.1% different from the expected baseline. Main reason: unexplained_beyond_rain_crash.
15334006,9827,Pittwater Road,Pittwater Road,Narrabeen,Warringah,2024-06-03,2,34.0,28.0,6.0,21.428571428571427,increase,0,0,minor_anomaly,unexplained_no_context,Station: Pittwater Road. Road: Pittwater Road. Suburb: Narrabeen. Date: 2024-06-03. Hour: 2. Traffic volume: 34.0. Expected volume: 28.0. Traffic change: 21.4%. Rain: 0.0 mm. Weather: no_rain+overcast. Crash count: 0. Event count within 3km: 0. Public holiday: 0. School holiday: 0.,"Classify the anomaly level for this traffic station context. Choose one: normal, minor_anomaly, major_anomaly.",minor_anomaly,Observed traffic is 21.4% different from the expected baseline. Main reason: unexplained_no_context.
15334006,9827,Pittwater Road,Pittwater Road,Narrabeen,Warringah,2024-04-21,12,1230.0,1308.5,-78.5,-5.99923576614444,no_change,1,1,normal,explained_by_rain,Station: Pittwater Road. Road: Pittwater Road. Suburb: Narrabeen. Date: 2024-04-21. Hour: 12. Traffic volume: 1230.0. Expected volume: 1308.5. Traffic change: -6.0%. Rain: 0.1 mm. Weather: no_rain. Crash count: 0. Event count within 3km: 0. Public holiday: 0. School holiday: 0.,"Classify the anomaly level for this traffic station context. Choose one: normal, minor_anomaly, major_anomaly.",normal,Observed traffic is -6.0% different from the expected baseline. Main reason: explained_by_rain.
15334006,9827,Pittwater Road,Pittwater Road,Narrabeen,Warringah,2024-01-21,7,436.0,451.0,-15.0,-3.325942350332594,no_change,0,0,normal,no_deviation,Station: Pittwater Road. Road: Pittwater Road. Suburb: Narrabeen. Date: 2024-01-21. Hour: 7. Traffic volume: 436.0. Expected volume: 451.0. Traffic change: -3.3%. Rain: 0.0 mm. Weather: no_rain+very_humid. Crash count: 0. Event count within 3km: 0. Public holiday: 0. School holiday: 0.,"Classify the anomaly level for this traffic station context. Choose one: normal, minor_anomaly, major_anomaly.",normal,Observed traffic is -3.3% different from the expected baseline. Main reason: no_deviation.
15334006,9827,Pittwater Road,Pittwater Road,Narrabeen,Warringah,2023-02-26,3,56.0,49.0,7.0,14.285714285714285,no_change,0,0,normal,no_deviation,Station: Pittwater Road. Road: Pittwater Road. Suburb: Narrabeen. Date: 2023-02-26. Hour: 3. Traffic volume: 56.0. Expected volume: 49.0. Traffic change: 14.3%. Rain: 0.0 mm. Weather: no_rain+very_humid+overcast. Crash count: 0. Event count within 3km: 0. Public holiday: 0. School holiday: 0.,"Classify the anomaly level for this traffic station context. Choose one: normal, minor_anomaly, major_anomaly.",normal,Observed traffic is 14.3% different from the expected baseline. Main reason: no_deviation.
15334014,T0085,Galston Road,Galston Road,Hornsby Heights,Hornsby,2023-02-11,2,3.0,5.0,-2.0,-40.0,decrease,0,0,major_anomaly,unexplained_no_context,Station: Galston Road. Road: Galston Road. Suburb: Hornsby Heights. Date: 2023-02-11. Hour: 2. Traffic volume: 3.0. Expected volume: 5.0. Traffic change: -40.0%. Rain: 0.0 mm. Weather: no_rain+very_humid. Crash count: 0. Event count within 3km: 0. Public holiday: 0. School holiday: 0.,"Classify the anomaly level for this traffic station context. Choose one: normal, minor_anomaly, major_anomaly.",major_anomaly,Observed traffic is -40.0% different from the expected baseline. Main reason: unexplained_no_context.
15334014,T0085,Galston Road,Galston Road,Hornsby Heights,Hornsby,2024-11-12,23,23.0,14.0,9.0,64.28571428571429,increase,0,0,major_anomaly,unexplained_no_context,Station: Galston Road. Road: Galston Road. Suburb: Hornsby Heights. Date: 2024-11-12. Hour: 23. Traffic volume: 23.0. Expected volume: 14.0. Traffic change: 64.3%. Rain: 0.0 mm. Weather: no_rain+very_humid. Crash count: 0. Event count within 3km: 0. Public holiday: 0. School holiday: 0.,"Classify the anomaly level for this traffic station context. Choose one: normal, minor_anomaly, major_anomaly.",major_anomaly,Observed traffic is 64.3% different from the expected baseline. Main reason: unexplained_no_context.
15334014,T0085,Galston Road,Galston Road,Hornsby Heights,Hornsby,2024-04-25,8,125.0,348.0,-223.0,-64.08045977011494,decrease,2,1,major_anomaly,unexplained_beyond_crash,Station: Galston Road. Road: Galston Road. Suburb: Hornsby Heights. Date: 2024-04-25. Hour: 8. Traffic volume: 125.0. Expected volume: 348.0. Traffic change: -64.1%. Rain: 0.0 mm. Weather: no_rain. Crash count: 1. Event count within 3km: 0. Public holiday: 0. School holiday: 0.,"Classify the anomaly level for this traffic station context. Choose one: normal, minor_anomaly, major_anomaly.",major_anomaly,Observed traffic is -64.1% different from the expected baseline. Main reason: unexplained_beyond_crash.
15334014,T0085,Galston Road,Galston Road,Hornsby Heights,Hornsby,2024-08-26,7,489.0,399.0,90.0,22.55639097744361,increase,0,0,minor_anomaly,unexplained_no_context,Station: Galston Road. Road: Galston Road. Suburb: Hornsby Heights. Date: 2024-08-26. Hour: 7. Traffic volume: 489.0. Expected volume: 399.0. Traffic change: 22.6%. Rain: 0.0 mm. Weather: no_rain. Crash count: 0. Event count within 3km: 0. Public holiday: 0. School holiday: 0.,"Classify the anomaly level for this traffic station context. Choose one: normal, minor_anomaly, major_anomaly.",minor_anomaly,Observed traffic is 22.6% different from the expected baseline. Main reason: unexplained_no_context.
15334014,T0085,Galston Road,Galston Road,Hornsby Heights,Hornsby,2024-02-18,10,236.0,279.0,-43.0,-15.412186379928317,no_change,0,0,minor_anomaly,unexplained_no_context,Station: Galston Road. Road: Galston Road. Suburb: Hornsby Heights. Date: 2024-02-18. Hour: 10. Traffic volume: 236.0. Expected volume: 279.0. Traffic change: -15.4%. Rain: 0.0 mm. Weather: no_rain. Crash count: 0. Event count within 3km: 0. Public holiday: 0. School holiday: 0.,"Classify the anomaly level for this traffic station context. Choose one: normal, minor_anomaly, major_anomaly.",minor_anomaly,Observed traffic is -15.4% different from the expected baseline. Main reason: unexplained_no_context.
15334014,T0085,Galston Road,Galston Road,Hornsby Heights,Hornsby,2024-01-15,19,89.0,107.0,-18.0,-16.822429906542055,no_change,0,0,minor_anomaly,unexplained_no_context,Station: Galston Road. Road: Galston Road. Suburb: Hornsby Heights. Date: 2024-01-15. Hour: 19. Traffic volume: 89.0. Expected volume: 107.0. Traffic change: -16.8%. Rain: 0.0 mm. Weather: no_rain+overcast. Crash count: 0. Event count within 3km: 0. Public holiday: 0. School holiday: 0.,"Classify the anomaly level for this traffic station context. Choose one: normal, minor_anomaly, major_anomaly.",minor_anomaly,Observed traffic is -16.8% different from the expected baseline. Main reason: unexplained_no_context.
15334014,T0085,Galston Road,Galston Road,Hornsby Heights,Hornsby,2024-04-02,9,263.0,256.0,7.0,2.734375,no_change,1,1,normal,explained_by_rain,Station: Galston Road. Road: Galston Road. Suburb: Hornsby Heights. Date: 2024-04-02. Hour: 9. Traffic volume: 263.0. Expected volume: 256.0. Traffic change: 2.7%. Rain: 0.7 mm. Weather: light_rain+overcast. Crash count: 0. Event count within 3km: 0. Public holiday: 0. School holiday: 0.,"Classify the anomaly level for this traffic station context. Choose one: normal, minor_anomaly, major_anomaly.",normal,Observed traffic is 2.7% different from the expected baseline. Main reason: explained_by_rain.
15334014,T0085,Galston Road,Galston Road,Hornsby Heights,Hornsby,2024-08-08,23,12.0,14.0,-2.0,-14.285714285714285,no_change,2,1,normal,explained_by_crash,Station: Galston Road. Road: Galston Road. Suburb: Hornsby Heights. Date: 2024-08-08. Hour: 23. Traffic volume: 12.0. Expected volume: 14.0. Traffic change: -14.3%. Rain: 0.0 mm. Weather: no_rain+very_humid+overcast. Crash count: 2. Event count within 3km: 0. Public holiday: 0. School holiday: 0.,"Classify the anomaly level for this traffic station context. Choose one: normal, minor_anomaly, major_anomaly.",normal,Observed traffic is -14.3% different from the expected baseline. Main reason: explained_by_crash.
15334014,T0085,Galston Road,Galston Road,Hornsby Heights,Hornsby,2024-03-04,5,58.0,63.0,-5.0,-7.936507936507936,no_change,0,0,normal,no_deviation,Station: Galston Road. Road: Galston Road. Suburb: Hornsby Heights. Date: 2024-03-04. Hour: 5. Traffic volume: 58.0. Expected volume: 63.0. Traffic change: -7.9%. Rain: 0.0 mm. Weather: no_rain. Crash count: 0. Event count within 3km: 0. Public holiday: 0. School holiday: 0.,"Classify the anomaly level for this traffic station context. Choose one: normal, minor_anomaly, major_anomaly.",normal,Observed traffic is -7.9% different from the expected baseline. Main reason: no_deviation.
15334016,T0231,Victoria Road,Victoria Road,Huntleys Point,Hunters Hill,2023-12-31,16,414.0,1193.5,-779.5,-65.31210724759113,decrease,1,1,major_anomaly,unexplained_beyond_crash,Station: Victoria Road. Road: Victoria Road. Suburb: Huntleys Point. Date: 2023-12-31. Hour: 16. Traffic volume: 414.0. Expected volume: 1193.5. Traffic change: -65.3%. Rain: 0.0 mm. Weather: no_rain+overcast. Crash count: 1. Event count within 3km: 0. Public holiday: 0. School holiday: 0.,"Classify the anomaly level for this traffic station context. Choose one: normal, minor_anomaly, major_anomaly.",major_anomaly,Observed traffic is -65.3% different from the expected baseline. Main reason: unexplained_beyond_crash.
15334016,T0231,Victoria Road,Victoria Road,Huntleys Point,Hunters Hill,2022-03-20,23,175.0,352.0,-177.0,-50.28409090909091,decrease,0,0,major_anomaly,unexplained_no_context,Station: Victoria Road. Road: Victoria Road. Suburb: Huntleys Point. Date: 2022-03-20. Hour: 23. Traffic volume: 175.0. Expected volume: 352.0. Traffic change: -50.3%. Rain: 0.0 mm. Weather: no_rain+very_humid+overcast. Crash count: 0. Event count within 3km: 0. Public holiday: 0. School holiday: 0.,"Classify the anomaly level for this traffic station context. Choose one: normal, minor_anomaly, major_anomaly.",major_anomaly,Observed traffic is -50.3% different from the expected baseline. Main reason: unexplained_no_context.
15334016,T0231,Victoria Road,Victoria Road,Huntleys Point,Hunters Hill,2024-12-06,2,100.0,57.0,43.0,75.43859649122807,increase,0,0,major_anomaly,unexplained_no_context,Station: Victoria Road. Road: Victoria Road. Suburb: Huntleys Point. Date: 2024-12-06. Hour: 2. Traffic volume: 100.0. Expected volume: 57.0. Traffic change: 75.4%. Rain: 0.0 mm. Weather: no_rain+very_humid. Crash count: 0. Event count within 3km: 0. Public holiday: 0. School holiday: 0.,"Classify the anomaly level for this traffic station context. Choose one: normal, minor_anomaly, major_anomaly.",major_anomaly,Observed traffic is 75.4% different from the expected baseline. Main reason: unexplained_no_context.
15334016,T0231,Victoria Road,Victoria Road,Huntleys Point,Hunters Hill,2022-01-09,15,877.0,1185.0,-308.0,-25.991561181434598,decrease,2,2,minor_anomaly,unexplained_beyond_rain_crash,Station: Victoria Road. Road: Victoria Road. Suburb: Huntleys Point. Date: 2022-01-09. Hour: 15. Traffic volume: 877.0. Expected volume: 1185.0. Traffic change: -26.0%. Rain: 0.2 mm. Weather: light_rain+very_humid+overcast. Crash count: 1. Event count within 3km: 0. Public holiday: 0. School holiday: 0.,"Classify the anomaly level for this traffic station context. Choose one: normal, minor_anomaly, major_anomaly.",minor_anomaly,Observed traffic is -26.0% different from the expected baseline. Main reason: unexplained_beyond_rain_crash.
15334016,T0231,Victoria Road,Victoria Road,Huntleys Point,Hunters Hill,2022-02-21,23,153.0,206.0,-53.0,-25.728155339805824,decrease,0,0,minor_anomaly,unexplained_no_context,Station: Victoria Road. Road: Victoria Road. Suburb: Huntleys Point. Date: 2022-02-21. Hour: 23. Traffic volume: 153.0. Expected volume: 206.0. Traffic change: -25.7%. Rain: 0.0 mm. Weather: no_rain+very_humid+overcast. Crash count: 0. Event count within 3km: 0. Public holiday: 0. School holiday: 0.,"Classify the anomaly level for this traffic station context. Choose one: normal, minor_anomaly, major_anomaly.",minor_anomaly,Observed traffic is -25.7% different from the expected baseline. Main reason: unexplained_no_context.
15334016,T0231,Victoria Road,Victoria Road,Huntleys Point,Hunters Hill,2024-07-14,21,408.0,581.0,-173.0,-29.776247848537007,decrease,2,1,minor_anomaly,unexplained_beyond_crash,Station: Victoria Road. Road: Victoria Road. Suburb: Huntleys Point. Date: 2024-07-14. Hour: 21. Traffic volume: 408.0. Expected volume: 581.0. Traffic change: -29.8%. Rain: 0.0 mm. Weather: no_rain. Crash count: 1. Event count within 3km: 0. Public holiday: 0. School holiday: 0.,"Classify the anomaly level for this traffic station context. Choose one: normal, minor_anomaly, major_anomaly.",minor_anomaly,Observed traffic is -29.8% different from the expected baseline. Main reason: unexplained_beyond_crash.
15334016,T0231,Victoria Road,Victoria Road,Huntleys Point,Hunters Hill,2024-05-31,5,809.0,814.0,-5.0,-0.6142506142506142,no_change,0,0,normal,no_deviation,Station: Victoria Road. Road: Victoria Road. Suburb: Huntleys Point. Date: 2024-05-31. Hour: 5. Traffic volume: 809.0. Expected volume: 814.0. Traffic change: -0.6%. Rain: 0.0 mm. Weather: no_rain+overcast. Crash count: 0. Event count within 3km: 0. Public holiday: 0. School holiday: 0.,"Classify the anomaly level for this traffic station context. Choose one: normal, minor_anomaly, major_anomaly.",normal,Observed traffic is -0.6% different from the expected baseline. Main reason: no_deviation.
15334016,T0231,Victoria Road,Victoria Road,Huntleys Point,Hunters Hill,2024-02-18,18,992.0,1058.5,-66.5,-6.282475200755787,no_change,2,1,normal,explained_by_crash,Station: Victoria Road. Road: Victoria Road. Suburb: Huntleys Point. Date: 2024-02-18. Hour: 18. Traffic volume: 992.0. Expected volume: 1058.5. Traffic change: -6.3%. Rain: 0.0 mm. Weather: no_rain+overcast. Crash count: 1. Event count within 3km: 0. Public holiday: 0. School holiday: 0.,"Classify the anomaly level for this traffic station context. Choose one: normal, minor_anomaly, major_anomaly.",normal,Observed traffic is -6.3% different from the expected baseline. Main reason: explained_by_crash.
15334016,T0231,Victoria Road,Victoria Road,Huntleys Point,Hunters Hill,2024-02-21,16,1486.0,1333.0,153.0,11.47786946736684,no_change,2,1,normal,explained_by_crash,Station: Victoria Road. Road: Victoria Road. Suburb: Huntleys Point. Date: 2024-02-21. Hour: 16. Traffic volume: 1486.0. Expected volume: 1333.0. Traffic change: 11.5%. Rain: 0.0 mm. Weather: no_rain+very_humid+overcast. Crash count: 6. Event count within 3km: 0. Public holiday: 0. School holiday: 0.,"Classify the anomaly level for this traffic station context. Choose one: normal, minor_anomaly, major_anomaly.",normal,Observed traffic is 11.5% different from the expected baseline. Main reason: explained_by_crash.
15334029,T0337,Galston Road,Galston Road,Galston,Hornsby,2024-11-03,0,28.0,20.0,8.0,40.0,increase,0,0,major_anomaly,unexplained_no_context,Station: Galston Road. Road: Galston Road. Suburb: Galston. Date: 2024-11-03. Hour: 0. Traffic volume: 28.0. Expected volume: 20.0. Traffic change: 40.0%. Rain: 0.0 mm. Weather: no_rain+very_humid. Crash count: 0. Event count within 3km: 0. Public holiday: 0. School holiday: 0.,"Classify the anomaly level for this traffic station context. Choose one: normal, minor_anomaly, major_anomaly.",major_anomaly,Observed traffic is 40.0% different from the expected baseline. Main reason: unexplained_no_context.
15334029,T0337,Galston Road,Galston Road,Galston,Hornsby,2024-01-15,21,39.0,58.0,-19.0,-32.758620689655174,decrease,0,0,major_anomaly,unexplained_no_context,Station: Galston Road. Road: Galston Road. Suburb: Galston. Date: 2024-01-15. Hour: 21. Traffic volume: 39.0. Expected volume: 58.0. Traffic change: -32.8%. Rain: 0.0 mm. Weather: no_rain+overcast. Crash count: 0. Event count within 3km: 0. Public holiday: 0. School holiday: 0.,"Classify the anomaly level for this traffic station context. Choose one: normal, minor_anomaly, major_anomaly.",major_anomaly,Observed traffic is -32.8% different from the expected baseline. Main reason: unexplained_no_context.
15334029,T0337,Galston Road,Galston Road,Galston,Hornsby,2022-05-05,19,19.0,126.0,-107.0,-84.92063492063492,decrease,1,1,major_anomaly,unexplained_beyond_rain,Station: Galston Road. Road: Galston Road. Suburb: Galston. Date: 2022-05-05. Hour: 19. Traffic volume: 19.0. Expected volume: 126.0. Traffic change: -84.9%. Rain: 0.1 mm. Weather: no_rain+very_humid. Crash count: 0. Event count within 3km: 0. Public holiday: 0. School holiday: 0.,"Classify the anomaly level for this traffic station context. Choose one: normal, minor_anomaly, major_anomaly.",major_anomaly,Observed traffic is -84.9% different from the expected baseline. Main reason: unexplained_beyond_rain.
15334029,T0337,Galston Road,Galston Road,Galston,Hornsby,2024-08-15,3,3.0,4.0,-1.0,-25.0,decrease,0,0,minor_anomaly,unexplained_no_context,Station: Galston Road. Road: Galston Road. Suburb: Galston. Date: 2024-08-15. Hour: 3. Traffic volume: 3.0. Expected volume: 4.0. Traffic change: -25.0%. Rain: 0.0 mm. Weather: no_rain+very_humid. Crash count: 0. Event count within 3km: 0. Public holiday: 0. School holiday: 0.,"Classify the anomaly level for this traffic station context. Choose one: normal, minor_anomaly, major_anomaly.",minor_anomaly,Observed traffic is -25.0% different from the expected baseline. Main reason: unexplained_no_context.
15334029,T0337,Galston Road,Galston Road,Galston,Hornsby,2024-12-05,18,272.0,235.0,37.0,15.74468085106383,no_change,0,0,minor_anomaly,unexplained_no_context,Station: Galston Road. Road: Galston Road. Suburb: Galston. Date: 2024-12-05. Hour: 18. Traffic volume: 272.0. Expected volume: 235.0. Traffic change: 15.7%. Rain: 0.0 mm. Weather: no_rain. Crash count: 0. Event count within 3km: 0. Public holiday: 0. School holiday: 0.,"Classify the anomaly level for this traffic station context. Choose one: normal, minor_anomaly, major_anomaly.",minor_anomaly,Observed traffic is 15.7% different from the expected baseline. Main reason: unexplained_no_context.
15334029,T0337,Galston Road,Galston Road,Galston,Hornsby,2023-11-24,1,4.0,5.0,-1.0,-20.0,decrease,0,0,minor_anomaly,unexplained_no_context,Station: Galston Road. Road: Galston Road. Suburb: Galston. Date: 2023-11-24. Hour: 1. Traffic volume: 4.0. Expected volume: 5.0. Traffic change: -20.0%. Rain: 0.0 mm. Weather: no_rain+very_humid+overcast. Crash count: 0. Event count within 3km: 0. Public holiday: 0. School holiday: 0.,"Classify the anomaly level for this traffic station context. Choose one: normal, minor_anomaly, major_anomaly.",minor_anomaly,Observed traffic is -20.0% different from the expected baseline. Main reason: unexplained_no_context.
15334029,T0337,Galston Road,Galston Road,Galston,Hornsby,2024-02-14,2,4.0,4.0,0.0,0.0,no_change,0,0,normal,no_deviation,Station: Galston Road. Road: Galston Road. Suburb: Galston. Date: 2024-02-14. Hour: 2. Traffic volume: 4.0. Expected volume: 4.0. Traffic change: 0.0%. Rain: 0.0 mm. Weather: no_rain+very_humid. Crash count: 0. Event count within 3km: 0. Public holiday: 0. School holiday: 0.,"Classify the anomaly level for this traffic station context. Choose one: normal, minor_anomaly, major_anomaly.",normal,Observed traffic is 0.0% different from the expected baseline. Main reason: no_deviation.
15334029,T0337,Galston Road,Galston Road,Galston,Hornsby,2023-11-30,0,8.0,7.0,1.0,14.285714285714285,no_change,0,0,normal,no_deviation,Station: Galston Road. Road: Galston Road. Suburb: Galston. Date: 2023-11-30. Hour: 0. Traffic volume: 8.0. Expected volume: 7.0. Traffic change: 14.3%. Rain: 0.0 mm. Weather: no_rain+very_humid. Crash count: 0. Event count within 3km: 0. Public holiday: 0. School holiday: 0.,"Classify the anomaly level for this traffic station context. Choose one: normal, minor_anomaly, major_anomaly.",normal,Observed traffic is 14.3% different from the expected baseline. Main reason: no_deviation.
15334029,T0337,Galston Road,Galston Road,Galston,Hornsby,2023-07-05,21,55.0,58.0,-3.0,-5.172413793103448,no_change,0,0,normal,no_deviation,Station: Galston Road. Road: Galston Road. Suburb: Galston. Date: 2023-07-05. Hour: 21. Traffic volume: 55.0. Expected volume: 58.0. Traffic change: -5.2%. Rain: 0.0 mm. Weather: no_rain+very_humid. Crash count: 0. Event count within 3km: 0. Public holiday: 0. School holiday: 0.,"Classify the anomaly level for this traffic station context. Choose one: normal, minor_anomaly, major_anomaly.",normal,Observed traffic is -5.2% different from the expected baseline. Main reason: no_deviation.
15334030,T0342,Galston Road,Galston Road,Galston,Hornsby,2023-02-09,1,7.0,4.0,3.0,75.0,increase,1,1,major_anomaly,unexplained_beyond_rain,Station: Galston Road. Road: Galston Road. Suburb: Galston. Date: 2023-02-09. Hour: 1. Traffic volume: 7.0. Expected volume: 4.0. Traffic change: 75.0%. Rain: 2.2 mm. Weather: light_rain+very_humid. Crash count: 0. Event count within 3km: 0. Public holiday: 0. School holiday: 0.,"Classify the anomaly level for this traffic station context. Choose one: normal, minor_anomaly, major_anomaly.",major_anomaly,Observed traffic is 75.0% different from the expected baseline. Main reason: unexplained_beyond_rain.
15334030,T0342,Galston Road,Galston Road,Galston,Hornsby,2023-07-21,23,34.0,15.0,19.0,126.66666666666666,increase,0,0,major_anomaly,unexplained_no_context,Station: Galston Road. Road: Galston Road. Suburb: Galston. Date: 2023-07-21. Hour: 23. Traffic volume: 34.0. Expected volume: 15.0. Traffic change: 126.7%. Rain: 0.0 mm. Weather: no_rain. Crash count: 0. Event count within 3km: 0. Public holiday: 0. School holiday: 0.,"Classify the anomaly level for this traffic station context. Choose one: normal, minor_anomaly, major_anomaly.",major_anomaly,Observed traffic is 126.7% different from the expected baseline. Main reason: unexplained_no_context.
15334030,T0342,Galston Road,Galston Road,Galston,Hornsby,2024-05-15,3,4.0,3.0,1.0,33.33333333333333,increase,0,0,major_anomaly,unexplained_no_context,Station: Galston Road. Road: Galston Road. Suburb: Galston. Date: 2024-05-15. Hour: 3. Traffic volume: 4.0. Expected volume: 3.0. Traffic change: 33.3%. Rain: 0.0 mm. Weather: no_rain+very_humid. Crash count: 0. Event count within 3km: 0. Public holiday: 0. School holiday: 0.,"Classify the anomaly level for this traffic station context. Choose one: normal, minor_anomaly, major_anomaly.",major_anomaly,Observed traffic is 33.3% different from the expected baseline. Main reason: unexplained_no_context.
15334030,T0342,Galston Road,Galston Road,Galston,Hornsby,2024-07-17,20,54.0,66.5,-12.5,-18.796992481203006,no_change,0,0,minor_anomaly,unexplained_no_context,Station: Galston Road. Road: Galston Road. Suburb: Galston. Date: 2024-07-17. Hour: 20. Traffic volume: 54.0. Expected volume: 66.5. Traffic change: -18.8%. Rain: 0.0 mm. Weather: no_rain. Crash count: 0. Event count within 3km: 0. Public holiday: 0. School holiday: 0.,"Classify the anomaly level for this traffic station context. Choose one: normal, minor_anomaly, major_anomaly.",minor_anomaly,Observed traffic is -18.8% different from the expected baseline. Main reason: unexplained_no_context.
15334030,T0342,Galston Road,Galston Road,Galston,Hornsby,2023-09-26,21,46.0,55.0,-9.0,-16.363636363636363,no_change,0,0,minor_anomaly,unexplained_no_context,Station: Galston Road. Road: Galston Road. Suburb: Galston. Date: 2023-09-26. Hour: 21. Traffic volume: 46.0. Expected volume: 55.0. Traffic change: -16.4%. Rain: 0.0 mm. Weather: no_rain+very_humid. Crash count: 0. Event count within 3km: 0. Public holiday: 0. School holiday: 0.,"Classify the anomaly level for this traffic station context. Choose one: normal, minor_anomaly, major_anomaly.",minor_anomaly,Observed traffic is -16.4% different from the expected baseline. Main reason: unexplained_no_context.
15334030,T0342,Galston Road,Galston Road,Galston,Hornsby,2024-05-18,22,48.0,39.0,9.0,23.076923076923077,increase,0,0,minor_anomaly,unexplained_no_context,Station: Galston Road. Road: Galston Road. Suburb: Galston. Date: 2024-05-18. Hour: 22. Traffic volume: 48.0. Expected volume: 39.0. Traffic change: 23.1%. Rain: 0.0 mm. Weather: no_rain. Crash count: 0. Event count within 3km: 0. Public holiday: 0. School holiday: 0.,"Classify the anomaly level for this traffic station context. Choose one: normal, minor_anomaly, major_anomaly.",minor_anomaly,Observed traffic is 23.1% different from the expected baseline. Main reason: unexplained_no_context.
15334030,T0342,Galston Road,Galston Road,Galston,Hornsby,2024-10-05,14,313.0,286.0,27.0,9.44055944055944,no_change,0,0,normal,no_deviation,Station: Galston Road. Road: Galston Road. Suburb: Galston. Date: 2024-10-05. Hour: 14. Traffic volume: 313.0. Expected volume: 286.0. Traffic change: 9.4%. Rain: 0.0 mm. Weather: no_rain+overcast. Crash count: 0. Event count within 3km: 0. Public holiday: 0. School holiday: 0.,"Classify the anomaly level for this traffic station context. Choose one: normal, minor_anomaly, major_anomaly.",normal,Observed traffic is 9.4% different from the expected baseline. Main reason: no_deviation.
15334030,T0342,Galston Road,Galston Road,Galston,Hornsby,2023-02-06,16,408.0,431.0,-23.0,-5.336426914153132,no_change,0,0,normal,no_deviation,Station: Galston Road. Road: Galston Road. Suburb: Galston. Date: 2023-02-06. Hour: 16. Traffic volume: 408.0. Expected volume: 431.0. Traffic change: -5.3%. Rain: 0.0 mm. Weather: no_rain. Crash count: 0. Event count within 3km: 0. Public holiday: 0. School holiday: 0.,"Classify the anomaly level for this traffic station context. Choose one: normal, minor_anomaly, major_anomaly.",normal,Observed traffic is -5.3% different from the expected baseline. Main reason: no_deviation.
15334030,T0342,Galston Road,Galston Road,Galston,Hornsby,2023-04-26,19,116.0,110.0,6.0,5.454545454545454,no_change,0,0,normal,no_deviation,Station: Galston Road. Road: Galston Road. Suburb: Galston. Date: 2023-04-26. Hour: 19. Traffic volume: 116.0. Expected volume: 110.0. Traffic change: 5.5%. Rain: 0.0 mm. Weather: no_rain+very_humid. Crash count: 0. Event count within 3km: 0. Public holiday: 0. School holiday: 0.,"Classify the anomaly level for this traffic station context. Choose one: normal, minor_anomaly, major_anomaly.",normal,Observed traffic is 5.5% different from the expected baseline. Main reason: no_deviation.
15334031,T0345,Galston Road,Galston Road,Hornsby,Hornsby,2024-11-16,5,105.0,71.0,34.0,47.88732394366197,increase,1,1,major_anomaly,unexplained_beyond_rain,Station: Galston Road. Road: Galston Road. Suburb: Hornsby. Date: 2024-11-16. Hour: 5. Traffic volume: 105.0. Expected volume: 71.0. Traffic change: 47.9%. Rain: 0.1 mm. Weather: no_rain+very_humid. Crash count: 0. Event count within 3km: 0. Public holiday: 0. School holiday: 0.,"Classify the anomaly level for this traffic station context. Choose one: normal, minor_anomaly, major_anomaly.",major_anomaly,Observed traffic is 47.9% different from the expected baseline. Main reason: unexplained_beyond_rain.
15334031,T0345,Galston Road,Galston Road,Hornsby,Hornsby,2023-04-17,8,1035.0,1499.0,-464.0,-30.95396931287525,decrease,0,0,major_anomaly,unexplained_no_context,Station: Galston Road. Road: Galston Road. Suburb: Hornsby. Date: 2023-04-17. Hour: 8. Traffic volume: 1035.0. Expected volume: 1499.0. Traffic change: -31.0%. Rain: 0.0 mm. Weather: no_rain. Crash count: 0. Event count within 3km: 0. Public holiday: 0. School holiday: 0.,"Classify the anomaly level for this traffic station context. Choose one: normal, minor_anomaly, major_anomaly.",major_anomaly,Observed traffic is -31.0% different from the expected baseline. Main reason: unexplained_no_context.
15334031,T0345,Galston Road,Galston Road,Hornsby,Hornsby,2022-02-23,0,24.0,38.0,-14.0,-36.84210526315789,decrease,0,0,major_anomaly,unexplained_no_context,Station: Galston Road. Road: Galston Road. Suburb: Hornsby. Date: 2022-02-23. Hour: 0. Traffic volume: 24.0. Expected volume: 38.0. Traffic change: -36.8%. Rain: 0.0 mm. Weather: no_rain+very_humid+overcast. Crash count: 0. Event count within 3km: 0. Public holiday: 0. School holiday: 0.,"Classify the anomaly level for this traffic station context. Choose one: normal, minor_anomaly, major_anomaly.",major_anomaly,Observed traffic is -36.8% different from the expected baseline. Main reason: unexplained_no_context.
15334031,T0345,Galston Road,Galston Road,Hornsby,Hornsby,2022-01-07,20,346.0,434.0,-88.0,-20.276497695852534,decrease,0,0,minor_anomaly,unexplained_no_context,Station: Galston Road. Road: Galston Road. Suburb: Hornsby. Date: 2022-01-07. Hour: 20. Traffic volume: 346.0. Expected volume: 434.0. Traffic change: -20.3%. Rain: 0.0 mm. Weather: no_rain+very_humid+overcast. Crash count: 0. Event count within 3km: 0. Public holiday: 0. School holiday: 0.,"Classify the anomaly level for this traffic station context. Choose one: normal, minor_anomaly, major_anomaly.",minor_anomaly,Observed traffic is -20.3% different from the expected baseline. Main reason: unexplained_no_context.
15334031,T0345,Galston Road,Galston Road,Hornsby,Hornsby,2024-05-21,3,16.0,20.0,-4.0,-20.0,decrease,0,0,minor_anomaly,unexplained_no_context,Station: Galston Road. Road: Galston Road. Suburb: Hornsby. Date: 2024-05-21. Hour: 3. Traffic volume: 16.0. Expected volume: 20.0. Traffic change: -20.0%. Rain: 0.0 mm. Weather: no_rain. Crash count: 0. Event count within 3km: 0. Public holiday: 0. School holiday: 0.,"Classify the anomaly level for this traffic station context. Choose one: normal, minor_anomaly, major_anomaly.",minor_anomaly,Observed traffic is -20.0% different from the expected baseline. Main reason: unexplained_no_context.
15334031,T0345,Galston Road,Galston Road,Hornsby,Hornsby,2023-04-04,23,71.0,97.0,-26.0,-26.804123711340207,decrease,0,0,minor_anomaly,unexplained_no_context,Station: Galston Road. Road: Galston Road. Suburb: Hornsby. Date: 2023-04-04. Hour: 23. Traffic volume: 71.0. Expected volume: 97.0. Traffic change: -26.8%. Rain: 0.0 mm. Weather: no_rain+very_humid. Crash count: 0. Event count within 3km: 0. Public holiday: 0. School holiday: 0.,"Classify the anomaly level for this traffic station context. Choose one: normal, minor_anomaly, major_anomaly.",minor_anomaly,Observed traffic is -26.8% different from the expected baseline. Main reason: unexplained_no_context.
15334031,T0345,Galston Road,Galston Road,Hornsby,Hornsby,2023-01-25,3,22.0,20.0,2.0,10.0,no_change,0,0,normal,no_deviation,Station: Galston Road. Road: Galston Road. Suburb: Hornsby. Date: 2023-01-25. Hour: 3. Traffic volume: 22.0. Expected volume: 20.0. Traffic change: 10.0%. Rain: 0.0 mm. Weather: no_rain+very_humid+overcast. Crash count: 0. Event count within 3km: 0. Public holiday: 0. School holiday: 0.,"Classify the anomaly level for this traffic station context. Choose one: normal, minor_anomaly, major_anomaly.",normal,Observed traffic is 10.0% different from the expected baseline. Main reason: no_deviation.
15334031,T0345,Galston Road,Galston Road,Hornsby,Hornsby,2023-10-11,3,24.0,20.0,4.0,20.0,increase,2,1,normal,explained_by_crash,Station: Galston Road. Road: Galston Road. Suburb: Hornsby. Date: 2023-10-11. Hour: 3. Traffic volume: 24.0. Expected volume: 20.0. Traffic change: 20.0%. Rain: 0.0 mm. Weather: no_rain+very_humid+overcast. Crash count: 1. Event count within 3km: 0. Public holiday: 0. School holiday: 0.,"Classify the anomaly level for this traffic station context. Choose one: normal, minor_anomaly, major_anomaly.",normal,Observed traffic is 20.0% different from the expected baseline. Main reason: explained_by_crash.
15334031,T0345,Galston Road,Galston Road,Hornsby,Hornsby,2023-03-07,1,21.0,20.0,1.0,5.0,no_change,0,0,normal,no_deviation,Station: Galston Road. Road: Galston Road. Suburb: Hornsby. Date: 2023-03-07. Hour: 1. Traffic volume: 21.0. Expected volume: 20.0. Traffic change: 5.0%. Rain: 0.0 mm. Weather: no_rain. Crash count: 0. Event count within 3km: 0. Public holiday: 0. School holiday: 0.,"Classify the anomaly level for this traffic station context. Choose one: normal, minor_anomaly, major_anomaly.",normal,Observed traffic is 5.0% different from the expected baseline. Main reason: no_deviation.
15370001,7139,New South Head Road,New South Head Road,Darlinghurst,Sydney,2023-02-24,23,1116.0,464.0,652.0,140.51724137931035,increase,2,1,major_anomaly,unexplained_beyond_crash,Station: New South Head Road. Road: New South Head Road. Suburb: Darlinghurst. Date: 2023-02-24. Hour: 23. Traffic volume: 1116.0. Expected volume: 464.0. Traffic change: 140.5%. Rain: 0.0 mm. Weather: no_rain+very_humid. Crash count: 3. Event count within 3km: 0. Public holiday: 0. School holiday: 0.,"Classify the anomaly level for this traffic station context. Choose one: normal, minor_anomaly, major_anomaly.",major_anomaly,Observed traffic is 140.5% different from the expected baseline. Main reason: unexplained_beyond_crash.
15370001,7139,New South Head Road,New South Head Road,Darlinghurst,Sydney,2024-01-26,7,958.0,2743.0,-1785.0,-65.07473569084944,decrease,3,2,major_anomaly,unexplained_beyond_crash_event,Station: New South Head Road. Road: New South Head Road. Suburb: Darlinghurst. Date: 2024-01-26. Hour: 7. Traffic volume: 958.0. Expected volume: 2743.0. Traffic change: -65.1%. Rain: 0.0 mm. Weather: no_rain+hot. Crash count: 1. Event count within 3km: 2. Public holiday: 0. School holiday: 0.,"Classify the anomaly level for this traffic station context. Choose one: normal, minor_anomaly, major_anomaly.",major_anomaly,Observed traffic is -65.1% different from the expected baseline. Main reason: unexplained_beyond_crash_event.
15370001,7139,New South Head Road,New South Head Road,Darlinghurst,Sydney,2024-10-27,16,892.0,2414.0,-1522.0,-63.04888152444076,decrease,3,1,major_anomaly,unexplained_beyond_crash,Station: New South Head Road. Road: New South Head Road. Suburb: Darlinghurst. Date: 2024-10-27. Hour: 16. Traffic volume: 892.0. Expected volume: 2414.0. Traffic change: -63.0%. Rain: 0.0 mm. Weather: no_rain. Crash count: 5. Event count within 3km: 0. Public holiday: 0. School holiday: 0.,"Classify the anomaly level for this traffic station context. Choose one: normal, minor_anomaly, major_anomaly.",major_anomaly,Observed traffic is -63.0% different from the expected baseline. Main reason: unexplained_beyond_crash.
15370001,7139,New South Head Road,New South Head Road,Darlinghurst,Sydney,2023-07-16,21,712.0,1116.5,-404.5,-36.22928795342589,decrease,3,2,minor_anomaly,unexplained_beyond_rain_crash,Station: New South Head Road. Road: New South Head Road. Suburb: Darlinghurst. Date: 2023-07-16. Hour: 21. Traffic volume: 712.0. Expected volume: 1116.5. Traffic change: -36.2%. Rain: 0.1 mm. Weather: no_rain+very_humid. Crash count: 1. Event count within 3km: 0. Public holiday: 0. School holiday: 0.,"Classify the anomaly level for this traffic station context. Choose one: normal, minor_anomaly, major_anomaly.",minor_anomaly,Observed traffic is -36.2% different from the expected baseline. Main reason: unexplained_beyond_rain_crash.
15370001,7139,New South Head Road,New South Head Road,Darlinghurst,Sydney,2023-03-02,2,132.0,89.0,43.0,48.31460674157304,increase,3,2,minor_anomaly,unexplained_beyond_rain_crash,Station: New South Head Road. Road: New South Head Road. Suburb: Darlinghurst. Date: 2023-03-02. Hour: 2. Traffic volume: 132.0. Expected volume: 89.0. Traffic change: 48.3%. Rain: 0.1 mm. Weather: no_rain+very_humid. Crash count: 1. Event count within 3km: 0. Public holiday: 0. School holiday: 0.,"Classify the anomaly level for this traffic station context. Choose one: normal, minor_anomaly, major_anomaly.",minor_anomaly,Observed traffic is 48.3% different from the expected baseline. Main reason: unexplained_beyond_rain_crash.
15370001,7139,New South Head Road,New South Head Road,Darlinghurst,Sydney,2022-02-12,5,391.0,289.0,102.0,35.294117647058826,increase,2,2,minor_anomaly,unexplained_beyond_rain_event,Station: New South Head Road. Road: New South Head Road. Suburb: Darlinghurst. Date: 2022-02-12. Hour: 5. Traffic volume: 391.0. Expected volume: 289.0. Traffic change: 35.3%. Rain: 0.6 mm. Weather: light_rain+very_humid. Crash count: 0. Event count within 3km: 1. Public holiday: 0. School holiday: 0.,"Classify the anomaly level for this traffic station context. Choose one: normal, minor_anomaly, major_anomaly.",minor_anomaly,Observed traffic is 35.3% different from the expected baseline. Main reason: unexplained_beyond_rain_event.
15370001,7139,New South Head Road,New South Head Road,Darlinghurst,Sydney,2023-05-02,16,2708.0,2687.0,21.0,0.7815407517677708,no_change,3,2,normal,explained_by_crash_event,Station: New South Head Road. Road: New South Head Road. Suburb: Darlinghurst. Date: 2023-05-02. Hour: 16. Traffic volume: 2708.0. Expected volume: 2687.0. Traffic change: 0.8%. Rain: 0.0 mm. Weather: no_rain. Crash count: 10. Event count within 3km: 1. Public holiday: 0. School holiday: 0.,"Classify the anomaly level for this traffic station context. Choose one: normal, minor_anomaly, major_anomaly.",normal,Observed traffic is 0.8% different from the expected baseline. Main reason: explained_by_crash_event.
15370001,7139,New South Head Road,New South Head Road,Darlinghurst,Sydney,2023-01-08,17,2226.0,2510.0,-284.0,-11.314741035856574,no_change,3,2,normal,explained_by_crash_event,Station: New South Head Road. Road: New South Head Road. Suburb: Darlinghurst. Date: 2023-01-08. Hour: 17. Traffic volume: 2226.0. Expected volume: 2510.0. Traffic change: -11.3%. Rain: 0.0 mm. Weather: no_rain. Crash count: 1. Event count within 3km: 2. Public holiday: 0. School holiday: 0.,"Classify the anomaly level for this traffic station context. Choose one: normal, minor_anomaly, major_anomaly.",normal,Observed traffic is -11.3% different from the expected baseline. Main reason: explained_by_crash_event.
15370001,7139,New South Head Road,New South Head Road,Darlinghurst,Sydney,2023-05-25,6,1630.0,1582.5,47.5,3.0015797788309637,no_change,3,2,normal,explained_by_crash_event,Station: New South Head Road. Road: New South Head Road. Suburb: Darlinghurst. Date: 2023-05-25. Hour: 6. Traffic volume: 1630.0. Expected volume: 1582.5. Traffic change: 3.0%. Rain: 0.0 mm. Weather: no_rain+overcast. Crash count: 3. Event count within 3km: 1. Public holiday: 0. School holiday: 0.,"Classify the anomaly level for this traffic station context. Choose one: normal, minor_anomaly, major_anomaly.",normal,Observed traffic is 3.0% different from the expected baseline. Main reason: explained_by_crash_event.
15648001,7179,Jersey Road,Jersey Road,South Wentworthville,Holroyd,2024-11-19,0,73.0,327.0,-254.0,-77.67584097859327,decrease,1,1,major_anomaly,unexplained_beyond_rain,Station: Jersey Road. Road: Jersey Road. Suburb: South Wentworthville. Date: 2024-11-19. Hour: 0. Traffic volume: 73.0. Expected volume: 327.0. Traffic change: -77.7%. Rain: 0.1 mm. Weather: no_rain+very_humid+overcast. Crash count: 0. Event count within 3km: 0. Public holiday: 0. School holiday: 0.,"Classify the anomaly level for this traffic station context. Choose one: normal, minor_anomaly, major_anomaly.",major_anomaly,Observed traffic is -77.7% different from the expected baseline. Main reason: unexplained_beyond_rain.
15648001,7179,Jersey Road,Jersey Road,South Wentworthville,Holroyd,2024-04-01,17,682.0,2142.0,-1460.0,-68.16059757236228,decrease,0,0,major_anomaly,unexplained_no_context,Station: Jersey Road. Road: Jersey Road. Suburb: South Wentworthville. Date: 2024-04-01. Hour: 17. Traffic volume: 682.0. Expected volume: 2142.0. Traffic change: -68.2%. Rain: 0.0 mm. Weather: no_rain. Crash count: 0. Event count within 3km: 0. Public holiday: 0. School holiday: 0.,"Classify the anomaly level for this traffic station context. Choose one: normal, minor_anomaly, major_anomaly.",major_anomaly,Observed traffic is -68.2% different from the expected baseline. Main reason: unexplained_no_context.
15648001,7179,Jersey Road,Jersey Road,South Wentworthville,Holroyd,2023-12-16,8,1363.0,960.0,403.0,41.979166666666664,increase,2,1,major_anomaly,unexplained_beyond_crash,Station: Jersey Road. Road: Jersey Road. Suburb: South Wentworthville. Date: 2023-12-16. Hour: 8. Traffic volume: 1363.0. Expected volume: 960.0. Traffic change: 42.0%. Rain: 0.0 mm. Weather: no_rain. Crash count: 1. Event count within 3km: 0. Public holiday: 0. School holiday: 0.,"Classify the anomaly level for this traffic station context. Choose one: normal, minor_anomaly, major_anomaly.",major_anomaly,Observed traffic is 42.0% different from the expected baseline. Main reason: unexplained_beyond_crash.
15648001,7179,Jersey Road,Jersey Road,South Wentworthville,Holroyd,2024-04-19,1,239.0,200.0,39.0,19.5,no_change,0,0,minor_anomaly,unexplained_no_context,Station: Jersey Road. Road: Jersey Road. Suburb: South Wentworthville. Date: 2024-04-19. Hour: 1. Traffic volume: 239.0. Expected volume: 200.0. Traffic change: 19.5%. Rain: 0.0 mm. Weather: no_rain+very_humid. Crash count: 0. Event count within 3km: 0. Public holiday: 0. School holiday: 0.,"Classify the anomaly level for this traffic station context. Choose one: normal, minor_anomaly, major_anomaly.",minor_anomaly,Observed traffic is 19.5% different from the expected baseline. Main reason: unexplained_no_context.
15648001,7179,Jersey Road,Jersey Road,South Wentworthville,Holroyd,2022-01-23,6,381.0,526.0,-145.0,-27.566539923954377,decrease,1,1,minor_anomaly,unexplained_beyond_crash,Station: Jersey Road. Road: Jersey Road. Suburb: South Wentworthville. Date: 2022-01-23. Hour: 6. Traffic volume: 381.0. Expected volume: 526.0. Traffic change: -27.6%. Rain: 0.0 mm. Weather: no_rain+very_humid+overcast. Crash count: 1. Event count within 3km: 0. Public holiday: 0. School holiday: 0.,"Classify the anomaly level for this traffic station context. Choose one: normal, minor_anomaly, major_anomaly.",minor_anomaly,Observed traffic is -27.6% different from the expected baseline. Main reason: unexplained_beyond_crash.
15648001,7179,Jersey Road,Jersey Road,South Wentworthville,Holroyd,2024-11-30,4,324.0,236.5,87.5,36.99788583509514,increase,3,2,minor_anomaly,unexplained_beyond_rain_crash,Station: Jersey Road. Road: Jersey Road. Suburb: South Wentworthville. Date: 2024-11-30. Hour: 4. Traffic volume: 324.0. Expected volume: 236.5. Traffic change: 37.0%. Rain: 1.1 mm. Weather: light_rain+very_humid+overcast. Crash count: 1. Event count within 3km: 0. Public holiday: 0. School holiday: 0.,"Classify the anomaly level for this traffic station context. Choose one: normal, minor_anomaly, major_anomaly.",minor_anomaly,Observed traffic is 37.0% different from the expected baseline. Main reason: unexplained_beyond_rain_crash.
15648001,7179,Jersey Road,Jersey Road,South Wentworthville,Holroyd,2022-03-17,1,191.0,200.0,-9.0,-4.5,no_change,0,0,normal,no_deviation,Station: Jersey Road. Road: Jersey Road. Suburb: South Wentworthville. Date: 2022-03-17. Hour: 1. Traffic volume: 191.0. Expected volume: 200.0. Traffic change: -4.5%. Rain: 0.0 mm. Weather: no_rain+very_humid. Crash count: 0. Event count within 3km: 0. Public holiday: 0. School holiday: 0.,"Classify the anomaly level for this traffic station context. Choose one: normal, minor_anomaly, major_anomaly.",normal,Observed traffic is -4.5% different from the expected baseline. Main reason: no_deviation.
15648001,7179,Jersey Road,Jersey Road,South Wentworthville,Holroyd,2023-09-15,10,1845.0,1764.0,81.0,4.591836734693878,no_change,2,1,normal,explained_by_crash,Station: Jersey Road. Road: Jersey Road. Suburb: South Wentworthville. Date: 2023-09-15. Hour: 10. Traffic volume: 1845.0. Expected volume: 1764.0. Traffic change: 4.6%. Rain: 0.0 mm. Weather: no_rain+overcast. Crash count: 1. Event count within 3km: 0. Public holiday: 0. School holiday: 0.,"Classify the anomaly level for this traffic station context. Choose one: normal, minor_anomaly, major_anomaly.",normal,Observed traffic is 4.6% different from the expected baseline. Main reason: explained_by_crash.
15648001,7179,Jersey Road,Jersey Road,South Wentworthville,Holroyd,2024-05-22,15,2217.0,2255.0,-38.0,-1.6851441241685146,no_change,2,1,normal,explained_by_crash,Station: Jersey Road. Road: Jersey Road. Suburb: South Wentworthville. Date: 2024-05-22. Hour: 15. Traffic volume: 2217.0. Expected volume: 2255.0. Traffic change: -1.7%. Rain: 0.0 mm. Weather: no_rain. Crash count: 3. Event count within 3km: 0. Public holiday: 0. School holiday: 0.,"Classify the anomaly level for this traffic station context. Choose one: normal, minor_anomaly, major_anomaly.",normal,Observed traffic is -1.7% different from the expected baseline. Main reason: explained_by_crash.
15648002,9849,The Boulevarde,The Boulevarde,Strathfield,Strathfield,2024-04-27,5,165.0,107.5,57.5,53.48837209302325,increase,2,1,major_anomaly,unexplained_beyond_crash,Station: The Boulevarde. Road: The Boulevarde. Suburb: Strathfield. Date: 2024-04-27. Hour: 5. Traffic volume: 165.0. Expected volume: 107.5. Traffic change: 53.5%. Rain: 0.0 mm. Weather: no_rain+very_humid. Crash count: 2. Event count within 3km: 0. Public holiday: 0. School holiday: 0.,"Classify the anomaly level for this traffic station context. Choose one: normal, minor_anomaly, major_anomaly.",major_anomaly,Observed traffic is 53.5% different from the expected baseline. Main reason: unexplained_beyond_crash.
15648002,9849,The Boulevarde,The Boulevarde,Strathfield,Strathfield,2024-01-19,14,469.0,1122.0,-653.0,-58.199643493761144,decrease,2,1,major_anomaly,unexplained_beyond_crash,Station: The Boulevarde. Road: The Boulevarde. Suburb: Strathfield. Date: 2024-01-19. Hour: 14. Traffic volume: 469.0. Expected volume: 1122.0. Traffic change: -58.2%. Rain: 0.0 mm. Weather: no_rain. Crash count: 3. Event count within 3km: 0. Public holiday: 0. School holiday: 0.,"Classify the anomaly level for this traffic station context. Choose one: normal, minor_anomaly, major_anomaly.",major_anomaly,Observed traffic is -58.2% different from the expected baseline. Main reason: unexplained_beyond_crash.
15648002,9849,The Boulevarde,The Boulevarde,Strathfield,Strathfield,2023-08-19,23,404.0,276.5,127.5,46.1121157323689,increase,0,0,major_anomaly,unexplained_no_context,Station: The Boulevarde. Road: The Boulevarde. Suburb: Strathfield. Date: 2023-08-19. Hour: 23. Traffic volume: 404.0. Expected volume: 276.5. Traffic change: 46.1%. Rain: 0.0 mm. Weather: no_rain. Crash count: 0. Event count within 3km: 0. Public holiday: 0. School holiday: 0.,"Classify the anomaly level for this traffic station context. Choose one: normal, minor_anomaly, major_anomaly.",major_anomaly,Observed traffic is 46.1% different from the expected baseline. Main reason: unexplained_no_context.
15648002,9849,The Boulevarde,The Boulevarde,Strathfield,Strathfield,2023-10-28,11,1415.0,1092.0,323.0,29.57875457875458,increase,2,1,minor_anomaly,unexplained_beyond_crash,Station: The Boulevarde. Road: The Boulevarde. Suburb: Strathfield. Date: 2023-10-28. Hour: 11. Traffic volume: 1415.0. Expected volume: 1092.0. Traffic change: 29.6%. Rain: 0.0 mm. Weather: no_rain+overcast. Crash count: 5. Event count within 3km: 0. Public holiday: 0. School holiday: 0.,"Classify the anomaly level for this traffic station context. Choose one: normal, minor_anomaly, major_anomaly.",minor_anomaly,Observed traffic is 29.6% different from the expected baseline. Main reason: unexplained_beyond_crash.
15648002,9849,The Boulevarde,The Boulevarde,Strathfield,Strathfield,2023-12-16,20,881.0,667.5,213.5,31.98501872659176,increase,2,1,minor_anomaly,unexplained_beyond_crash,Station: The Boulevarde. Road: The Boulevarde. Suburb: Strathfield. Date: 2023-12-16. Hour: 20. Traffic volume: 881.0. Expected volume: 667.5. Traffic change: 32.0%. Rain: 0.0 mm. Weather: no_rain. Crash count: 5. Event count within 3km: 0. Public holiday: 0. School holiday: 0.,"Classify the anomaly level for this traffic station context. Choose one: normal, minor_anomaly, major_anomaly.",minor_anomaly,Observed traffic is 32.0% different from the expected baseline. Main reason: unexplained_beyond_crash.
15648002,9849,The Boulevarde,The Boulevarde,Strathfield,Strathfield,2022-12-29,12,602.0,951.5,-349.5,-36.73147661586968,decrease,2,1,minor_anomaly,unexplained_beyond_crash,Station: The Boulevarde. Road: The Boulevarde. Suburb: Strathfield. Date: 2022-12-29. Hour: 12. Traffic volume: 602.0. Expected volume: 951.5. Traffic change: -36.7%. Rain: 0.0 mm. Weather: no_rain+overcast. Crash count: 1. Event count within 3km: 0. Public holiday: 0. School holiday: 0.,"Classify the anomaly level for this traffic station context. Choose one: normal, minor_anomaly, major_anomaly.",minor_anomaly,Observed traffic is -36.7% different from the expected baseline. Main reason: unexplained_beyond_crash.
15648002,9849,The Boulevarde,The Boulevarde,Strathfield,Strathfield,2024-06-03,21,595.0,649.0,-54.0,-8.320493066255779,no_change,0,0,normal,no_deviation,Station: The Boulevarde. Road: The Boulevarde. Suburb: Strathfield. Date: 2024-06-03. Hour: 21. Traffic volume: 595.0. Expected volume: 649.0. Traffic change: -8.3%. Rain: 0.0 mm. Weather: no_rain. Crash count: 0. Event count within 3km: 0. Public holiday: 0. School holiday: 0.,"Classify the anomaly level for this traffic station context. Choose one: normal, minor_anomaly, major_anomaly.",normal,Observed traffic is -8.3% different from the expected baseline. Main reason: no_deviation.
15648002,9849,The Boulevarde,The Boulevarde,Strathfield,Strathfield,2022-02-05,19,574.0,768.5,-194.5,-25.30904359141184,decrease,3,2,normal,explained_by_rain_crash,Station: The Boulevarde. Road: The Boulevarde. Suburb: Strathfield. Date: 2022-02-05. Hour: 19. Traffic volume: 574.0. Expected volume: 768.5. Traffic change: -25.3%. Rain: 0.2 mm. Weather: light_rain. Crash count: 4. Event count within 3km: 0. Public holiday: 0. School holiday: 0.,"Classify the anomaly level for this traffic station context. Choose one: normal, minor_anomaly, major_anomaly.",normal,Observed traffic is -25.3% different from the expected baseline. Main reason: explained_by_rain_crash.
15648002,9849,The Boulevarde,The Boulevarde,Strathfield,Strathfield,2024-03-25,20,687.0,744.0,-57.0,-7.661290322580645,no_change,2,1,normal,explained_by_crash,Station: The Boulevarde. Road: The Boulevarde. Suburb: Strathfield. Date: 2024-03-25. Hour: 20. Traffic volume: 687.0. Expected volume: 744.0. Traffic change: -7.7%. Rain: 0.0 mm. Weather: no_rain+very_humid. Crash count: 1. Event count within 3km: 0. Public holiday: 0. School holiday: 0.,"Classify the anomaly level for this traffic station context. Choose one: normal, minor_anomaly, major_anomaly.",normal,Observed traffic is -7.7% different from the expected baseline. Main reason: explained_by_crash.
15828001,7184,Ryde Road,Ryde Road,West Pymble,Ku-Ring-Gai,2024-10-10,7,841.0,3011.0,-2170.0,-72.06908003985387,decrease,2,1,major_anomaly,unexplained_beyond_crash,Station: Ryde Road. Road: Ryde Road. Suburb: West Pymble. Date: 2024-10-10. Hour: 7. Traffic volume: 841.0. Expected volume: 3011.0. Traffic change: -72.1%. Rain: 0.0 mm. Weather: no_rain+very_humid. Crash count: 2. Event count within 3km: 0. Public holiday: 0. School holiday: 0.,"Classify the anomaly level for this traffic station context. Choose one: normal, minor_anomaly, major_anomaly.",major_anomaly,Observed traffic is -72.1% different from the expected baseline. Main reason: unexplained_beyond_crash.
15828001,7184,Ryde Road,Ryde Road,West Pymble,Ku-Ring-Gai,2023-12-31,2,77.0,137.0,-60.0,-43.79562043795621,decrease,1,1,major_anomaly,unexplained_beyond_rain,Station: Ryde Road. Road: Ryde Road. Suburb: West Pymble. Date: 2023-12-31. Hour: 2. Traffic volume: 77.0. Expected volume: 137.0. Traffic change: -43.8%. Rain: 1.5 mm. Weather: light_rain+very_humid+overcast. Crash count: 0. Event count within 3km: 0. Public holiday: 0. School holiday: 0.,"Classify the anomaly level for this traffic station context. Choose one: normal, minor_anomaly, major_anomaly.",major_anomaly,Observed traffic is -43.8% different from the expected baseline. Main reason: unexplained_beyond_rain.
15828001,7184,Ryde Road,Ryde Road,West Pymble,Ku-Ring-Gai,2022-07-22,10,945.0,2360.5,-1415.5,-59.9661088752383,decrease,3,2,major_anomaly,unexplained_beyond_rain_crash,Station: Ryde Road. Road: Ryde Road. Suburb: West Pymble. Date: 2022-07-22. Hour: 10. Traffic volume: 945.0. Expected volume: 2360.5. Traffic change: -60.0%. Rain: 0.3 mm. Weather: light_rain+very_humid. Crash count: 2. Event count within 3km: 0. Public holiday: 0. School holiday: 0.,"Classify the anomaly level for this traffic station context. Choose one: normal, minor_anomaly, major_anomaly.",major_anomaly,Observed traffic is -60.0% different from the expected baseline. Main reason: unexplained_beyond_rain_crash.
15828001,7184,Ryde Road,Ryde Road,West Pymble,Ku-Ring-Gai,2023-01-28,20,1222.0,923.0,299.0,32.3943661971831,increase,2,1,minor_anomaly,unexplained_beyond_crash,Station: Ryde Road. Road: Ryde Road. Suburb: West Pymble. Date: 2023-01-28. Hour: 20. Traffic volume: 1222.0. Expected volume: 923.0. Traffic change: 32.4%. Rain: 0.0 mm. Weather: no_rain+very_humid. Crash count: 2. Event count within 3km: 0. Public holiday: 0. School holiday: 0.,"Classify the anomaly level for this traffic station context. Choose one: normal, minor_anomaly, major_anomaly.",minor_anomaly,Observed traffic is 32.4% different from the expected baseline. Main reason: unexplained_beyond_crash.
15828001,7184,Ryde Road,Ryde Road,West Pymble,Ku-Ring-Gai,2022-12-14,23,369.0,284.5,84.5,29.701230228471005,increase,2,1,minor_anomaly,unexplained_beyond_crash,Station: Ryde Road. Road: Ryde Road. Suburb: West Pymble. Date: 2022-12-14. Hour: 23. Traffic volume: 369.0. Expected volume: 284.5. Traffic change: 29.7%. Rain: 0.0 mm. Weather: no_rain. Crash count: 3. Event count within 3km: 0. Public holiday: 0. School holiday: 0.,"Classify the anomaly level for this traffic station context. Choose one: normal, minor_anomaly, major_anomaly.",minor_anomaly,Observed traffic is 29.7% different from the expected baseline. Main reason: unexplained_beyond_crash.
15828001,7184,Ryde Road,Ryde Road,West Pymble,Ku-Ring-Gai,2024-11-02,4,186.0,138.5,47.5,34.29602888086642,increase,2,2,minor_anomaly,unexplained_beyond_rain_crash,Station: Ryde Road. Road: Ryde Road. Suburb: West Pymble. Date: 2024-11-02. Hour: 4. Traffic volume: 186.0. Expected volume: 138.5. Traffic change: 34.3%. Rain: 0.2 mm. Weather: light_rain+overcast. Crash count: 1. Event count within 3km: 0. Public holiday: 0. School holiday: 0.,"Classify the anomaly level for this traffic station context. Choose one: normal, minor_anomaly, major_anomaly.",minor_anomaly,Observed traffic is 34.3% different from the expected baseline. Main reason: unexplained_beyond_rain_crash.
15828001,7184,Ryde Road,Ryde Road,West Pymble,Ku-Ring-Gai,2022-04-08,4,274.0,269.0,5.0,1.858736059479554,no_change,1,1,normal,explained_by_rain,Station: Ryde Road. Road: Ryde Road. Suburb: West Pymble. Date: 2022-04-08. Hour: 4. Traffic volume: 274.0. Expected volume: 269.0. Traffic change: 1.9%. Rain: 0.1 mm. Weather: no_rain. Crash count: 0. Event count within 3km: 0. Public holiday: 0. School holiday: 0.,"Classify the anomaly level for this traffic station context. Choose one: normal, minor_anomaly, major_anomaly.",normal,Observed traffic is 1.9% different from the expected baseline. Main reason: explained_by_rain.
15828001,7184,Ryde Road,Ryde Road,West Pymble,Ku-Ring-Gai,2024-01-06,4,145.0,138.5,6.5,4.693140794223827,no_change,0,0,normal,no_deviation,Station: Ryde Road. Road: Ryde Road. Suburb: West Pymble. Date: 2024-01-06. Hour: 4. Traffic volume: 145.0. Expected volume: 138.5. Traffic change: 4.7%. Rain: 0.0 mm. Weather: no_rain+overcast. Crash count: 0. Event count within 3km: 0. Public holiday: 0. School holiday: 0.,"Classify the anomaly level for this traffic station context. Choose one: normal, minor_anomaly, major_anomaly.",normal,Observed traffic is 4.7% different from the expected baseline. Main reason: no_deviation.
15828001,7184,Ryde Road,Ryde Road,West Pymble,Ku-Ring-Gai,2022-05-11,8,2849.0,2785.0,64.0,2.2980251346499103,no_change,2,1,normal,explained_by_crash,Station: Ryde Road. Road: Ryde Road. Suburb: West Pymble. Date: 2022-05-11. Hour: 8. Traffic volume: 2849.0. Expected volume: 2785.0. Traffic change: 2.3%. Rain: 0.0 mm. Weather: no_rain+overcast. Crash count: 3. Event count within 3km: 0. Public holiday: 0. School holiday: 0.,"Classify the anomaly level for this traffic station context. Choose one: normal, minor_anomaly, major_anomaly.",normal,Observed traffic is 2.3% different from the expected baseline. Main reason: explained_by_crash.
15828005,9658,Pennant Hills Road,Pennant Hills Road,Oatlands,The Hills,2022-09-13,17,35.0,1081.5,-1046.5,-96.76375404530745,decrease,2,1,major_anomaly,unexplained_beyond_crash,Station: Pennant Hills Road. Road: Pennant Hills Road. Suburb: Oatlands. Date: 2022-09-13. Hour: 17. Traffic volume: 35.0. Expected volume: 1081.5. Traffic change: -96.8%. Rain: 0.0 mm. Weather: no_rain. Crash count: 8. Event count within 3km: 0. Public holiday: 0. School holiday: 0.,"Classify the anomaly level for this traffic station context. Choose one: normal, minor_anomaly, major_anomaly.",major_anomaly,Observed traffic is -96.8% different from the expected baseline. Main reason: unexplained_beyond_crash.
15828005,9658,Pennant Hills Road,Pennant Hills Road,Oatlands,The Hills,2022-03-28,2,51.0,85.5,-34.5,-40.35087719298245,decrease,1,1,major_anomaly,unexplained_beyond_crash,Station: Pennant Hills Road. Road: Pennant Hills Road. Suburb: Oatlands. Date: 2022-03-28. Hour: 2. Traffic volume: 51.0. Expected volume: 85.5. Traffic change: -40.4%. Rain: 0.0 mm. Weather: no_rain+very_humid+overcast. Crash count: 1. Event count within 3km: 0. Public holiday: 0. School holiday: 0.,"Classify the anomaly level for this traffic station context. Choose one: normal, minor_anomaly, major_anomaly.",major_anomaly,Observed traffic is -40.4% different from the expected baseline. Main reason: unexplained_beyond_crash.
15828005,9658,Pennant Hills Road,Pennant Hills Road,Oatlands,The Hills,2022-01-15,6,2.0,254.0,-252.0,-99.21259842519686,decrease,2,1,major_anomaly,unexplained_beyond_crash,Station: Pennant Hills Road. Road: Pennant Hills Road. Suburb: Oatlands. Date: 2022-01-15. Hour: 6. Traffic volume: 2.0. Expected volume: 254.0. Traffic change: -99.2%. Rain: 0.0 mm. Weather: no_rain+very_humid+overcast. Crash count: 1. Event count within 3km: 0. Public holiday: 0. School holiday: 0.,"Classify the anomaly level for this traffic station context. Choose one: normal, minor_anomaly, major_anomaly.",major_anomaly,Observed traffic is -99.2% different from the expected baseline. Main reason: unexplained_beyond_crash.
15828005,9658,Pennant Hills Road,Pennant Hills Road,Oatlands,The Hills,2022-02-27,23,248.0,314.0,-66.0,-21.019108280254777,decrease,0,0,minor_anomaly,unexplained_no_context,Station: Pennant Hills Road. Road: Pennant Hills Road. Suburb: Oatlands. Date: 2022-02-27. Hour: 23. Traffic volume: 248.0. Expected volume: 314.0. Traffic change: -21.0%. Rain: 0.0 mm. Weather: no_rain+very_humid+overcast. Crash count: 0. Event count within 3km: 0. Public holiday: 0. School holiday: 0.,"Classify the anomaly level for this traffic station context. Choose one: normal, minor_anomaly, major_anomaly.",minor_anomaly,Observed traffic is -21.0% different from the expected baseline. Main reason: unexplained_no_context.
15828005,9658,Pennant Hills Road,Pennant Hills Road,Oatlands,The Hills,2022-11-12,2,139.0,113.0,26.0,23.008849557522122,increase,0,0,minor_anomaly,unexplained_no_context,Station: Pennant Hills Road. Road: Pennant Hills Road. Suburb: Oatlands. Date: 2022-11-12. Hour: 2. Traffic volume: 139.0. Expected volume: 113.0. Traffic change: 23.0%. Rain: 0.0 mm. Weather: no_rain+very_humid. Crash count: 0. Event count within 3km: 0. Public holiday: 0. School holiday: 0.,"Classify the anomaly level for this traffic station context. Choose one: normal, minor_anomaly, major_anomaly.",minor_anomaly,Observed traffic is 23.0% different from the expected baseline. Main reason: unexplained_no_context.
15828005,9658,Pennant Hills Road,Pennant Hills Road,Oatlands,The Hills,2023-01-12,0,195.0,159.0,36.0,22.641509433962266,increase,2,1,minor_anomaly,unexplained_beyond_crash,Station: Pennant Hills Road. Road: Pennant Hills Road. Suburb: Oatlands. Date: 2023-01-12. Hour: 0. Traffic volume: 195.0. Expected volume: 159.0. Traffic change: 22.6%. Rain: 0.0 mm. Weather: no_rain+very_humid. Crash count: 1. Event count within 3km: 0. Public holiday: 0. School holiday: 0.,"Classify the anomaly level for this traffic station context. Choose one: normal, minor_anomaly, major_anomaly.",minor_anomaly,Observed traffic is 22.6% different from the expected baseline. Main reason: unexplained_beyond_crash.
15828005,9658,Pennant Hills Road,Pennant Hills Road,Oatlands,The Hills,2022-01-16,13,836.0,1002.0,-166.0,-16.56686626746507,no_change,3,2,normal,explained_by_rain_crash,Station: Pennant Hills Road. Road: Pennant Hills Road. Suburb: Oatlands. Date: 2022-01-16. Hour: 13. Traffic volume: 836.0. Expected volume: 1002.0. Traffic change: -16.6%. Rain: 0.1 mm. Weather: no_rain. Crash count: 2. Event count within 3km: 0. Public holiday: 0. School holiday: 0.,"Classify the anomaly level for this traffic station context. Choose one: normal, minor_anomaly, major_anomaly.",normal,Observed traffic is -16.6% different from the expected baseline. Main reason: explained_by_rain_crash.
15828005,9658,Pennant Hills Road,Pennant Hills Road,Oatlands,The Hills,2022-08-06,22,556.0,487.0,69.0,14.168377823408623,no_change,0,0,normal,no_deviation,Station: Pennant Hills Road. Road: Pennant Hills Road. Suburb: Oatlands. Date: 2022-08-06. Hour: 22. Traffic volume: 556.0. Expected volume: 487.0. Traffic change: 14.2%. Rain: 0.0 mm. Weather: no_rain. Crash count: 0. Event count within 3km: 0. Public holiday: 0. School holiday: 0.,"Classify the anomaly level for this traffic station context. Choose one: normal, minor_anomaly, major_anomaly.",normal,Observed traffic is 14.2% different from the expected baseline. Main reason: no_deviation.
15828005,9658,Pennant Hills Road,Pennant Hills Road,Oatlands,The Hills,2022-03-14,21,485.0,536.0,-51.0,-9.514925373134329,no_change,1,1,normal,explained_by_crash,Station: Pennant Hills Road. Road: Pennant Hills Road. Suburb: Oatlands. Date: 2022-03-14. Hour: 21. Traffic volume: 485.0. Expected volume: 536.0. Traffic change: -9.5%. Rain: 0.0 mm. Weather: no_rain+very_humid. Crash count: 1. Event count within 3km: 0. Public holiday: 0. School holiday: 0.,"Classify the anomaly level for this traffic station context. Choose one: normal, minor_anomaly, major_anomaly.",normal,Observed traffic is -9.5% different from the expected baseline. Main reason: explained_by_crash.
17126149,7120,South Dowling Street,South Dowling Street,Surry Hills,Sydney,2023-01-09,23,132.0,286.0,-154.0,-53.84615384615385,decrease,1,1,major_anomaly,unexplained_beyond_event,Station: South Dowling Street. Road: South Dowling Street. Suburb: Surry Hills. Date: 2023-01-09. Hour: 23. Traffic volume: 132.0. Expected volume: 286.0. Traffic change: -53.8%. Rain: 0.0 mm. Weather: no_rain+very_humid. Crash count: 0. Event count within 3km: 2. Public holiday: 0. School holiday: 0.,"Classify the anomaly level for this traffic station context. Choose one: normal, minor_anomaly, major_anomaly.",major_anomaly,Observed traffic is -53.8% different from the expected baseline. Main reason: unexplained_beyond_event.
17126149,7120,South Dowling Street,South Dowling Street,Surry Hills,Sydney,2022-06-15,12,188.0,726.0,-538.0,-74.10468319559229,decrease,3,2,major_anomaly,unexplained_beyond_crash_event,Station: South Dowling Street. Road: South Dowling Street. Suburb: Surry Hills. Date: 2022-06-15. Hour: 12. Traffic volume: 188.0. Expected volume: 726.0. Traffic change: -74.1%. Rain: 0.0 mm. Weather: no_rain. Crash count: 9. Event count within 3km: 1. Public holiday: 0. School holiday: 0.,"Classify the anomaly level for this traffic station context. Choose one: normal, minor_anomaly, major_anomaly.",major_anomaly,Observed traffic is -74.1% different from the expected baseline. Main reason: unexplained_beyond_crash_event.
17126149,7120,South Dowling Street,South Dowling Street,Surry Hills,Sydney,2023-07-07,23,527.0,286.0,241.0,84.26573426573427,increase,2,1,major_anomaly,unexplained_beyond_crash,Station: South Dowling Street. Road: South Dowling Street. Suburb: Surry Hills. Date: 2023-07-07. Hour: 23. Traffic volume: 527.0. Expected volume: 286.0. Traffic change: 84.3%. Rain: 0.0 mm. Weather: no_rain. Crash count: 1. Event count within 3km: 0. Public holiday: 0. School holiday: 0.,"Classify the anomaly level for this traffic station context. Choose one: normal, minor_anomaly, major_anomaly.",major_anomaly,Observed traffic is 84.3% different from the expected baseline. Main reason: unexplained_beyond_crash.
17126149,7120,South Dowling Street,South Dowling Street,Surry Hills,Sydney,2023-03-11,7,634.0,445.5,188.5,42.31200897867565,increase,3,2,minor_anomaly,unexplained_beyond_crash_event,Station: South Dowling Street. Road: South Dowling Street. Suburb: Surry Hills. Date: 2023-03-11. Hour: 7. Traffic volume: 634.0. Expected volume: 445.5. Traffic change: 42.3%. Rain: 0.0 mm. Weather: no_rain+very_humid. Crash count: 1. Event count within 3km: 1. Public holiday: 0. School holiday: 0.,"Classify the anomaly level for this traffic station context. Choose one: normal, minor_anomaly, major_anomaly.",minor_anomaly,Observed traffic is 42.3% different from the expected baseline. Main reason: unexplained_beyond_crash_event.
17126149,7120,South Dowling Street,South Dowling Street,Surry Hills,Sydney,2024-06-15,6,610.0,408.5,201.5,49.326805385556916,increase,4,3,minor_anomaly,unexplained_beyond_rain_crash_event,Station: South Dowling Street. Road: South Dowling Street. Suburb: Surry Hills. Date: 2024-06-15. Hour: 6. Traffic volume: 610.0. Expected volume: 408.5. Traffic change: 49.3%. Rain: 1.5 mm. Weather: light_rain+very_humid+overcast. Crash count: 1. Event count within 3km: 1. Public holiday: 0. School holiday: 0.,"Classify the anomaly level for this traffic station context. Choose one: normal, minor_anomaly, major_anomaly.",minor_anomaly,Observed traffic is 49.3% different from the expected baseline. Main reason: unexplained_beyond_rain_crash_event.
17126149,7120,South Dowling Street,South Dowling Street,Surry Hills,Sydney,2023-04-12,1,63.0,90.0,-27.0,-30.0,decrease,2,1,minor_anomaly,unexplained_beyond_crash,Station: South Dowling Street. Road: South Dowling Street. Suburb: Surry Hills. Date: 2023-04-12. Hour: 1. Traffic volume: 63.0. Expected volume: 90.0. Traffic change: -30.0%. Rain: 0.0 mm. Weather: no_rain+very_humid. Crash count: 1. Event count within 3km: 0. Public holiday: 0. School holiday: 0.,"Classify the anomaly level for this traffic station context. Choose one: normal, minor_anomaly, major_anomaly.",minor_anomaly,Observed traffic is -30.0% different from the expected baseline. Main reason: unexplained_beyond_crash.
17126149,7120,South Dowling Street,South Dowling Street,Surry Hills,Sydney,2023-03-03,15,623.0,676.0,-53.0,-7.840236686390532,no_change,4,2,normal,explained_by_rain_crash,Station: South Dowling Street. Road: South Dowling Street. Suburb: Surry Hills. Date: 2023-03-03. Hour: 15. Traffic volume: 623.0. Expected volume: 676.0. Traffic change: -7.8%. Rain: 1.4 mm. Weather: light_rain+very_humid+overcast. Crash count: 7. Event count within 3km: 0. Public holiday: 0. School holiday: 0.,"Classify the anomaly level for this traffic station context. Choose one: normal, minor_anomaly, major_anomaly.",normal,Observed traffic is -7.8% different from the expected baseline. Main reason: explained_by_rain_crash.
17126149,7120,South Dowling Street,South Dowling Street,Surry Hills,Sydney,2024-06-15,15,695.0,716.0,-21.0,-2.9329608938547485,no_change,5,3,normal,explained_by_rain_crash_event,Station: South Dowling Street. Road: South Dowling Street. Suburb: Surry Hills. Date: 2024-06-15. Hour: 15. Traffic volume: 695.0. Expected volume: 716.0. Traffic change: -2.9%. Rain: 0.2 mm. Weather: light_rain+very_humid+overcast. Crash count: 5. Event count within 3km: 1. Public holiday: 0. School holiday: 0.,"Classify the anomaly level for this traffic station context. Choose one: normal, minor_anomaly, major_anomaly.",normal,Observed traffic is -2.9% different from the expected baseline. Main reason: explained_by_rain_crash_event.
17126149,7120,South Dowling Street,South Dowling Street,Surry Hills,Sydney,2024-10-22,12,672.0,726.0,-54.0,-7.43801652892562,no_change,2,1,normal,explained_by_crash,Station: South Dowling Street. Road: South Dowling Street. Suburb: Surry Hills. Date: 2024-10-22. Hour: 12. Traffic volume: 672.0. Expected volume: 726.0. Traffic change: -7.4%. Rain: 0.0 mm. Weather: no_rain. Crash count: 4. Event count within 3km: 0. Public holiday: 0. School holiday: 0.,"Classify the anomaly level for this traffic station context. Choose one: normal, minor_anomaly, major_anomaly.",normal,Observed traffic is -7.4% different from the expected baseline. Main reason: explained_by_crash.
99990003,7119-PR,Hawkesbury Road,Hawkesbury Road,Merrylands,Holroyd,2022-06-08,22,402.0,749.0,-347.0,-46.32843791722296,decrease,2,1,major_anomaly,unexplained_beyond_crash,Station: Hawkesbury Road. Road: Hawkesbury Road. Suburb: Merrylands. Date: 2022-06-08. Hour: 22. Traffic volume: 402.0. Expected volume: 749.0. Traffic change: -46.3%. Rain: 0.0 mm. Weather: no_rain. Crash count: 2. Event count within 3km: 0. Public holiday: 0. School holiday: 0.,"Classify the anomaly level for this traffic station context. Choose one: normal, minor_anomaly, major_anomaly.",major_anomaly,Observed traffic is -46.3% different from the expected baseline. Main reason: unexplained_beyond_crash.
99990003,7119-PR,Hawkesbury Road,Hawkesbury Road,Merrylands,Holroyd,2024-11-19,20,657.0,1209.0,-552.0,-45.6575682382134,decrease,1,1,major_anomaly,unexplained_beyond_crash,Station: Hawkesbury Road. Road: Hawkesbury Road. Suburb: Merrylands. Date: 2024-11-19. Hour: 20. Traffic volume: 657.0. Expected volume: 1209.0. Traffic change: -45.7%. Rain: 0.0 mm. Weather: no_rain+very_humid+overcast. Crash count: 2. Event count within 3km: 0. Public holiday: 0. School holiday: 0.,"Classify the anomaly level for this traffic station context. Choose one: normal, minor_anomaly, major_anomaly.",major_anomaly,Observed traffic is -45.7% different from the expected baseline. Main reason: unexplained_beyond_crash.
99990003,7119-PR,Hawkesbury Road,Hawkesbury Road,Merrylands,Holroyd,2022-04-05,19,730.0,1442.0,-712.0,-49.375866851595006,decrease,2,1,major_anomaly,unexplained_beyond_crash,Station: Hawkesbury Road. Road: Hawkesbury Road. Suburb: Merrylands. Date: 2022-04-05. Hour: 19. Traffic volume: 730.0. Expected volume: 1442.0. Traffic change: -49.4%. Rain: 0.0 mm. Weather: no_rain+very_humid. Crash count: 1. Event count within 3km: 0. Public holiday: 0. School holiday: 0.,"Classify the anomaly level for this traffic station context. Choose one: normal, minor_anomaly, major_anomaly.",major_anomaly,Observed traffic is -49.4% different from the expected baseline. Main reason: unexplained_beyond_crash.
99990003,7119-PR,Hawkesbury Road,Hawkesbury Road,Merrylands,Holroyd,2022-03-19,21,1379.0,1101.0,278.0,25.24977293369664,increase,2,1,minor_anomaly,unexplained_beyond_crash,Station: Hawkesbury Road. Road: Hawkesbury Road. Suburb: Merrylands. Date: 2022-03-19. Hour: 21. Traffic volume: 1379.0. Expected volume: 1101.0. Traffic change: 25.2%. Rain: 0.0 mm. Weather: no_rain+very_humid. Crash count: 2. Event count within 3km: 0. Public holiday: 0. School holiday: 0.,"Classify the anomaly level for this traffic station context. Choose one: normal, minor_anomaly, major_anomaly.",minor_anomaly,Observed traffic is 25.2% different from the expected baseline. Main reason: unexplained_beyond_crash.
99990003,7119-PR,Hawkesbury Road,Hawkesbury Road,Merrylands,Holroyd,2022-05-05,22,940.0,749.0,191.0,25.500667556742325,increase,2,1,minor_anomaly,unexplained_beyond_crash,Station: Hawkesbury Road. Road: Hawkesbury Road. Suburb: Merrylands. Date: 2022-05-05. Hour: 22. Traffic volume: 940.0. Expected volume: 749.0. Traffic change: 25.5%. Rain: 0.0 mm. Weather: no_rain+very_humid. Crash count: 1. Event count within 3km: 0. Public holiday: 0. School holiday: 0.,"Classify the anomaly level for this traffic station context. Choose one: normal, minor_anomaly, major_anomaly.",minor_anomaly,Observed traffic is 25.5% different from the expected baseline. Main reason: unexplained_beyond_crash.
99990003,7119-PR,Hawkesbury Road,Hawkesbury Road,Merrylands,Holroyd,2023-03-11,7,723.0,522.0,201.0,38.50574712643678,increase,2,1,minor_anomaly,unexplained_beyond_crash,Station: Hawkesbury Road. Road: Hawkesbury Road. Suburb: Merrylands. Date: 2023-03-11. Hour: 7. Traffic volume: 723.0. Expected volume: 522.0. Traffic change: 38.5%. Rain: 0.0 mm. Weather: no_rain+very_humid. Crash count: 2. Event count within 3km: 0. Public holiday: 0. School holiday: 0.,"Classify the anomaly level for this traffic station context. Choose one: normal, minor_anomaly, major_anomaly.",minor_anomaly,Observed traffic is 38.5% different from the expected baseline. Main reason: unexplained_beyond_crash.
99990003,7119-PR,Hawkesbury Road,Hawkesbury Road,Merrylands,Holroyd,2022-01-10,16,1712.0,2013.0,-301.0,-14.952806756085444,no_change,3,2,normal,explained_by_rain_crash,Station: Hawkesbury Road. Road: Hawkesbury Road. Suburb: Merrylands. Date: 2022-01-10. Hour: 16. Traffic volume: 1712.0. Expected volume: 2013.0. Traffic change: -15.0%. Rain: 0.2 mm. Weather: light_rain. Crash count: 3. Event count within 3km: 0. Public holiday: 0. School holiday: 0.,"Classify the anomaly level for this traffic station context. Choose one: normal, minor_anomaly, major_anomaly.",normal,Observed traffic is -15.0% different from the expected baseline. Main reason: explained_by_rain_crash.
99990003,7119-PR,Hawkesbury Road,Hawkesbury Road,Merrylands,Holroyd,2023-02-24,15,1969.0,1908.0,61.0,3.19706498951782,no_change,2,1,normal,explained_by_crash,Station: Hawkesbury Road. Road: Hawkesbury Road. Suburb: Merrylands. Date: 2023-02-24. Hour: 15. Traffic volume: 1969.0. Expected volume: 1908.0. Traffic change: 3.2%. Rain: 0.0 mm. Weather: no_rain. Crash count: 4. Event count within 3km: 0. Public holiday: 0. School holiday: 0.,"Classify the anomaly level for this traffic station context. Choose one: normal, minor_anomaly, major_anomaly.",normal,Observed traffic is 3.2% different from the expected baseline. Main reason: explained_by_crash.
99990003,7119-PR,Hawkesbury Road,Hawkesbury Road,Merrylands,Holroyd,2023-06-28,12,1554.0,1573.0,-19.0,-1.2078830260648443,no_change,3,2,normal,explained_by_rain_crash,Station: Hawkesbury Road. Road: Hawkesbury Road. Suburb: Merrylands. Date: 2023-06-28. Hour: 12. Traffic volume: 1554.0. Expected volume: 1573.0. Traffic change: -1.2%. Rain: 0.7 mm. Weather: light_rain+very_humid+overcast. Crash count: 6. Event count within 3km: 0. Public holiday: 0. School holiday: 0.,"Classify the anomaly level for this traffic station context. Choose one: normal, minor_anomaly, major_anomaly.",normal,Observed traffic is -1.2% different from the expected baseline. Main reason: explained_by_rain_crash.
99990004,7123-PR,Pages Road,Pages Road,St Marys,Penrith,2024-12-11,14,732.0,1456.0,-724.0,-49.72527472527473,decrease,1,1,major_anomaly,unexplained_beyond_crash,Station: Pages Road. Road: Pages Road. Suburb: St Marys. Date: 2024-12-11. Hour: 14. Traffic volume: 732.0. Expected volume: 1456.0. Traffic change: -49.7%. Rain: 0.0 mm. Weather: no_rain. Crash count: 1. Event count within 3km: 0. Public holiday: 0. School holiday: 0.,"Classify the anomaly level for this traffic station context. Choose one: normal, minor_anomaly, major_anomaly.",major_anomaly,Observed traffic is -49.7% different from the expected baseline. Main reason: unexplained_beyond_crash.
99990004,7123-PR,Pages Road,Pages Road,St Marys,Penrith,2023-02-14,12,90.0,1285.0,-1195.0,-92.99610894941634,decrease,1,1,major_anomaly,unexplained_beyond_rain,Station: Pages Road. Road: Pages Road. Suburb: St Marys. Date: 2023-02-14. Hour: 12. Traffic volume: 90.0. Expected volume: 1285.0. Traffic change: -93.0%. Rain: 0.4 mm. Weather: light_rain+overcast. Crash count: 0. Event count within 3km: 0. Public holiday: 0. School holiday: 0.,"Classify the anomaly level for this traffic station context. Choose one: normal, minor_anomaly, major_anomaly.",major_anomaly,Observed traffic is -93.0% different from the expected baseline. Main reason: unexplained_beyond_rain.
99990004,7123-PR,Pages Road,Pages Road,St Marys,Penrith,2022-03-16,2,42.0,85.0,-43.0,-50.588235294117645,decrease,0,0,major_anomaly,unexplained_no_context,Station: Pages Road. Road: Pages Road. Suburb: St Marys. Date: 2022-03-16. Hour: 2. Traffic volume: 42.0. Expected volume: 85.0. Traffic change: -50.6%. Rain: 0.0 mm. Weather: no_rain+very_humid+overcast. Crash count: 0. Event count within 3km: 0. Public holiday: 0. School holiday: 0.,"Classify the anomaly level for this traffic station context. Choose one: normal, minor_anomaly, major_anomaly.",major_anomaly,Observed traffic is -50.6% different from the expected baseline. Main reason: unexplained_no_context.
99990004,7123-PR,Pages Road,Pages Road,St Marys,Penrith,2022-06-19,1,201.0,165.0,36.0,21.818181818181817,increase,0,0,minor_anomaly,unexplained_no_context,Station: Pages Road. Road: Pages Road. Suburb: St Marys. Date: 2022-06-19. Hour: 1. Traffic volume: 201.0. Expected volume: 165.0. Traffic change: 21.8%. Rain: 0.0 mm. Weather: no_rain+very_humid. Crash count: 0. Event count within 3km: 0. Public holiday: 0. School holiday: 0.,"Classify the anomaly level for this traffic station context. Choose one: normal, minor_anomaly, major_anomaly.",minor_anomaly,Observed traffic is 21.8% different from the expected baseline. Main reason: unexplained_no_context.
99990004,7123-PR,Pages Road,Pages Road,St Marys,Penrith,2024-07-07,21,413.0,540.0,-127.0,-23.51851851851852,decrease,1,1,minor_anomaly,unexplained_beyond_crash,Station: Pages Road. Road: Pages Road. Suburb: St Marys. Date: 2024-07-07. Hour: 21. Traffic volume: 413.0. Expected volume: 540.0. Traffic change: -23.5%. Rain: 0.0 mm. Weather: no_rain+very_humid+overcast. Crash count: 1. Event count within 3km: 0. Public holiday: 0. School holiday: 0.,"Classify the anomaly level for this traffic station context. Choose one: normal, minor_anomaly, major_anomaly.",minor_anomaly,Observed traffic is -23.5% different from the expected baseline. Main reason: unexplained_beyond_crash.
99990004,7123-PR,Pages Road,Pages Road,St Marys,Penrith,2022-04-23,22,534.0,414.0,120.0,28.985507246376812,increase,2,1,minor_anomaly,unexplained_beyond_crash,Station: Pages Road. Road: Pages Road. Suburb: St Marys. Date: 2022-04-23. Hour: 22. Traffic volume: 534.0. Expected volume: 414.0. Traffic change: 29.0%. Rain: 0.0 mm. Weather: no_rain+very_humid. Crash count: 2. Event count within 3km: 0. Public holiday: 0. School holiday: 0.,"Classify the anomaly level for this traffic station context. Choose one: normal, minor_anomaly, major_anomaly.",minor_anomaly,Observed traffic is 29.0% different from the expected baseline. Main reason: unexplained_beyond_crash.
99990004,7123-PR,Pages Road,Pages Road,St Marys,Penrith,2022-04-01,10,1243.0,1219.0,24.0,1.9688269073010665,no_change,1,1,normal,explained_by_strong_wind,Station: Pages Road. Road: Pages Road. Suburb: St Marys. Date: 2022-04-01. Hour: 10. Traffic volume: 1243.0. Expected volume: 1219.0. Traffic change: 2.0%. Rain: 0.0 mm. Weather: no_rain+strong_wind. Crash count: 0. Event count within 3km: 0. Public holiday: 0. School holiday: 0.,"Classify the anomaly level for this traffic station context. Choose one: normal, minor_anomaly, major_anomaly.",normal,Observed traffic is 2.0% different from the expected baseline. Main reason: explained_by_strong_wind.
99990004,7123-PR,Pages Road,Pages Road,St Marys,Penrith,2024-05-15,9,1387.0,1282.0,105.0,8.190327613104524,no_change,0,0,normal,no_deviation,Station: Pages Road. Road: Pages Road. Suburb: St Marys. Date: 2024-05-15. Hour: 9. Traffic volume: 1387.0. Expected volume: 1282.0. Traffic change: 8.2%. Rain: 0.0 mm. Weather: no_rain+very_humid. Crash count: 0. Event count within 3km: 0. Public holiday: 0. School holiday: 0.,"Classify the anomaly level for this traffic station context. Choose one: normal, minor_anomaly, major_anomaly.",normal,Observed traffic is 8.2% different from the expected baseline. Main reason: no_deviation.
99990004,7123-PR,Pages Road,Pages Road,St Marys,Penrith,2023-11-09,1,101.0,98.0,3.0,3.061224489795918,no_change,0,0,normal,no_deviation,Station: Pages Road. Road: Pages Road. Suburb: St Marys. Date: 2023-11-09. Hour: 1. Traffic volume: 101.0. Expected volume: 98.0. Traffic change: 3.1%. Rain: 0.0 mm. Weather: no_rain+very_humid+overcast. Crash count: 0. Event count within 3km: 0. Public holiday: 0. School holiday: 0.,"Classify the anomaly level for this traffic station context. Choose one: normal, minor_anomaly, major_anomaly.",normal,Observed traffic is 3.1% different from the expected baseline. Main reason: no_deviation.
99990010,9836-PR,Victoria Road,Victoria Road,Ryde,Ryde,2023-03-01,10,2652.0,1621.0,1031.0,63.602714373843305,increase,0,0,major_anomaly,unexplained_no_context,Station: Victoria Road. Road: Victoria Road. Suburb: Ryde. Date: 2023-03-01. Hour: 10. Traffic volume: 2652.0. Expected volume: 1621.0. Traffic change: 63.6%. Rain: 0.0 mm. Weather: no_rain. Crash count: 0. Event count within 3km: 0. Public holiday: 0. School holiday: 0.,"Classify the anomaly level for this traffic station context. Choose one: normal, minor_anomaly, major_anomaly.",major_anomaly,Observed traffic is 63.6% different from the expected baseline. Main reason: unexplained_no_context.
99990010,9836-PR,Victoria Road,Victoria Road,Ryde,Ryde,2023-08-19,13,2889.0,1842.0,1047.0,56.84039087947883,increase,2,1,major_anomaly,unexplained_beyond_crash,Station: Victoria Road. Road: Victoria Road. Suburb: Ryde. Date: 2023-08-19. Hour: 13. Traffic volume: 2889.0. Expected volume: 1842.0. Traffic change: 56.8%. Rain: 0.0 mm. Weather: no_rain. Crash count: 4. Event count within 3km: 0. Public holiday: 0. School holiday: 0.,"Classify the anomaly level for this traffic station context. Choose one: normal, minor_anomaly, major_anomaly.",major_anomaly,Observed traffic is 56.8% different from the expected baseline. Main reason: unexplained_beyond_crash.
99990010,9836-PR,Victoria Road,Victoria Road,Ryde,Ryde,2022-12-29,11,2187.0,1557.0,630.0,40.46242774566474,increase,1,1,major_anomaly,unexplained_beyond_crash,Station: Victoria Road. Road: Victoria Road. Suburb: Ryde. Date: 2022-12-29. Hour: 11. Traffic volume: 2187.0. Expected volume: 1557.0. Traffic change: 40.5%. Rain: 0.0 mm. Weather: no_rain+overcast. Crash count: 1. Event count within 3km: 0. Public holiday: 0. School holiday: 0.,"Classify the anomaly level for this traffic station context. Choose one: normal, minor_anomaly, major_anomaly.",major_anomaly,Observed traffic is 40.5% different from the expected baseline. Main reason: unexplained_beyond_crash.
99990010,9836-PR,Victoria Road,Victoria Road,Ryde,Ryde,2023-04-27,5,1434.0,1116.0,318.0,28.49462365591398,increase,0,0,minor_anomaly,unexplained_no_context,Station: Victoria Road. Road: Victoria Road. Suburb: Ryde. Date: 2023-04-27. Hour: 5. Traffic volume: 1434.0. Expected volume: 1116.0. Traffic change: 28.5%. Rain: 0.0 mm. Weather: no_rain+very_humid+overcast. Crash count: 0. Event count within 3km: 0. Public holiday: 0. School holiday: 0.,"Classify the anomaly level for this traffic station context. Choose one: normal, minor_anomaly, major_anomaly.",minor_anomaly,Observed traffic is 28.5% different from the expected baseline. Main reason: unexplained_no_context.
99990010,9836-PR,Victoria Road,Victoria Road,Ryde,Ryde,2023-08-15,6,2799.0,2125.0,674.0,31.717647058823527,increase,2,1,minor_anomaly,unexplained_beyond_crash,Station: Victoria Road. Road: Victoria Road. Suburb: Ryde. Date: 2023-08-15. Hour: 6. Traffic volume: 2799.0. Expected volume: 2125.0. Traffic change: 31.7%. Rain: 0.0 mm. Weather: no_rain+very_humid. Crash count: 2. Event count within 3km: 0. Public holiday: 0. School holiday: 0.,"Classify the anomaly level for this traffic station context. Choose one: normal, minor_anomaly, major_anomaly.",minor_anomaly,Observed traffic is 31.7% different from the expected baseline. Main reason: unexplained_beyond_crash.
99990010,9836-PR,Victoria Road,Victoria Road,Ryde,Ryde,2023-10-22,5,317.0,461.0,-144.0,-31.23644251626898,decrease,1,1,minor_anomaly,unexplained_beyond_crash,Station: Victoria Road. Road: Victoria Road. Suburb: Ryde. Date: 2023-10-22. Hour: 5. Traffic volume: 317.0. Expected volume: 461.0. Traffic change: -31.2%. Rain: 0.0 mm. Weather: no_rain+very_humid. Crash count: 1. Event count within 3km: 0. Public holiday: 0. School holiday: 0.,"Classify the anomaly level for this traffic station context. Choose one: normal, minor_anomaly, major_anomaly.",minor_anomaly,Observed traffic is -31.2% different from the expected baseline. Main reason: unexplained_beyond_crash.
99990010,9836-PR,Victoria Road,Victoria Road,Ryde,Ryde,2024-04-17,14,1398.0,1524.5,-126.5,-8.297802558215809,no_change,3,2,normal,explained_by_rain_crash,Station: Victoria Road. Road: Victoria Road. Suburb: Ryde. Date: 2024-04-17. Hour: 14. Traffic volume: 1398.0. Expected volume: 1524.5. Traffic change: -8.3%. Rain: 0.1 mm. Weather: no_rain. Crash count: 1. Event count within 3km: 0. Public holiday: 0. School holiday: 0.,"Classify the anomaly level for this traffic station context. Choose one: normal, minor_anomaly, major_anomaly.",normal,Observed traffic is -8.3% different from the expected baseline. Main reason: explained_by_rain_crash.
99990010,9836-PR,Victoria Road,Victoria Road,Ryde,Ryde,2023-01-28,21,894.0,894.0,0.0,0.0,no_change,2,1,normal,explained_by_crash,Station: Victoria Road. Road: Victoria Road. Suburb: Ryde. Date: 2023-01-28. Hour: 21. Traffic volume: 894.0. Expected volume: 894.0. Traffic change: 0.0%. Rain: 0.0 mm. Weather: no_rain+very_humid. Crash count: 1. Event count within 3km: 0. Public holiday: 0. School holiday: 0.,"Classify the anomaly level for this traffic station context. Choose one: normal, minor_anomaly, major_anomaly.",normal,Observed traffic is 0.0% different from the expected baseline. Main reason: explained_by_crash.
99990010,9836-PR,Victoria Road,Victoria Road,Ryde,Ryde,2024-06-25,17,1915.0,1934.5,-19.5,-1.008012406306539,no_change,2,1,normal,explained_by_crash,Station: Victoria Road. Road: Victoria Road. Suburb: Ryde. Date: 2024-06-25. Hour: 17. Traffic volume: 1915.0. Expected volume: 1934.5. Traffic change: -1.0%. Rain: 0.0 mm. Weather: no_rain+very_humid. Crash count: 5. Event count within 3km: 0. Public holiday: 0. School holiday: 0.,"Classify the anomaly level for this traffic station context. Choose one: normal, minor_anomaly, major_anomaly.",normal,Observed traffic is -1.0% different from the expected baseline. Main reason: explained_by_crash.
99990011,7104-PR,Broughton Street,Broughton Street,Campbelltown,Campbelltown,2022-12-30,11,324.0,1304.0,-980.0,-75.15337423312883,decrease,3,2,major_anomaly,unexplained_beyond_rain_crash,Station: Broughton Street. Road: Broughton Street. Suburb: Campbelltown. Date: 2022-12-30. Hour: 11. Traffic volume: 324.0. Expected volume: 1304.0. Traffic change: -75.2%. Rain: 0.2 mm. Weather: light_rain+overcast. Crash count: 1. Event count within 3km: 0. Public holiday: 0. School holiday: 0.,"Classify the anomaly level for this traffic station context. Choose one: normal, minor_anomaly, major_anomaly.",major_anomaly,Observed traffic is -75.2% different from the expected baseline. Main reason: unexplained_beyond_rain_crash.
99990011,7104-PR,Broughton Street,Broughton Street,Campbelltown,Campbelltown,2023-07-11,23,140.0,282.0,-142.0,-50.35460992907801,decrease,2,1,major_anomaly,unexplained_beyond_crash,Station: Broughton Street. Road: Broughton Street. Suburb: Campbelltown. Date: 2023-07-11. Hour: 23. Traffic volume: 140.0. Expected volume: 282.0. Traffic change: -50.4%. Rain: 0.0 mm. Weather: no_rain+very_humid. Crash count: 1. Event count within 3km: 0. Public holiday: 0. School holiday: 0.,"Classify the anomaly level for this traffic station context. Choose one: normal, minor_anomaly, major_anomaly.",major_anomaly,Observed traffic is -50.4% different from the expected baseline. Main reason: unexplained_beyond_crash.
99990011,7104-PR,Broughton Street,Broughton Street,Campbelltown,Campbelltown,2023-02-11,23,566.0,263.0,303.0,115.20912547528516,increase,0,0,major_anomaly,unexplained_no_context,Station: Broughton Street. Road: Broughton Street. Suburb: Campbelltown. Date: 2023-02-11. Hour: 23. Traffic volume: 566.0. Expected volume: 263.0. Traffic change: 115.2%. Rain: 0.0 mm. Weather: no_rain. Crash count: 0. Event count within 3km: 0. Public holiday: 0. School holiday: 0.,"Classify the anomaly level for this traffic station context. Choose one: normal, minor_anomaly, major_anomaly.",major_anomaly,Observed traffic is 115.2% different from the expected baseline. Main reason: unexplained_no_context.
99990011,7104-PR,Broughton Street,Broughton Street,Campbelltown,Campbelltown,2023-08-19,11,1912.0,1411.5,500.5,35.458731845554375,increase,2,1,minor_anomaly,unexplained_beyond_crash,Station: Broughton Street. Road: Broughton Street. Suburb: Campbelltown. Date: 2023-08-19. Hour: 11. Traffic volume: 1912.0. Expected volume: 1411.5. Traffic change: 35.5%. Rain: 0.0 mm. Weather: no_rain. Crash count: 1. Event count within 3km: 0. Public holiday: 0. School holiday: 0.,"Classify the anomaly level for this traffic station context. Choose one: normal, minor_anomaly, major_anomaly.",minor_anomaly,Observed traffic is 35.5% different from the expected baseline. Main reason: unexplained_beyond_crash.
99990011,7104-PR,Broughton Street,Broughton Street,Campbelltown,Campbelltown,2022-07-12,0,178.0,153.0,25.0,16.33986928104575,no_change,0,0,minor_anomaly,unexplained_no_context,Station: Broughton Street. Road: Broughton Street. Suburb: Campbelltown. Date: 2022-07-12. Hour: 0. Traffic volume: 178.0. Expected volume: 153.0. Traffic change: 16.3%. Rain: 0.0 mm. Weather: no_rain+very_humid+overcast. Crash count: 0. Event count within 3km: 0. Public holiday: 0. School holiday: 0.,"Classify the anomaly level for this traffic station context. Choose one: normal, minor_anomaly, major_anomaly.",minor_anomaly,Observed traffic is 16.3% different from the expected baseline. Main reason: unexplained_no_context.
99990011,7104-PR,Broughton Street,Broughton Street,Campbelltown,Campbelltown,2022-03-12,9,1253.0,995.0,258.0,25.92964824120603,increase,2,1,minor_anomaly,unexplained_beyond_crash,Station: Broughton Street. Road: Broughton Street. Suburb: Campbelltown. Date: 2022-03-12. Hour: 9. Traffic volume: 1253.0. Expected volume: 995.0. Traffic change: 25.9%. Rain: 0.0 mm. Weather: no_rain. Crash count: 1. Event count within 3km: 0. Public holiday: 0. School holiday: 0.,"Classify the anomaly level for this traffic station context. Choose one: normal, minor_anomaly, major_anomaly.",minor_anomaly,Observed traffic is 25.9% different from the expected baseline. Main reason: unexplained_beyond_crash.
99990011,7104-PR,Broughton Street,Broughton Street,Campbelltown,Campbelltown,2022-12-08,3,147.0,128.0,19.0,14.84375,no_change,0,0,normal,no_deviation,Station: Broughton Street. Road: Broughton Street. Suburb: Campbelltown. Date: 2022-12-08. Hour: 3. Traffic volume: 147.0. Expected volume: 128.0. Traffic change: 14.8%. Rain: 0.0 mm. Weather: no_rain. Crash count: 0. Event count within 3km: 0. Public holiday: 0. School holiday: 0.,"Classify the anomaly level for this traffic station context. Choose one: normal, minor_anomaly, major_anomaly.",normal,Observed traffic is 14.8% different from the expected baseline. Main reason: no_deviation.
99990011,7104-PR,Broughton Street,Broughton Street,Campbelltown,Campbelltown,2022-06-21,20,651.0,736.0,-85.0,-11.548913043478262,no_change,0,0,normal,no_deviation,Station: Broughton Street. Road: Broughton Street. Suburb: Campbelltown. Date: 2022-06-21. Hour: 20. Traffic volume: 651.0. Expected volume: 736.0. Traffic change: -11.5%. Rain: 0.0 mm. Weather: no_rain+very_humid. Crash count: 0. Event count within 3km: 0. Public holiday: 0. School holiday: 0.,"Classify the anomaly level for this traffic station context. Choose one: normal, minor_anomaly, major_anomaly.",normal,Observed traffic is -11.5% different from the expected baseline. Main reason: no_deviation.
99990011,7104-PR,Broughton Street,Broughton Street,Campbelltown,Campbelltown,2022-05-11,6,1071.0,1024.5,46.5,4.538799414348463,no_change,1,1,normal,explained_by_rain,Station: Broughton Street. Road: Broughton Street. Suburb: Campbelltown. Date: 2022-05-11. Hour: 6. Traffic volume: 1071.0. Expected volume: 1024.5. Traffic change: 4.5%. Rain: 0.7 mm. Weather: light_rain+very_humid+overcast. Crash count: 0. Event count within 3km: 0. Public holiday: 0. School holiday: 0.,"Classify the anomaly level for this traffic station context. Choose one: normal, minor_anomaly, major_anomaly.",normal,Observed traffic is 4.5% different from the expected baseline. Main reason: explained_by_rain.
99990013,9834-PR,Kingsway,Kingsway,Miranda,Sutherland,2022-06-15,9,553.0,1023.5,-470.5,-45.96971177332682,decrease,2,1,major_anomaly,unexplained_beyond_crash,Station: Kingsway. Road: Kingsway. Suburb: Miranda. Date: 2022-06-15. Hour: 9. Traffic volume: 553.0. Expected volume: 1023.5. Traffic change: -46.0%. Rain: 0.0 mm. Weather: no_rain+very_humid. Crash count: 2. Event count within 3km: 0. Public holiday: 0. School holiday: 0.,"Classify the anomaly level for this traffic station context. Choose one: normal, minor_anomaly, major_anomaly.",major_anomaly,Observed traffic is -46.0% different from the expected baseline. Main reason: unexplained_beyond_crash.
99990013,9834-PR,Kingsway,Kingsway,Miranda,Sutherland,2023-10-18,6,827.0,543.0,284.0,52.302025782688766,increase,2,1,major_anomaly,unexplained_beyond_crash,Station: Kingsway. Road: Kingsway. Suburb: Miranda. Date: 2023-10-18. Hour: 6. Traffic volume: 827.0. Expected volume: 543.0. Traffic change: 52.3%. Rain: 0.0 mm. Weather: no_rain. Crash count: 2. Event count within 3km: 0. Public holiday: 0. School holiday: 0.,"Classify the anomaly level for this traffic station context. Choose one: normal, minor_anomaly, major_anomaly.",major_anomaly,Observed traffic is 52.3% different from the expected baseline. Main reason: unexplained_beyond_crash.
99990013,9834-PR,Kingsway,Kingsway,Miranda,Sutherland,2022-08-13,21,662.0,286.0,376.0,131.46853146853147,increase,2,1,major_anomaly,unexplained_beyond_crash,Station: Kingsway. Road: Kingsway. Suburb: Miranda. Date: 2022-08-13. Hour: 21. Traffic volume: 662.0. Expected volume: 286.0. Traffic change: 131.5%. Rain: 0.0 mm. Weather: no_rain+overcast. Crash count: 1. Event count within 3km: 0. Public holiday: 0. School holiday: 0.,"Classify the anomaly level for this traffic station context. Choose one: normal, minor_anomaly, major_anomaly.",major_anomaly,Observed traffic is 131.5% different from the expected baseline. Main reason: unexplained_beyond_crash.
99990013,9834-PR,Kingsway,Kingsway,Miranda,Sutherland,2023-05-26,4,64.0,82.0,-18.0,-21.951219512195124,decrease,0,0,minor_anomaly,unexplained_no_context,Station: Kingsway. Road: Kingsway. Suburb: Miranda. Date: 2023-05-26. Hour: 4. Traffic volume: 64.0. Expected volume: 82.0. Traffic change: -22.0%. Rain: 0.0 mm. Weather: no_rain. Crash count: 0. Event count within 3km: 0. Public holiday: 0. School holiday: 0.,"Classify the anomaly level for this traffic station context. Choose one: normal, minor_anomaly, major_anomaly.",minor_anomaly,Observed traffic is -22.0% different from the expected baseline. Main reason: unexplained_no_context.
99990013,9834-PR,Kingsway,Kingsway,Miranda,Sutherland,2023-06-25,8,418.0,646.5,-228.5,-35.34416086620263,decrease,2,1,minor_anomaly,unexplained_beyond_crash,Station: Kingsway. Road: Kingsway. Suburb: Miranda. Date: 2023-06-25. Hour: 8. Traffic volume: 418.0. Expected volume: 646.5. Traffic change: -35.3%. Rain: 0.0 mm. Weather: no_rain. Crash count: 1. Event count within 3km: 0. Public holiday: 0. School holiday: 0.,"Classify the anomaly level for this traffic station context. Choose one: normal, minor_anomaly, major_anomaly.",minor_anomaly,Observed traffic is -35.3% different from the expected baseline. Main reason: unexplained_beyond_crash.
99990013,9834-PR,Kingsway,Kingsway,Miranda,Sutherland,2022-12-12,14,407.0,831.5,-424.5,-51.052315093205046,decrease,3,2,minor_anomaly,unexplained_beyond_crash_strong_wind,Station: Kingsway. Road: Kingsway. Suburb: Miranda. Date: 2022-12-12. Hour: 14. Traffic volume: 407.0. Expected volume: 831.5. Traffic change: -51.1%. Rain: 0.0 mm. Weather: no_rain+strong_wind. Crash count: 2. Event count within 3km: 0. Public holiday: 0. School holiday: 0.,"Classify the anomaly level for this traffic station context. Choose one: normal, minor_anomaly, major_anomaly.",minor_anomaly,Observed traffic is -51.1% different from the expected baseline. Main reason: unexplained_beyond_crash_strong_wind.
99990013,9834-PR,Kingsway,Kingsway,Miranda,Sutherland,2024-08-15,12,842.0,872.0,-30.0,-3.4403669724770642,no_change,3,2,normal,explained_by_rain_crash,Station: Kingsway. Road: Kingsway. Suburb: Miranda. Date: 2024-08-15. Hour: 12. Traffic volume: 842.0. Expected volume: 872.0. Traffic change: -3.4%. Rain: 0.2 mm. Weather: light_rain+very_humid+overcast. Crash count: 4. Event count within 3km: 0. Public holiday: 0. School holiday: 0.,"Classify the anomaly level for this traffic station context. Choose one: normal, minor_anomaly, major_anomaly.",normal,Observed traffic is -3.4% different from the expected baseline. Main reason: explained_by_rain_crash.
99990013,9834-PR,Kingsway,Kingsway,Miranda,Sutherland,2023-07-24,16,789.0,912.0,-123.0,-13.486842105263158,no_change,0,0,normal,no_deviation,Station: Kingsway. Road: Kingsway. Suburb: Miranda. Date: 2023-07-24. Hour: 16. Traffic volume: 789.0. Expected volume: 912.0. Traffic change: -13.5%. Rain: 0.0 mm. Weather: no_rain. Crash count: 0. Event count within 3km: 0. Public holiday: 0. School holiday: 0.,"Classify the anomaly level for this traffic station context. Choose one: normal, minor_anomaly, major_anomaly.",normal,Observed traffic is -13.5% different from the expected baseline. Main reason: no_deviation.
99990013,9834-PR,Kingsway,Kingsway,Miranda,Sutherland,2023-05-26,10,925.0,906.0,19.0,2.097130242825607,no_change,3,2,normal,explained_by_rain_crash,Station: Kingsway. Road: Kingsway. Suburb: Miranda. Date: 2023-05-26. Hour: 10. Traffic volume: 925.0. Expected volume: 906.0. Traffic change: 2.1%. Rain: 0.1 mm. Weather: no_rain+overcast. Crash count: 1. Event count within 3km: 0. Public holiday: 0. School holiday: 0.,"Classify the anomaly level for this traffic station context. Choose one: normal, minor_anomaly, major_anomaly.",normal,Observed traffic is 2.1% different from the expected baseline. Main reason: explained_by_rain_crash.
