lga,weather_condition,n_observations,n_stations,avg_expected_volume,avg_observed_volume,avg_temperature_c,avg_rain_mm,sensitivity_score,median_abs_change_pct,significant_change_rate
Strathfield,heavy_rain+very_humid,1,1,225.0,596.0,17.5,9.9,164.89,164.89,1.0
Sutherland,no_rain+extreme_heat+strong_wind+overcast,1,1,767.5,1674.0,35.0,0.0,118.11,118.11,1.0
Strathfield,heavy_rain+strong_wind+very_humid+overcast,1,1,186.0,17.0,19.6,12.2,90.86,90.86,1.0
Parramatta,no_rain+strong_wind+very_humid,3,3,960.8333333333334,1826.6666666666667,19.3,0.03333333333333333,85.63999999999999,60.32,1.0
Blacktown,no_rain+extreme_heat+strong_wind+overcast,1,1,498.0,75.0,35.2,0.0,84.94,84.94,1.0
Woollahra,heavy_rain+overcast,1,1,4106.0,738.0,21.3,7.6,82.03,82.03,1.0
Sutherland,no_rain+hot+strong_wind+overcast,3,1,831.6666666666666,1522.3333333333333,33.766666666666666,0.0,82.00333333333333,76.32,1.0
Penrith,heavy_rain+strong_wind+very_humid+overcast,2,1,183.0,43.5,18.35,9.8,76.465,76.465,1.0
Strathfield,light_rain+hot,4,2,3581.0,4760.75,31.150000000000002,0.6,69.0925,64.775,0.5
Canada Bay,light_rain+strong_wind+very_humid+overcast,11,1,2146.2727272727275,3294.2727272727275,15.509090909090908,1.3363636363636362,68.95090909090911,69.12,1.0
Fairfield,light_rain+hot+overcast,3,2,1059.5,329.0,30.433333333333334,0.20000000000000004,68.54,73.24,1.0
Sutherland,light_rain+hot,4,2,783.75,1203.5,33.25,0.425,66.05999999999999,63.295,0.75
Bankstown,very_heavy_rain+overcast,1,1,517.0,179.0,23.4,16.1,65.38,65.38,1.0
Hornsby,light_rain+strong_wind+very_humid,5,2,2689.3,1142.4,19.72,0.36,60.789999999999985,77.09,1.0
Bankstown,heavy_rain,1,1,477.0,188.0,20.6,7.7,60.59,60.59,1.0
Canada Bay,moderate_rain+strong_wind+very_humid+overcast,11,1,1804.590909090909,2748.909090909091,16.009090909090908,4.836363636363637,58.41727272727273,58.22,1.0
Canada Bay,light_rain+strong_wind,29,1,3196.810344827586,4667.103448275862,20.03103448275862,0.47586206896551725,57.848275862068974,78.54,0.7241379310344828
Leichhardt,heavy_rain+overcast,3,2,1263.3333333333333,452.3333333333333,22.166666666666668,7.599999999999999,57.30333333333334,72.62,1.0
Waverley,moderate_rain+strong_wind+very_humid,1,1,1219.0,1916.0,16.1,3.4,57.18,57.18,1.0
Penrith,heavy_rain+overcast,2,2,1049.25,467.0,21.5,8.7,54.17,54.17,1.0
Woollahra,moderate_rain+strong_wind+overcast,1,1,4331.5,2020.0,16.0,2.9,53.36,53.36,1.0
Auburn,heavy_rain+strong_wind+very_humid+overcast,4,2,190.25,83.0,18.75,8.350000000000001,53.239999999999995,58.699999999999996,0.75
Rockdale,moderate_rain+strong_wind+very_humid,2,2,1369.5,825.5,15.9,3.4,53.135000000000005,53.135000000000005,0.5
Kogarah,heavy_rain+strong_wind+very_humid,2,1,317.5,502.5,17.4,11.05,52.365,52.365,1.0
Mosman,heavy_rain+strong_wind+very_humid,2,1,334.5,532.0,17.4,11.05,51.95,51.95,1.0
Ryde,moderate_rain+strong_wind,1,1,2942.5,1419.0,13.2,2.7,51.78,51.78,1.0
Canada Bay,light_rain+hot,6,1,3229.1666666666665,4824.0,31.766666666666666,0.48333333333333334,51.531666666666666,44.824999999999996,0.5
Manly,heavy_rain+strong_wind+very_humid+overcast,3,1,1135.5,400.6666666666667,18.0,12.0,51.410000000000004,62.6,1.0
Fairfield,light_rain+hot+strong_wind+overcast,3,3,1918.1666666666667,756.3333333333334,32.2,0.20000000000000004,51.00333333333333,58.36,1.0
Strathfield,no_rain+extreme_heat+overcast,3,1,970.5,535.6666666666666,35.93333333333334,0.03333333333333333,50.81999999999999,69.63,1.0
Waverley,moderate_rain+overcast,3,1,1452.5,1597.3333333333333,20.099999999999998,2.8666666666666667,50.446666666666665,51.24,1.0
Leichhardt,no_rain+hot+strong_wind,24,2,1229.9375,1433.625,33.208333333333336,0.0,49.49708333333333,54.605000000000004,0.8333333333333334
Canada Bay,light_rain+strong_wind+overcast,23,1,2753.4347826086955,3763.782608695652,17.921739130434784,0.6,48.96260869565217,66.76,0.6086956521739131
Fairfield,moderate_rain,18,3,1453.0555555555557,1146.611111111111,22.316666666666666,3.927777777777778,48.74888888888889,56.03,0.6666666666666666
Sutherland,heavy_rain+strong_wind+very_humid,5,3,198.5,96.6,17.4,11.64,48.37,49.95,1.0
Strathfield,light_rain+strong_wind+very_humid,17,1,924.9705882352941,1081.2941176470588,17.71764705882353,0.723529411764706,48.06,9.62,0.47058823529411764
Leichhardt,no_rain+extreme_heat+overcast,6,2,1379.0833333333333,664.0,35.93333333333334,0.03333333333333333,47.48166666666666,55.945,0.8333333333333334
Blacktown,heavy_rain+overcast,2,2,945.25,658.5,21.85,9.399999999999999,47.43,47.43,1.0
Holroyd,heavy_rain+overcast,4,4,1500.0,1869.0,22.2,10.1,47.095000000000006,13.66,0.5
Canada Bay,no_rain+strong_wind+very_humid,1,1,1149.0,1690.0,17.0,0.0,47.08,47.08,1.0
Ryde,heavy_rain+very_humid+overcast,37,6,1076.2702702702702,1101.081081081081,20.47027027027027,9.651351351351352,46.88243243243244,36.68,0.8648648648648649
Sutherland,moderate_rain+overcast,31,5,852.3870967741935,869.7741935483871,21.53548387096774,3.487096774193548,46.77483870967741,12.71,0.5161290322580645
Lane Cove,no_rain+extreme_heat+overcast,2,2,1683.25,2433.0,36.2,0.0,46.59,46.59,0.5
Lane Cove,heavy_rain+overcast,2,1,1863.0,988.5,22.6,7.6,46.51,46.51,1.0
Parramatta,very_heavy_rain+strong_wind+very_humid+overcast,1,1,357.0,519.0,19.0,18.1,45.38,45.38,1.0
Campbelltown,moderate_rain+strong_wind+very_humid+overcast,5,1,526.9,292.2,13.440000000000001,3.44,45.22,25.67,1.0
Auburn,no_rain+strong_wind+very_humid,3,2,619.6666666666666,794.6666666666666,19.3,0.03333333333333333,44.74,59.17,0.6666666666666666
Canada Bay,no_rain+strong_wind+very_humid+overcast,3,1,2513.5,3477.0,21.53333333333333,0.03333333333333333,43.693333333333335,32.05,0.6666666666666666
Ryde,light_rain+strong_wind+very_humid+overcast,111,5,1297.6216216216217,1389.2972972972973,17.415315315315315,1.0405405405405406,43.60882882882881,31.48,0.7387387387387387
Lane Cove,heavy_rain+strong_wind+very_humid,6,3,172.91666666666666,207.83333333333334,17.4,11.049999999999999,42.97333333333333,20.985,0.8333333333333334
Penrith,light_rain+strong_wind+very_humid+overcast,5,2,905.2,697.0,13.64,1.72,42.762,63.5,0.8
Hornsby,very_heavy_rain+strong_wind+very_humid+overcast,1,1,1835.0,1051.0,19.0,18.1,42.72,42.72,1.0
Ryde,heavy_rain+strong_wind+very_humid+overcast,1,1,429.5,247.0,19.6,12.2,42.49,42.49,1.0
Ryde,light_rain+strong_wind+very_humid,18,1,1306.138888888889,1239.611111111111,17.188888888888886,0.7777777777777778,41.875,36.75,0.6111111111111112
Campbelltown,moderate_rain,3,1,2166.0,1429.0,21.73333333333333,4.466666666666666,41.156666666666666,54.7,1.0
Canada Bay,light_rain+very_humid,199,1,1864.6231155778894,2369.748743718593,16.459798994974875,0.4291457286432161,40.93175879396985,19.33,0.6633165829145728
Canada Bay,light_rain+very_humid+overcast,982,1,2041.8452138492871,2653.5356415478614,17.372403258655805,0.7356415478615072,40.92447046843177,23.375,0.6476578411405295
Canada Bay,moderate_rain+overcast,11,1,3027.318181818182,3705.4545454545455,23.018181818181816,3.6181818181818177,40.37909090909091,3.06,0.45454545454545453
Canada Bay,light_rain+hot+overcast,5,1,3126.2,4343.4,31.4,1.18,40.316,5.68,0.4
Leichhardt,no_rain+hot+very_humid,2,2,1740.5,1041.0,30.5,0.0,40.2,40.2,1.0
Blacktown,no_rain+extreme_heat+overcast,23,2,853.5217391304348,533.1739130434783,36.55217391304348,0.0,40.15826086956522,19.95,0.7391304347826086
Fairfield,moderate_rain+hot+strong_wind,2,2,1312.75,797.0,30.3,3.4,39.714999999999996,39.714999999999996,1.0
The Hills,no_rain+strong_wind+very_humid,5,3,1068.6,1224.8,21.139999999999997,0.06000000000000001,39.658,6.02,0.4
Sutherland,no_rain+hot,480,5,883.146875,1008.6604166666667,31.807708333333334,0.0012500000000000002,39.430729166666666,15.190000000000001,0.61875
Ku-Ring-Gai,heavy_rain+strong_wind+very_humid+overcast,8,4,2297.5,1217.75,19.2375,10.05,38.940000000000005,31.56,0.875
Blacktown,no_rain+hot+strong_wind+overcast,4,1,845.875,811.5,33.35,0.0,38.515,26.38,1.0
Sutherland,no_rain+hot+overcast,154,5,876.0616883116883,916.2207792207793,31.69415584415584,0.004545454545454546,38.47512987012987,11.405000000000001,0.5584415584415584
Blacktown,light_rain+strong_wind+very_humid+overcast,19,2,644.2105263157895,398.7894736842105,16.7,1.4526315789473685,38.40157894736842,17.38,0.631578947368421
Strathfield,no_rain+extreme_heat,18,2,1146.8055555555557,1129.111111111111,36.327777777777776,0.0,37.90777777777778,8.36,0.3888888888888889
Warringah,heavy_rain+strong_wind+very_humid+overcast,11,5,1353.090909090909,1275.2727272727273,17.745454545454546,12.736363636363636,37.89272727272727,19.53,0.9090909090909091
Strathfield,moderate_rain+overcast,16,3,2088.46875,2191.8125,23.53125,3.80625,37.763125,22.715,0.75
Strathfield,heavy_rain+overcast,3,2,1047.5,678.3333333333334,21.866666666666664,7.766666666666666,37.76,43.52,0.6666666666666666
Strathfield,no_rain+hot,190,3,1643.2947368421053,1864.9473684210527,31.783157894736842,0.0010526315789473684,37.47236842105263,9.645,0.48947368421052634
Canada Bay,no_rain+very_humid+overcast,2272,1,1417.7764084507041,1796.1839788732395,16.38433098591549,0.015713028169014084,37.36975352112676,13.245000000000001,0.5647007042253521
Parramatta,no_rain+extreme_heat+strong_wind+overcast,6,3,3359.4166666666665,3431.0,36.85,0.0,37.05833333333333,27.665,0.6666666666666666
Canada Bay,light_rain,264,1,3085.412878787879,3952.901515151515,21.267424242424244,0.4121212121212121,36.75295454545454,7.9399999999999995,0.4734848484848485
Sutherland,moderate_rain,14,5,995.1785714285714,880.1428571428571,20.964285714285715,3.814285714285714,36.688571428571436,14.2,0.6428571428571429
Kogarah,no_rain+strong_wind+very_humid,17,1,1302.2058823529412,1283.1764705882354,20.11176470588235,0.03529411764705883,36.61941176470588,18.24,0.8235294117647058
Penrith,moderate_rain+strong_wind+very_humid+overcast,8,2,437.3125,359.875,16.3125,3.825,36.60625,29.78,0.75
Canada Bay,moderate_rain+very_humid+overcast,137,1,2369.7773722627735,2884.5474452554745,17.86350364963504,3.783941605839416,36.473284671532845,28.82,0.7007299270072993
Hornsby,no_rain+strong_wind+very_humid,13,6,819.7307692307693,796.5384615384615,19.73076923076923,0.03076923076923077,36.25769230769231,26.42,0.6923076923076923
Waverley,heavy_rain+strong_wind+very_humid,2,1,133.5,79.5,17.5,11.05,36.03,36.03,1.0
Willoughby,moderate_rain+strong_wind+very_humid,1,1,1586.0,1016.0,15.9,3.4,35.94,35.94,1.0
Canada Bay,moderate_rain+very_humid,12,1,2760.5,3560.5833333333335,17.866666666666667,4.375,35.665000000000006,12.58,0.5833333333333334
Marrickville,heavy_rain+overcast,2,1,1375.5,885.0,22.6,7.6,35.66,35.66,1.0
Canada Bay,heavy_rain+very_humid+overcast,9,1,2541.8888888888887,2937.5555555555557,20.677777777777777,9.088888888888889,35.32666666666667,28.3,0.5555555555555556
Ryde,light_rain+strong_wind,162,6,1633.4104938271605,2080.5925925925926,19.924691358024692,0.43333333333333335,35.29049382716049,8.280000000000001,0.4506172839506173
Ryde,heavy_rain+strong_wind+very_humid,2,1,241.5,154.5,17.4,11.05,35.08,35.08,1.0
Lane Cove,moderate_rain+strong_wind,2,2,2036.0,2710.0,13.2,2.7,34.904999999999994,34.904999999999994,0.5
Ryde,no_rain+strong_wind+very_humid,32,4,1006.328125,1090.96875,20.690625,0.025,34.5103125,22.59,0.59375
Canada Bay,no_rain+strong_wind+overcast,57,1,3009.7280701754385,3736.9824561403507,20.11578947368421,0.017543859649122806,34.44368421052632,10.85,0.5263157894736842
Woollahra,no_rain+strong_wind+very_humid,32,1,2160.65625,2136.71875,20.990625,0.025,34.439687500000005,34.150000000000006,0.84375
Parramatta,no_rain+strong_wind,842,6,2407.6977434679334,2439.5641330166272,20.486342042755343,0.008432304038004752,34.33058194774347,9.19,0.47743467933491684
Ryde,light_rain+very_humid,880,6,1039.0625,1205.5511363636363,16.416136363636365,0.42034090909090904,34.30927272727273,14.825,0.6034090909090909
Warringah,heavy_rain+very_humid+overcast,49,6,1213.0,1134.938775510204,19.285714285714285,9.23469387755102,34.126122448979594,16.0,0.6326530612244898
Woollahra,heavy_rain+strong_wind+very_humid+overcast,1,1,1011.0,667.0,19.6,12.2,34.03,34.03,1.0
The Hills,no_rain+extreme_heat+strong_wind+overcast,5,2,1991.9,1324.0,36.56,0.0,33.914,44.18,0.8
Leichhardt,no_rain+extreme_heat,35,3,1659.142857142857,1249.1142857142856,36.24285714285714,0.0,33.69114285714286,37.88,0.8571428571428571
Sutherland,light_rain+overcast,1098,5,1063.983606557377,1104.3406193078324,20.61921675774135,0.46948998178506374,33.66009107468124,10.434999999999999,0.5127504553734062
Canada Bay,no_rain+very_humid,4539,1,1279.368142762723,1567.7726371447454,14.589226701916722,0.003943599911874863,33.538832341925534,11.0,0.5234633179114342
Leichhardt,light_rain+hot+overcast,6,3,1887.0,1377.0,32.083333333333336,0.8666666666666667,33.401666666666664,37.885,0.8333333333333334
Manly,heavy_rain+very_humid,1,1,103.5,69.0,13.7,7.5,33.33,33.33,1.0
Warringah,no_rain+hot+strong_wind,52,4,1611.1634615384614,1719.6346153846155,33.31346153846154,0.0,33.276346153846156,14.89,0.5769230769230769
Holroyd,light_rain+strong_wind+very_humid+overcast,46,4,1255.5760869565217,894.2826086956521,17.360869565217392,1.232608695652174,33.25173913043478,13.355,0.6086956521739131
Ryde,moderate_rain+very_humid+overcast,473,6,1202.0084566596195,1323.2917547568711,17.560042283298095,3.7492600422832982,33.13587737843552,18.33,0.6701902748414377
Sutherland,no_rain+hot+strong_wind,48,3,880.1458333333334,1048.4166666666667,33.1125,0.0,32.85458333333333,14.89,0.5833333333333334
Sutherland,heavy_rain+very_humid+overcast,38,5,876.2105263157895,808.6842105263158,20.357894736842105,9.994736842105263,32.85157894736842,19.5,0.6052631578947368
Ku-Ring-Gai,no_rain+strong_wind+very_humid+overcast,88,7,1692.3693181818182,1486.3522727272727,20.147727272727273,0.042045454545454546,32.667840909090906,25.79,0.7840909090909091
Leichhardt,no_rain+hot+overcast,76,3,1519.2763157894738,1098.9736842105262,31.914473684210527,0.002631578947368421,32.504342105263156,36.685,0.8947368421052632
Strathfield,light_rain+hot+overcast,5,3,1868.5,2356.6,31.339999999999996,0.9400000000000001,32.436,11.16,0.6
Bankstown,moderate_rain,8,3,1553.375,1164.5,21.8625,4.2875,32.32625,17.725,0.625
Hunters Hill,moderate_rain+strong_wind+very_humid+overcast,18,1,720.5277777777778,471.3888888888889,16.966666666666665,4.2555555555555555,32.29833333333333,36.34,0.8333333333333334
Sutherland,heavy_rain+overcast,8,4,908.3125,728.5,23.3125,8.925,32.206250000000004,32.6,0.75
Ryde,light_rain+very_humid+overcast,3578,6,1149.9429849077696,1282.5248742314143,17.282280603689212,0.750642817216322,31.9453549468977,15.375,0.6201788708775853
Parramatta,heavy_rain+very_humid+overcast,37,6,1701.3648648648648,1480.3783783783783,20.194594594594594,9.543243243243245,31.937567567567562,25.68,0.7297297297297297
Burwood,heavy_rain+strong_wind+very_humid+overcast,1,1,442.0,301.0,19.6,12.2,31.9,31.9,1.0
Hunters Hill,heavy_rain+strong_wind+very_humid+overcast,1,1,262.5,179.0,19.6,12.2,31.81,31.81,1.0
Warringah,light_rain+strong_wind+very_humid,91,6,1334.1648351648353,1229.3736263736264,17.548351648351648,0.5307692307692308,31.59868131868132,13.65,0.5384615384615384
Lane Cove,no_rain+very_humid+overcast,6024,3,852.9074535192564,941.7118193891102,16.191118857901728,0.017695883134130147,31.407407038512613,15.56,0.6176958831341302
Lane Cove,light_rain+hot+overcast,9,3,1966.3333333333333,2382.777777777778,31.688888888888886,0.8777777777777778,31.330000000000002,9.13,0.4444444444444444
Ku-Ring-Gai,heavy_rain+very_humid+overcast,46,6,2143.0978260869565,1505.2608695652175,20.16304347826087,9.582608695652175,31.29760869565217,21.97,0.7391304347826086
Warringah,light_rain+hot+overcast,6,4,2059.9166666666665,2553.3333333333335,31.75,0.35000000000000003,30.993333333333325,13.675,0.6666666666666666
Ku-Ring-Gai,heavy_rain+overcast,5,4,3658.4,2575.6,22.580000000000002,8.6,30.824,38.7,0.6
Strathfield,heavy_rain+very_humid+overcast,28,3,1451.3214285714287,1266.142857142857,20.071428571428573,9.646428571428572,30.735714285714288,18.45,0.7142857142857143
Lane Cove,no_rain+very_humid,11873,3,752.3044723321823,817.9073528173166,14.646281478985934,0.009003621662595806,30.64976080181925,15.81,0.6299166175355849
Sutherland,light_rain,998,5,1055.5931863727455,1140.5911823647295,20.48456913827655,0.3949899799599198,30.63366733466934,9.555,0.4849699398797595
Sutherland,no_rain+extreme_heat+overcast,11,3,899.6363636363636,661.7272727272727,36.07272727272727,0.018181818181818184,30.496363636363636,21.91,0.6363636363636364
Canada Bay,light_rain+overcast,352,1,2967.6676136363635,3469.7102272727275,21.003125,0.48295454545454547,30.427215909090908,6.63,0.42329545454545453
Ku-Ring-Gai,moderate_rain+strong_wind+very_humid+overcast,129,6,2078.8333333333335,1422.860465116279,15.800775193798449,3.9596899224806203,30.42093023255814,24.32,0.8372093023255814
Leichhardt,no_rain+hot,261,3,1526.0383141762452,1474.0383141762452,31.782375478927207,0.0,30.377471264367813,26.53,0.735632183908046
Holroyd,heavy_rain+strong_wind+very_humid+overcast,8,4,348.875,249.0,18.75,8.350000000000001,30.192500000000003,23.11,1.0
Warringah,no_rain+strong_wind+very_humid,151,6,867.3509933774834,768.3245033112582,21.686092715231787,0.017880794701986755,29.961655629139067,16.78,0.6821192052980133
Ku-Ring-Gai,very_heavy_rain+very_humid+overcast,2,1,497.5,411.5,18.7,17.6,29.82,29.82,1.0
Ryde,no_rain+strong_wind+overcast,277,5,1500.2129963898917,1634.1805054151625,19.633935018050543,0.01949458483754513,29.797184115523464,12.17,0.5379061371841155
Leichhardt,light_rain+strong_wind+very_humid,49,3,1515.591836734694,1221.2857142857142,17.548979591836734,0.7857142857142857,29.78224489795919,26.49,0.7755102040816326
Warringah,no_rain+very_humid,14521,10,704.5311617657186,744.7355554025205,15.706191033675367,0.00930376695819847,29.688621307072513,13.96,0.5994766200674885
Canada Bay,no_rain+overcast,2581,1,2579.912049593181,3041.375435877567,19.84149554436265,0.013211933359163116,29.635885315769084,7.2,0.4354901201084851
Waverley,heavy_rain+very_humid+overcast,11,1,1399.8181818181818,1114.8181818181818,19.59090909090909,10.254545454545454,29.608181818181823,25.5,0.9090909090909091
Parramatta,no_rain+overcast,7926,6,2108.4919253091093,2143.304314912945,19.310459248044413,0.013146606106484986,29.59866010598032,7.87,0.44070148877113297
Ku-Ring-Gai,light_rain+strong_wind+very_humid+overcast,311,7,2326.921221864952,1806.6977491961416,17.142443729903537,0.9504823151125402,29.506045016077174,20.2,0.6816720257234726
Ryde,no_rain+strong_wind+very_humid+overcast,35,4,1304.6714285714286,1358.2,21.357142857142858,0.04857142857142858,29.387714285714285,11.92,0.6
Hornsby,heavy_rain+very_humid+overcast,68,10,1045.6176470588234,864.0441176470588,20.46029411764706,9.548529411764704,29.29470588235294,22.689999999999998,0.6764705882352942
Woollahra,moderate_rain+very_humid,10,1,3659.85,3325.2,19.14,3.84,29.194,12.52,0.5
Burwood,light_rain+hot+overcast,4,1,1419.5,1062.5,31.825000000000003,0.9500000000000001,29.185000000000002,13.61,0.5
Rockdale,no_rain+hot+strong_wind,13,2,1448.3461538461538,1270.6923076923076,33.26153846153846,0.0,29.106923076923074,35.49,0.8461538461538461
Sutherland,moderate_rain+hot+strong_wind,1,1,969.5,688.0,30.3,3.4,29.04,29.04,1.0
Canada Bay,no_rain,7155,1,2482.9863731656183,2922.951502445842,17.88533892382949,0.004374563242487771,28.989331935709295,6.76,0.40628930817610065
Ryde,no_rain+very_humid,14260,6,816.7241234221599,897.3958625525946,14.472840112201965,0.006065918653576438,28.831056100981765,11.274999999999999,0.5350631136044881
Ku-Ring-Gai,light_rain+hot,15,2,4816.466666666666,4185.866666666667,31.673333333333336,0.44,28.816666666666666,26.43,0.7333333333333333
Ryde,no_rain+very_humid+overcast,7077,6,894.7001554330931,983.4865055814611,16.122453016815037,0.01619330224671471,28.725290377278508,11.83,0.5438745231030098
Strathfield,no_rain+strong_wind+very_humid,34,3,888.3529411764706,758.2058823529412,21.208823529411767,0.029411764705882353,28.7214705882353,23.785,0.6470588235294118
Burwood,no_rain+extreme_heat+overcast,3,1,1288.3333333333333,958.0,35.93333333333334,0.03333333333333333,28.646666666666672,40.27,0.6666666666666666
Canada Bay,no_rain+hot,251,1,3134.9422310756972,3526.4541832669324,31.81195219123506,0.0015936254980079682,28.500836653386454,5.41,0.3784860557768924
Ryde,light_rain+strong_wind+overcast,101,5,1482.2920792079208,1728.3861386138615,18.325742574257426,0.5237623762376238,28.485247524752474,9.4,0.4752475247524752
Ryde,moderate_rain+strong_wind+very_humid+overcast,72,5,1171.5,1168.0416666666667,16.126388888888886,4.105555555555556,28.409444444444446,20.97,0.75
Kogarah,heavy_rain+overcast,2,1,2796.0,1987.0,22.6,7.6,28.4,28.4,1.0
Warringah,no_rain+hot+strong_wind+overcast,8,3,1644.8125,1739.125,32.6125,0.0,28.3625,15.139999999999999,0.75
Mosman,no_rain+strong_wind+very_humid,41,2,1591.280487804878,1561.7317073170732,21.10487804878049,0.029268292682926834,28.282926829268295,16.22,0.6829268292682927
Parramatta,no_rain+strong_wind+very_humid+overcast,9,3,1935.0,2077.222222222222,20.744444444444444,0.03333333333333334,28.163333333333334,14.17,0.6666666666666666
Ryde,heavy_rain+overcast,4,3,1618.5,1208.0,22.4,8.85,28.13,32.515,0.75
Holroyd,light_rain+hot,24,4,1654.625,1194.4166666666667,31.729166666666668,0.41250000000000003,28.097499999999997,11.895,0.5833333333333334
Willoughby,heavy_rain+strong_wind+very_humid,2,1,190.75,125.0,17.4,11.05,28.035,28.035,1.0
Kogarah,no_rain+very_humid+overcast,1558,1,1287.3944159178434,1313.9319640564827,16.15346598202824,0.018806161745827984,27.98514762516046,11.425,0.5430038510911425
Parramatta,light_rain+very_humid+overcast,3220,6,1610.222360248447,1625.1450310559005,17.09167701863354,0.7554658385093167,27.951574534161487,10.82,0.5239130434782608
Hurstville,no_rain+very_humid+overcast,1,1,551.0,705.0,21.4,0.1,27.95,27.95,1.0
Warringah,no_rain+very_humid+overcast,7181,10,846.8817017128533,859.8203592814372,17.01629299540454,0.020442835259713132,27.885031332683468,13.31,0.5869656036763682
Manly,very_heavy_rain+very_humid+overcast,2,1,278.5,330.0,18.7,17.6,27.875,27.875,1.0
Leichhardt,no_rain+strong_wind+very_humid,69,3,1159.9782608695652,960.7536231884058,20.897101449275365,0.027536231884057974,27.866521739130437,22.98,0.855072463768116
Parramatta,light_rain+very_humid,666,6,1524.3145645645645,1529.7672672672672,15.82132132132132,0.40465465465465467,27.618633633633635,9.125,0.4744744744744745
Fairfield,no_rain+extreme_heat+strong_wind+overcast,9,3,1495.2222222222222,1013.6666666666666,36.36666666666666,0.0,27.61333333333333,8.68,0.4444444444444444
Woollahra,heavy_rain+very_humid+overcast,12,1,2293.9166666666665,1751.8333333333333,20.716666666666665,9.875,27.59,25.89,0.6666666666666666
Willoughby,light_rain+strong_wind+very_humid,25,2,1116.22,991.88,17.236,0.5920000000000001,27.535200000000003,19.01,0.72
Strathfield,light_rain+overcast,575,3,1601.6339130434783,1656.1495652173912,20.497739130434784,0.46313043478260874,27.471478260869567,7.78,0.4121739130434783
Leichhardt,no_rain+strong_wind+very_humid+overcast,95,3,1493.1105263157895,1277.0210526315789,20.43263157894737,0.04736842105263158,27.437052631578943,23.82,0.7894736842105263
Fairfield,heavy_rain+very_humid,6,3,607.25,788.0,18.6,10.700000000000001,27.423333333333332,10.685,0.5
Campbelltown,light_rain+strong_wind+overcast,12,1,1674.375,1178.6666666666667,18.283333333333335,0.5666666666666667,27.406666666666666,7.76,0.4166666666666667
Sutherland,moderate_rain+very_humid+overcast,519,5,865.0115606936416,858.9075144508671,17.93256262042389,3.6741811175337187,27.369499036608865,13.7,0.5992292870905588
Leichhardt,no_rain+very_humid,11906,3,852.6439610280531,822.7646564757265,15.10525785318327,0.00876868805644213,27.268590626574838,20.17,0.7007391231311944
Kogarah,light_rain+strong_wind+very_humid,12,1,1863.0,1518.0,17.075,0.7416666666666667,27.260000000000005,21.82,0.5833333333333334
Leichhardt,no_rain,19129,3,1428.9671702650426,1390.9279627790265,18.060771603324795,0.005839301583982435,27.18084113126666,17.97,0.6527785038423336
Parramatta,no_rain,21677,6,2070.508903446049,2109.806061724408,17.616298380772246,0.0045163076071412095,27.173115744798636,7.2,0.4190616782765143
Leichhardt,no_rain+overcast,6305,3,1440.7977795400475,1348.3770023790642,19.14770816812054,0.011927042030134814,27.00172402854877,20.32,0.6699444885011895
Hornsby,light_rain+strong_wind+very_humid+overcast,65,9,1210.8461538461538,905.3538461538461,17.13230769230769,1.143076923076923,26.965846153846154,21.4,0.7692307692307693
Leichhardt,light_rain+very_humid,956,3,1085.4649581589958,1028.5230125523012,16.792364016736403,0.43765690376569033,26.939131799163178,20.02,0.6830543933054394
Strathfield,light_rain,506,3,1857.9505928853755,1939.8280632411067,20.59920948616601,0.38300395256916997,26.866126482213435,7.27,0.391304347826087
Strathfield,no_rain+strong_wind,663,3,1394.0739064856712,1490.0150829562594,19.254901960784313,0.012971342383107088,26.7393665158371,8.88,0.46003016591251883
Parramatta,no_rain+very_humid+overcast,6631,6,1278.6600060322726,1307.862464183381,16.00061830794752,0.016814960036193635,26.687003468556778,9.57,0.4834866535967426
Leichhardt,light_rain,758,3,1713.52308707124,1715.4564643799472,20.151055408970976,0.3617414248021108,26.530263852242744,16.39,0.6147757255936676
Sutherland,no_rain+strong_wind+very_humid,55,3,641.8636363636364,600.6,20.95090909090909,0.02909090909090909,26.52818181818182,16.52,0.6363636363636364
Waverley,no_rain+very_humid+overcast,1120,1,964.45,989.5053571428572,17.005803571428572,0.021517857142857144,26.507732142857144,21.92,0.7401785714285715
Ryde,light_rain,887,6,1635.9751972942504,1857.8940248027056,20.757271702367532,0.39842164599774516,26.459695603156707,7.33,0.4227733934611049
Leichhardt,heavy_rain+strong_wind+very_humid+overcast,4,3,2214.0,1999.25,19.700000000000003,10.55,26.4525,26.74,0.5
Mosman,no_rain+very_humid+overcast,3369,2,1364.5351736420303,1388.782428020184,16.571920451172456,0.018165627782724843,26.430608489165923,12.2,0.5681211041852182
Parramatta,light_rain+overcast,1070,6,2325.02523364486,2257.7532710280375,20.81355140186916,0.4733644859813084,26.406542056074766,8.315000000000001,0.4570093457943925
Leichhardt,no_rain+very_humid+overcast,5847,3,950.6590559261159,904.5861125363434,16.380177868992646,0.017017273815631947,26.391135625106887,18.88,0.6704292799726356
Holroyd,moderate_rain+strong_wind+very_humid+overcast,39,4,988.2564102564103,721.3589743589744,16.492307692307694,4.664102564102564,26.34692307692307,16.78,0.7435897435897436
Sutherland,no_rain+very_humid,12901,5,506.0031392915278,513.2543988838074,14.546500271296798,0.00823192000620107,26.227916440586004,12.31,0.56724284939152
Waverley,no_rain+very_humid,1970,1,848.8484771573604,887.102538071066,16.031116751269035,0.010710659898477158,26.186812182741118,20.810000000000002,0.733502538071066
Waverley,no_rain,3258,1,1647.5383670963781,1577.865561694291,18.451810926949047,0.006967464702271333,26.137765500306937,22.314999999999998,0.7335788827501535
Strathfield,light_rain+strong_wind,104,3,2058.8990384615386,2234.528846153846,19.51153846153846,0.46153846153846156,26.11019230769231,8.98,0.46153846153846156
Leichhardt,moderate_rain+strong_wind+very_humid+overcast,108,3,1367.1666666666667,1225.898148148148,16.19351851851852,3.8583333333333334,26.09814814814815,18.064999999999998,0.6481481481481481
Waverley,light_rain+very_humid,190,1,1075.0973684210526,1107.8473684210526,17.38684210526316,0.4357894736842105,26.037789473684214,20.15,0.7210526315789474
Parramatta,light_rain+strong_wind+very_humid+overcast,41,3,1283.9024390243903,1143.8048780487804,16.087804878048782,1.353658536585366,26.01341463414634,20.75,0.6829268292682927
Canada Bay,no_rain+extreme_heat,35,1,3193.2,3466.114285714286,36.95142857142857,0.0,26.00114285714286,7.73,0.4
Manly,no_rain+very_humid,2046,1,441.05474095796677,437.14516129032256,16.933284457478006,0.010606060606060607,25.99868035190616,18.575000000000003,0.6999022482893451
Leichhardt,light_rain+overcast,862,3,1600.8903712296983,1525.9443155452436,19.833178654292343,0.44709976798143847,25.930243619489563,17.58,0.622969837587007
Ku-Ring-Gai,no_rain+strong_wind+very_humid,53,6,1427.132075471698,1207.7735849056603,20.89622641509434,0.024528301886792454,25.907735849056603,21.98,0.7169811320754716
Sutherland,no_rain+very_humid+overcast,6639,5,602.0207109504444,599.1840638650399,16.16874529296581,0.01688507305317066,25.8672390420244,12.8,0.5799066124416328
Woollahra,no_rain+hot+very_humid,1,1,4137.5,5207.0,30.5,0.0,25.85,25.85,1.0
Sutherland,no_rain+overcast,8076,5,923.1425829618623,941.4492322932144,19.49338781575037,0.012345220406141654,25.841184992570575,9.8,0.49343734522040616
Holroyd,no_rain+strong_wind+very_humid,8,4,1030.875,1148.625,20.45,0.05,25.833750000000002,15.58,0.75
Strathfield,moderate_rain+very_humid,17,3,1611.735294117647,1740.0,19.2,3.7941176470588234,25.827647058823533,5.2,0.47058823529411764
Waverley,light_rain,169,1,1932.3905325443786,1798.4792899408285,20.575739644970415,0.3775147928994083,25.826627218934917,26.17,0.6863905325443787
Willoughby,no_rain+strong_wind+very_humid,17,2,1120.2941176470588,807.4705882352941,21.58823529411765,0.03529411764705883,25.805882352941175,23.68,0.7058823529411765
Lane Cove,no_rain+strong_wind+very_humid,64,3,1058.0703125,1016.84375,20.6234375,0.0328125,25.743593749999995,15.010000000000002,0.640625
Waverley,no_rain+overcast,1082,1,1709.2338262476894,1576.1876155268021,19.120055452865067,0.013585951940850279,25.664011090573013,23.015,0.6968576709796673
Ryde,no_rain+strong_wind,1033,6,1628.3702807357213,1809.136495643756,19.700968054211035,0.01229428848015489,25.601965150048404,7.4,0.41626331074540174
Leichhardt,moderate_rain,7,3,1562.4285714285713,1721.7142857142858,19.228571428571428,3.6,25.594285714285714,12.12,0.7142857142857143
Leichhardt,moderate_rain+very_humid,23,3,1532.608695652174,1402.5652173913043,18.530434782608694,3.9565217391304346,25.52695652173913,21.07,0.6086956521739131
Marrickville,no_rain+extreme_heat+strong_wind,6,2,1364.5,1321.3333333333333,36.916666666666664,0.0,25.429999999999996,12.9,0.6666666666666666
Manly,no_rain+strong_wind+very_humid,22,1,770.3636363636364,612.4090909090909,22.331818181818182,0.03181818181818182,25.415909090909086,14.39,0.6818181818181818
Sutherland,no_rain+extreme_heat,66,3,892.0833333333334,942.5454545454545,36.59848484848485,0.0,25.389242424242425,10.185,0.5151515151515151
Ryde,no_rain,22901,6,1361.396096240339,1503.0759792148815,17.779179948473868,0.004737784376228112,25.364163573643072,7.7,0.42775424653945243
Warringah,no_rain+strong_wind+very_humid+overcast,238,6,1261.310924369748,1111.2310924369747,19.63235294117647,0.042436974789915975,25.326008403361342,16.064999999999998,0.6218487394957983
Blacktown,very_heavy_rain+very_humid+overcast,1,1,794.0,995.0,23.4,16.8,25.31,25.31,1.0
Lane Cove,heavy_rain+strong_wind+very_humid+overcast,8,3,1669.6875,1704.375,19.75,9.725,25.25125,17.79,0.875
Mosman,no_rain+very_humid,6642,2,1224.1166064438423,1271.739837398374,15.130864197530864,0.009229147847034026,25.230367359229145,13.12,0.5883769948810599
Waverley,no_rain+strong_wind,250,1,2051.138,1794.268,18.7588,0.0128,25.22344,26.134999999999998,0.704
Canada Bay,no_rain+strong_wind,237,1,3128.856540084388,3507.2953586497893,20.61350210970464,0.008016877637130802,25.22088607594937,5.88,0.37130801687763715
Waverley,light_rain+overcast,160,1,1880.453125,1760.68125,19.880625000000002,0.4425,25.2015625,23.895,0.70625
Woollahra,no_rain+strong_wind+very_humid+overcast,32,1,3170.0625,2818.1875,20.759375,0.053125000000000006,25.19,23.015,0.65625
Leichhardt,no_rain+strong_wind,1255,3,1746.4868525896413,1646.781673306773,18.81370517928287,0.013466135458167333,25.14941035856574,16.72,0.6151394422310758
Campbelltown,heavy_rain+very_humid+overcast,6,1,1362.0833333333333,1207.0,20.45,10.133333333333333,25.063333333333333,8.065,0.3333333333333333
Willoughby,heavy_rain+strong_wind+very_humid+overcast,3,2,1215.5,1173.6666666666667,18.666666666666668,10.766666666666666,25.063333333333333,6.37,0.3333333333333333
Sydney,no_rain+strong_wind+very_humid,161,13,818.2484472049689,786.1925465838509,20.856521739130436,0.027950310559006212,24.966832298136644,19.76,0.7018633540372671
Hunters Hill,heavy_rain+strong_wind+very_humid,2,1,170.75,131.5,17.4,11.05,24.88,24.88,1.0
Leichhardt,no_rain+extreme_heat+strong_wind,11,3,1694.9545454545455,1366.909090909091,36.54545454545455,0.0,24.85727272727273,33.85,0.7272727272727273
Sutherland,light_rain+very_humid+overcast,4102,5,861.0859336908825,850.1121404193077,17.642150170648467,0.7807654802535349,24.83554851292053,12.11,0.5702096538274013
Waverley,light_rain+strong_wind+very_humid,12,1,1401.6666666666667,1107.9166666666667,17.2,0.7416666666666667,24.781666666666666,23.520000000000003,0.75
Parramatta,no_rain+very_humid,13073,6,1191.5400826130192,1232.363420790943,14.238774573548534,0.004880287615696474,24.78125143425381,8.43,0.44626329075193144
The Hills,no_rain+strong_wind+very_humid+overcast,6,2,1529.75,1493.5,21.516666666666666,0.03333333333333333,24.763333333333332,6.949999999999999,0.3333333333333333
Leichhardt,no_rain+strong_wind+overcast,445,3,1585.9359550561799,1547.7460674157303,19.18921348314607,0.02067415730337079,24.749483146067416,15.72,0.6112359550561798
Warringah,light_rain+strong_wind+very_humid+overcast,582,6,1462.1486254295532,1354.6134020618556,17.218213058419245,0.834192439862543,24.711821305841926,12.495000000000001,0.5738831615120275
Leichhardt,light_rain+very_humid+overcast,3537,3,1302.652813118462,1250.3652813118463,17.732258976533785,0.7780322307039864,24.673531241164827,16.11,0.6146451795306758
Waverley,light_rain+very_humid+overcast,880,1,1364.2221590909091,1354.3886363636364,18.666363636363638,0.775340909090909,24.613511363636366,18.905,0.6727272727272727
Fairfield,light_rain+strong_wind,39,3,1444.551282051282,1507.5897435897436,19.553846153846155,0.38461538461538464,24.552051282051288,14.65,0.5897435897435898
Bankstown,heavy_rain+very_humid+overcast,34,6,1969.3235294117646,1643.5588235294117,19.438235294117646,9.741176470588234,24.543529411764705,14.469999999999999,0.5588235294117647
Ku-Ring-Gai,moderate_rain+very_humid+overcast,667,7,2450.0487256371816,1932.575712143928,17.92173913043478,3.74047976011994,24.541289355322338,15.83,0.6341829085457271
Bankstown,light_rain+strong_wind+very_humid+overcast,30,6,1925.2333333333333,1523.1333333333334,16.636666666666667,1.52,24.47433333333333,10.17,0.5333333333333333
Waverley,light_rain+strong_wind+overcast,33,1,1791.1363636363637,1887.060606060606,19.336363636363636,0.5272727272727272,24.45363636363636,12.15,0.6060606060606061
Fairfield,no_rain+extreme_heat+strong_wind,17,3,1373.9411764705883,1307.6470588235295,36.04705882352941,0.0,24.38705882352941,12.19,0.5882352941176471
Marrickville,moderate_rain+very_humid+overcast,169,3,938.2781065088758,942.8639053254437,19.16449704142012,3.7745562130177515,24.325207100591715,8.57,0.4437869822485207
Fairfield,no_rain+extreme_heat,121,3,1377.7107438016528,1210.6611570247933,36.78181818181818,0.0,24.237851239669425,14.7,0.6033057851239669
Lane Cove,no_rain+strong_wind+very_humid+overcast,110,3,1314.1909090909091,1337.1636363636364,20.328181818181818,0.04818181818181819,24.23381818181818,14.375,0.6363636363636364
Lane Cove,light_rain+very_humid,937,3,947.5570971184632,982.9220917822839,16.36104589114194,0.4425827107790822,24.175314834578437,14.43,0.6136606189967982
Ryde,light_rain+overcast,1054,6,1562.314990512334,1698.285578747628,20.413662239089184,0.4648956356736243,24.15535104364326,7.535,0.4307400379506641
Waverley,light_rain+strong_wind+very_humid+overcast,87,1,1479.5919540229886,1403.0229885057472,17.220689655172414,0.9310344827586207,24.13436781609195,15.28,0.5862068965517241
Ku-Ring-Gai,light_rain+hot+overcast,15,6,3945.3,3536.733333333333,31.273333333333333,1.0733333333333335,24.102666666666668,16.24,0.5333333333333333
Lane Cove,moderate_rain+strong_wind+very_humid+overcast,129,3,1124.077519379845,1087.6976744186047,15.867441860465117,3.641860465116279,24.03418604651163,18.9,0.7906976744186046
Strathfield,very_heavy_rain+strong_wind+very_humid+overcast,2,2,3414.5,2568.0,19.0,18.1,24.02,24.02,1.0
Strathfield,no_rain+strong_wind+very_humid+overcast,35,3,847.4428571428572,746.8,20.662857142857145,0.045714285714285714,23.98257142857143,20.88,0.7714285714285715
Penrith,no_rain+very_humid,6596,2,475.51311400849,442.17116434202546,13.297210430563977,0.004426925409338994,23.95536992116434,9.75,0.4899939357186173
Hornsby,light_rain+strong_wind+overcast,135,9,1096.4222222222222,895.1259259259259,18.79259259259259,0.5377777777777777,23.933777777777777,14.22,0.6074074074074074
Parramatta,moderate_rain+very_humid+overcast,480,6,1838.7552083333333,1748.3145833333333,17.20625,3.7239583333333335,23.897291666666664,13.52,0.6291666666666667
Lane Cove,no_rain+overcast,6356,3,1419.5788231592196,1569.8915984896162,18.70237570799245,0.011736941472624293,23.89604468219006,10.364999999999998,0.5094398993077407
Rockdale,moderate_rain,2,1,975.25,855.5,19.1,2.85,23.895000000000003,23.895000000000003,1.0
Warringah,light_rain+very_humid+overcast,5309,10,1243.5348464870974,1232.25164814466,17.536541721604824,0.7706912789602561,23.866950461480503,12.26,0.5645130909775853
Campbelltown,no_rain+strong_wind,91,1,1605.9065934065934,1366.3186813186812,18.62857142857143,0.004395604395604396,23.836263736263746,9.85,0.4945054945054945
Waverley,moderate_rain+strong_wind+very_humid+overcast,33,1,1444.4545454545455,1191.3030303030303,15.63939393939394,3.6333333333333333,23.82272727272727,10.72,0.5454545454545454
Hornsby,no_rain+extreme_heat+strong_wind+overcast,21,8,964.0238095238095,867.8095238095239,36.49523809523809,0.0,23.80619047619048,16.28,0.6190476190476191
Campbelltown,no_rain,4221,1,1212.0614783226724,1050.3285951196399,17.05072257758825,0.004667140488036011,23.799661217720917,10.89,0.5245202558635395
Waverley,no_rain+hot,15,1,2132.0666666666666,1923.2666666666667,31.073333333333334,0.0,23.781333333333333,23.63,0.8
Willoughby,no_rain+strong_wind+very_humid+overcast,50,2,1281.65,1158.34,19.322,0.04,23.707600000000006,14.555,0.64
Warringah,light_rain+very_humid,1450,10,1018.181724137931,1044.1027586206897,16.558137931034484,0.4924137931034483,23.6968,11.915,0.5606896551724138
Ku-Ring-Gai,no_rain+extreme_heat+strong_wind+overcast,6,2,4742.75,4208.666666666667,36.333333333333336,0.0,23.661666666666665,25.375,0.6666666666666666
Woollahra,light_rain+hot+overcast,3,1,4397.0,3776.3333333333335,32.233333333333334,1.1666666666666667,23.659999999999997,9.62,0.3333333333333333
Kogarah,light_rain+strong_wind+very_humid+overcast,96,1,1907.53125,1766.46875,17.060416666666665,0.9885416666666668,23.65833333333333,11.08,0.53125
Kogarah,moderate_rain+very_humid+overcast,119,1,1787.5672268907563,1712.857142857143,18.42436974789916,3.7890756302521007,23.64008403361344,11.54,0.5714285714285714
Ryde,moderate_rain+overcast,29,5,1685.5862068965516,1675.1379310344828,23.71379310344828,3.6965517241379313,23.62689655172414,10.05,0.5172413793103449
Auburn,moderate_rain+strong_wind+very_humid+overcast,15,2,694.2333333333333,575.2666666666667,16.506666666666668,4.666666666666667,23.612000000000002,19.66,0.9333333333333333
Fairfield,moderate_rain+strong_wind+very_humid+overcast,31,3,722.4032258064516,612.8387096774194,16.983870967741936,4.196774193548387,23.597419354838713,18.84,0.8064516129032258
Lane Cove,no_rain+hot+strong_wind,28,2,1909.0,1503.7857142857142,33.22857142857143,0.0,23.574285714285715,19.465,0.7857142857142857
Willoughby,no_rain+very_humid,2720,2,769.6251838235294,767.8466911764706,15.375220588235294,0.012316176470588235,23.492970588235295,10.615,0.5172794117647059
Holroyd,no_rain+extreme_heat+strong_wind+overcast,11,4,1622.8181818181818,1460.2727272727273,36.43636363636364,0.0,23.414545454545454,9.71,0.45454545454545453
Kogarah,no_rain+very_humid,3278,1,1127.4272422208664,1167.5701647345943,14.440695546064672,0.008633312995729104,23.40265710799268,10.43,0.5115924344112264
Lane Cove,light_rain+strong_wind+very_humid+overcast,320,3,1224.3671875,1273.009375,17.267812499999998,0.9440625,23.3875625,15.165,0.646875
Strathfield,no_rain+very_humid,7614,3,851.7654320987655,870.1520882584713,15.073456790123457,0.007788284738639349,23.387550564749144,10.27,0.5072235355923299
Manly,moderate_rain+strong_wind+very_humid+overcast,40,1,802.275,638.975,15.7,3.9274999999999998,23.33325,15.935,0.65
Sutherland,no_rain,23669,5,896.0105412142465,923.7929781570831,18.087168870674724,0.005775486923824413,23.32947315053445,9.33,0.4773332206683848
Hunters Hill,heavy_rain+overcast,2,1,1012.75,865.5,22.6,7.6,23.32,23.32,0.5
Marrickville,moderate_rain+overcast,5,3,907.7,948.6,19.68,3.28,23.276,9.7,0.4
Waverley,light_rain+strong_wind,37,1,2059.5405405405404,2178.864864864865,19.86756756756757,0.327027027027027,23.22162162162162,13.98,0.6216216216216216
Bankstown,no_rain+strong_wind+very_humid+overcast,5,4,1139.5,960.2,19.56,0.02,23.174,17.62,0.8
Lane Cove,light_rain+very_humid+overcast,3894,3,1134.4646892655367,1202.3292244478685,17.805701078582434,0.7797894196199281,23.170552131484335,12.6,0.5693374422187981
Strathfield,no_rain+very_humid+overcast,4087,3,1011.3731343283582,993.4142402740397,16.547027159285538,0.018277465133349647,23.107685343772943,10.76,0.5189625642280401
Strathfield,no_rain+overcast,4061,3,1415.341664614627,1477.5486333415415,19.459517360256097,0.013395715341049004,23.01280965279488,7.98,0.43708446195518347
Warringah,moderate_rain+very_humid+overcast,680,6,1437.3161764705883,1420.210294117647,17.947352941176472,3.6910294117647062,23.006735294117647,12.844999999999999,0.5764705882352941
Hurstville,no_rain+very_humid,34,1,726.5588235294117,666.4411764705883,20.941176470588236,0.011764705882352941,23.003235294117644,6.83,0.4117647058823529
Holroyd,heavy_rain+very_humid+overcast,36,4,1377.4722222222222,1146.388888888889,20.683333333333334,9.283333333333333,22.967222222222222,9.83,0.5
Penrith,moderate_rain+very_humid+overcast,251,2,795.1812749003984,707.9601593625498,17.940637450199205,3.5529880478087645,22.942509960159363,12.6,0.601593625498008
Parramatta,moderate_rain+very_humid,34,6,2271.779411764706,2198.794117647059,17.86764705882353,4.135294117647058,22.938235294117643,10.46,0.5588235294117647
Willoughby,moderate_rain+strong_wind+very_humid+overcast,63,2,1259.9920634920634,1004.015873015873,15.212698412698412,3.7111111111111112,22.932539682539684,18.53,0.7936507936507936
Warringah,moderate_rain+strong_wind+very_humid+overcast,213,6,1175.1971830985915,1097.7840375586854,14.941784037558685,3.7774647887323947,22.92093896713615,17.12,0.6713615023474179
Leichhardt,moderate_rain+very_humid+overcast,417,3,1386.4016786570744,1314.4364508393285,18.24244604316547,3.7196642685851318,22.91220623501199,13.78,0.5851318944844125
Ryde,no_rain+overcast,7930,6,1379.7831651954602,1492.7843631778057,19.285031525851196,0.012610340479192938,22.875293820933162,7.29,0.41185372005044135
Waverley,no_rain+strong_wind+overcast,94,1,1747.404255319149,1584.7659574468084,18.96914893617021,0.022340425531914895,22.848404255319153,20.415,0.6276595744680851
Parramatta,moderate_rain+strong_wind+very_humid+overcast,36,5,1329.8194444444443,1125.5555555555557,16.458333333333332,4.591666666666667,22.788611111111113,19.555,0.8055555555555556
Lane Cove,moderate_rain+very_humid+overcast,438,3,1166.0490867579908,1226.8812785388127,18.320091324200913,3.760045662100457,22.786780821917805,11.985,0.5593607305936074
Ku-Ring-Gai,light_rain+strong_wind+very_humid,51,5,2159.8627450980393,1984.3921568627452,17.392156862745097,0.6470588235294118,22.759803921568622,10.92,0.5490196078431373
Fairfield,no_rain+extreme_heat+overcast,25,3,1375.2,1256.76,36.716,0.0,22.7396,10.47,0.52
Fairfield,no_rain+very_humid,16394,3,609.7286202269123,589.2643650115896,13.621733561058925,0.0044772477735756985,22.726440161034525,12.77,0.5745394656581676
Marrickville,light_rain+hot+overcast,3,3,1291.0,1171.3333333333333,30.600000000000005,0.3,22.71666666666667,22.07,0.6666666666666666
Strathfield,no_rain+strong_wind+overcast,191,3,1358.1649214659685,1340.6806282722514,20.20628272251309,0.02198952879581152,22.713612565445022,11.05,0.5340314136125655
Willoughby,light_rain+strong_wind+very_humid+overcast,190,2,1358.6157894736841,1182.6263157894737,16.986842105263158,0.9005263157894736,22.663105263157895,16.89,0.6368421052631579
Manly,no_rain+very_humid+overcast,1134,1,539.576278659612,529.6331569664903,18.067019400352734,0.024867724867724872,22.61062610229277,15.71,0.6261022927689595
Lane Cove,heavy_rain+very_humid+overcast,40,3,1161.125,1153.05,19.9025,9.995000000000001,22.51775,11.965,0.6
Willoughby,light_rain+very_humid,319,2,951.7774294670846,916.0376175548589,17.012852664576805,0.46332288401253924,22.471974921630093,11.84,0.5517241379310345
Ku-Ring-Gai,light_rain+very_humid+overcast,5000,9,2137.1791,1856.5586,17.6339,0.7729,22.443022,11.85,0.5506
Woollahra,heavy_rain+strong_wind+very_humid,2,1,223.0,163.5,17.4,11.05,22.43,22.43,1.0
Kogarah,heavy_rain+very_humid+overcast,12,1,1933.9166666666667,1614.75,20.075,9.891666666666667,22.354166666666668,16.415,0.75
Ku-Ring-Gai,no_rain+very_humid+overcast,8705,10,1529.5184951177484,1406.4172314761631,16.369856404365308,0.017828834003446297,22.333542791499138,11.64,0.5409534750143595
Penrith,light_rain+hot,7,2,1330.357142857143,1041.857142857143,31.771428571428572,0.4857142857142857,22.33285714285714,5.93,0.42857142857142855
Ku-Ring-Gai,moderate_rain+strong_wind+very_humid,1,1,2506.0,3065.0,15.9,3.4,22.31,22.31,1.0
Leichhardt,light_rain+strong_wind,162,3,1831.3827160493827,1806.9567901234568,18.83641975308642,0.38209876543209875,22.30216049382716,10.05,0.5
Parramatta,light_rain,843,6,2398.8825622775803,2383.3048635824434,21.091459074733095,0.4016607354685647,22.26867141162515,7.45,0.4294187425860024
Campbelltown,no_rain+overcast,1319,1,1270.3756633813496,1110.7846853677029,18.792115238817285,0.012206216830932527,22.26583017437453,10.64,0.5140257771038665
Holroyd,no_rain+extreme_heat,154,4,1591.7824675324675,1385.4675324675325,37.027272727272724,0.0,22.130844155844155,12.285,0.5714285714285714
Strathfield,no_rain+hot+overcast,59,3,1808.5762711864406,2058.3898305084745,31.73220338983051,0.0033898305084745766,22.103220338983053,7.57,0.4406779661016949
Hornsby,moderate_rain+strong_wind+very_humid+overcast,56,8,874.2321428571429,661.7321428571429,16.523214285714285,4.25,22.09017857142857,19.295,0.8392857142857143
Fairfield,no_rain+very_humid+overcast,7466,3,682.2561612643987,671.9746852397535,15.44405304045004,0.013581569783016341,22.086968925796945,12.34,0.5668363246718457
Sutherland,moderate_rain+strong_wind+overcast,1,1,699.0,545.0,16.0,2.9,22.03,22.03,1.0
Marrickville,heavy_rain+strong_wind+very_humid+overcast,5,3,1213.0,1006.4,19.76,9.559999999999999,21.968,13.07,0.6
Bankstown,moderate_rain+strong_wind+very_humid+overcast,38,6,1273.4342105263158,1059.342105263158,15.160526315789474,3.986842105263158,21.955000000000002,14.065000000000001,0.5789473684210527
Penrith,no_rain+very_humid+overcast,3572,2,533.0723684210526,497.95240761478163,16.046696528555433,0.018141097424412094,21.877164053751404,9.94,0.4966405375139978
Strathfield,no_rain,11478,3,1281.709618400418,1298.8342045652553,18.070151594354417,0.005732706046349538,21.854168844746475,7.83,0.42821048963234015
Ku-Ring-Gai,no_rain+extreme_heat+overcast,24,4,4243.479166666667,3410.0,36.24166666666667,0.004166666666666667,21.83125,12.795,0.5833333333333334
Ku-Ring-Gai,no_rain+hot+overcast,203,7,3837.347290640394,3140.064039408867,31.840394088669953,0.003448275862068966,21.829014778325124,13.46,0.5467980295566502
Ku-Ring-Gai,no_rain+extreme_heat,106,3,4282.174528301887,3888.698113207547,36.973584905660374,0.0,21.808018867924527,14.629999999999999,0.5660377358490566
Fairfield,heavy_rain+very_humid+overcast,26,3,1071.0961538461538,893.7307692307693,19.353846153846153,9.988461538461538,21.789615384615384,10.545,0.5384615384615384
Sutherland,moderate_rain+strong_wind+very_humid+overcast,105,5,952.9095238095238,849.4761904761905,16.090476190476192,3.805714285714286,21.745809523809523,16.42,0.6571428571428571
Strathfield,moderate_rain+strong_wind+very_humid+overcast,47,3,968.2765957446809,908.7234042553191,16.69787234042553,4.176595744680851,21.677659574468084,16.86,0.723404255319149
Mosman,moderate_rain+strong_wind+very_humid+overcast,81,2,1598.820987654321,1307.6049382716049,15.72098765432099,3.759259259259259,21.59469135802469,19.84,0.7037037037037037
Mosman,heavy_rain+overcast,3,2,2571.6666666666665,2198.6666666666665,22.833333333333332,7.599999999999999,21.576666666666668,8.51,0.3333333333333333
Mosman,light_rain+strong_wind+very_humid+overcast,215,2,1751.1093023255814,1533.1767441860466,17.03302325581395,0.9227906976744187,21.56962790697674,15.7,0.6325581395348837
Lane Cove,light_rain+strong_wind+very_humid,62,3,1362.266129032258,1323.4032258064517,17.56935483870968,0.7274193548387097,21.561935483870965,16.08,0.5967741935483871
Lane Cove,moderate_rain+very_humid,24,3,1586.5208333333333,1569.3333333333333,18.8625,3.904166666666667,21.534166666666664,10.0,0.5
Fairfield,no_rain+hot,872,3,1435.6456422018348,1268.5034403669724,31.824082568807338,0.0019495412844036698,21.53354357798165,10.64,0.5126146788990825
Willoughby,heavy_rain+very_humid+overcast,19,2,942.3684210526316,774.7368421052631,19.163157894736845,10.189473684210526,21.522631578947365,17.18,0.7368421052631579
Ku-Ring-Gai,no_rain+very_humid,17160,10,1319.9606643356644,1268.9840909090908,14.769644522144523,0.006958041958041958,21.49626923076923,11.01,0.5267482517482518
Strathfield,light_rain+very_humid+overcast,2390,3,1395.2554393305438,1383.0,17.975020920502093,0.7769037656903766,21.482979079497913,9.38,0.4765690376569038
Leichhardt,light_rain+strong_wind+very_humid+overcast,260,3,1577.6826923076924,1467.6346153846155,17.588461538461537,0.9038461538461539,21.480576923076924,13.125,0.5961538461538461
Hornsby,moderate_rain+very_humid+overcast,977,10,843.3838280450358,724.057318321392,17.50992835209826,3.6706243602865913,21.456100307062435,14.5,0.6305015353121801
Sutherland,moderate_rain+very_humid,31,4,967.5,999.258064516129,18.812903225806455,3.861290322580645,21.427741935483866,10.08,0.5161290322580645
Warringah,no_rain+hot+overcast,103,5,1793.490291262136,1594.7864077669904,31.681553398058252,0.010679611650485438,21.42621359223301,9.77,0.4854368932038835
Fairfield,light_rain+hot,12,3,1390.1666666666667,1517.0,33.574999999999996,0.39999999999999997,21.4225,7.4,0.3333333333333333
Hornsby,no_rain+very_humid+overcast,13147,10,601.8044801095307,575.120635886514,16.051768464288433,0.017372784665703203,21.4083517152202,10.7,0.5207271620902107
Holroyd,no_rain+extreme_heat+overcast,38,4,1476.3947368421052,1410.3157894736842,36.38421052631579,0.0,21.390526315789476,8.41,0.42105263157894735
Waverley,moderate_rain+very_humid+overcast,105,1,1407.104761904762,1407.2761904761905,18.784761904761904,3.780952380952381,21.37161904761905,18.77,0.5904761904761905
Lane Cove,no_rain+hot+overcast,82,3,1940.4939024390244,2209.829268292683,31.831707317073167,0.004878048780487805,21.36829268292683,8.28,0.43902439024390244
Penrith,moderate_rain+overcast,22,2,1242.2954545454545,1047.5454545454545,21.327272727272728,3.8818181818181823,21.295,9.33,0.5
Warringah,no_rain+hot,311,6,1687.8617363344051,1707.620578778135,31.814147909967847,0.000964630225080386,21.285016077170418,7.2,0.4212218649517685
Blacktown,moderate_rain+overcast,22,2,769.25,722.1363636363636,22.113636363636363,3.909090909090909,21.282272727272723,13.33,0.6363636363636364
Sydney,heavy_rain+strong_wind+very_humid,15,9,151.8,123.4,17.4,11.639999999999999,21.275333333333336,19.43,0.7333333333333333
Willoughby,no_rain+very_humid+overcast,1686,2,885.5130486358245,883.0272835112693,16.955990510083037,0.023072360616844607,21.223054567022537,9.434999999999999,0.4804270462633452
Warringah,moderate_rain+overcast,35,6,1820.4571428571428,1783.1142857142856,23.031428571428574,4.502857142857143,21.20228571428571,9.94,0.4857142857142857
Fairfield,no_rain+hot+overcast,255,3,1435.8058823529411,1401.9686274509804,31.71843137254902,0.006666666666666667,21.20062745098039,10.14,0.5215686274509804
Campbelltown,no_rain+very_humid,2921,1,567.2699418007531,505.74666210201985,12.986853817185894,0.004484765491270113,21.190499828825747,11.03,0.5330366312906539
Rockdale,no_rain+strong_wind+very_humid,41,4,758.9756097560976,699.4878048780488,20.912195121951218,0.021951219512195124,21.186829268292684,13.03,0.5853658536585366
Kogarah,light_rain+very_humid+overcast,1082,1,1767.1400184842882,1713.3179297597042,18.132994454713494,0.7675600739371534,21.14462107208873,10.04,0.5009242144177449
Ryde,light_rain+hot,13,4,1707.8461538461538,1670.8461538461538,31.46153846153846,0.47692307692307695,21.097692307692306,3.5,0.23076923076923078
Ryde,moderate_rain+very_humid,34,5,1395.5,1568.4117647058824,18.15294117647059,4.085294117647059,21.075,7.51,0.38235294117647056
Woollahra,no_rain+hot+overcast,42,1,4447.261904761905,4144.5,31.84047619047619,0.004761904761904762,20.984285714285715,12.315,0.6190476190476191
Fairfield,light_rain+very_humid,623,3,718.1797752808989,710.0272873194222,15.967736757624397,0.45987158908507225,20.934365971107546,11.29,0.5329052969502408
Fairfield,no_rain+overcast,8747,3,1164.5679089973705,1119.354635875157,19.444037955870584,0.010940894020807133,20.923212530010293,11.18,0.5335543614953698
Lane Cove,no_rain,19378,3,1417.8776705542368,1525.835896377335,17.63526163690783,0.005867478583961193,20.863596346372177,9.56,0.4875116111053772
Strathfield,light_rain+strong_wind+very_humid+overcast,105,3,1105.5142857142857,1118.942857142857,17.96095238095238,0.9847619047619048,20.86238095238095,12.84,0.6
Bankstown,light_rain+strong_wind+overcast,52,6,2497.1923076923076,2013.5576923076924,19.213461538461537,0.5019230769230769,20.830192307692307,8.219999999999999,0.4230769230769231
Lane Cove,no_rain+strong_wind,1393,3,1690.2519741564968,1876.35104091888,18.554773869346732,0.013280689160086146,20.820825556353192,9.16,0.47164393395549176
Strathfield,light_rain+very_humid,562,3,1094.9403914590748,1102.6743772241994,16.923131672597865,0.4183274021352313,20.815195729537365,9.725000000000001,0.4875444839857651
Fairfield,no_rain,24265,3,1127.2419740366784,1073.2299608489593,17.801261075623326,0.00402637543787348,20.691765505872652,10.92,0.5274263342262518
Fairfield,light_rain+overcast,1055,3,1339.0909952606635,1273.8957345971564,21.07725118483412,0.4919431279620853,20.688890995260664,10.1,0.5014218009478673
Parramatta,no_rain+extreme_heat+overcast,20,3,2910.775,2968.25,36.489999999999995,0.0,20.564,3.9850000000000003,0.25
Fairfield,no_rain+hot+strong_wind+overcast,12,3,1735.7083333333333,1286.8333333333333,33.8,0.025000000000000005,20.537499999999998,10.219999999999999,0.5
Canada Bay,heavy_rain+strong_wind+very_humid+overcast,2,1,584.0,466.5,18.75,8.350000000000001,20.52,20.52,1.0
Penrith,light_rain+very_humid,286,2,668.5804195804196,635.8951048951049,16.9513986013986,0.4748251748251749,20.5006993006993,8.95,0.48951048951048953
Holroyd,no_rain+hot+overcast,298,4,1502.7097315436242,1356.0771812080536,31.949664429530202,0.001342281879194631,20.494127516778523,8.23,0.4429530201342282
Ku-Ring-Gai,moderate_rain+overcast,36,6,3442.6944444444443,2816.8611111111113,22.816666666666666,3.536111111111111,20.387777777777778,11.17,0.5277777777777778
Sutherland,light_rain+very_humid,962,5,675.1969854469854,681.4002079002079,16.627962577962577,0.43908523908523905,20.328118503118503,10.485,0.5228690228690228
Warringah,no_rain+extreme_heat+strong_wind,20,4,1582.875,1745.05,36.32,0.0,20.319499999999998,6.84,0.4
Rockdale,no_rain+very_humid,6374,4,810.9413241292751,791.4907436460621,15.08589582679636,0.009727016002510198,20.290925635393787,14.04,0.6011923438970819
Woollahra,no_rain+extreme_heat+overcast,3,1,4360.333333333333,3445.6666666666665,35.93333333333334,0.03333333333333333,20.276666666666667,5.9,0.3333333333333333
Holroyd,moderate_rain+overcast,40,4,1559.2375,1364.95,23.215,3.37,20.248250000000002,6.154999999999999,0.35
Willoughby,heavy_rain+overcast,1,1,1818.0,1450.0,23.3,7.6,20.24,20.24,1.0
Lane Cove,no_rain+hot+very_humid,2,2,1719.0,1372.0,30.5,0.0,20.205,20.205,1.0
Warringah,light_rain+overcast,1123,10,1697.126892252894,1636.7186108637577,20.51380231522707,0.39207479964381126,20.1526803205699,8.87,0.46749777382012464
Fairfield,moderate_rain+overcast,42,3,1473.8214285714287,1345.857142857143,21.702380952380953,3.723809523809524,20.092857142857145,8.325,0.42857142857142855
Hornsby,no_rain+very_humid,24609,10,530.4378885773498,518.8005607704498,14.335145678410337,0.004823438579381527,20.08662359299443,9.95,0.4973383721402739
Fairfield,light_rain+very_humid+overcast,3307,3,938.2676141517992,931.9742969458724,16.94315089204717,0.7877230117931661,20.078633202298157,10.63,0.5152706380405201
Manly,light_rain+very_humid,229,1,616.9672489082969,605.528384279476,17.44279475982533,0.4724890829694323,20.06301310043668,14.14,0.6026200873362445
Ku-Ring-Gai,no_rain+hot,699,8,4014.10443490701,3652.771101573677,31.839198855507867,0.0011444921316165952,20.036509298998567,10.97,0.5107296137339056
Mosman,light_rain+very_humid,565,2,1488.8601769911504,1436.0690265486726,16.670619469026548,0.46230088495575217,20.02681415929203,12.15,0.5716814159292035
Ku-Ring-Gai,light_rain+very_humid,1227,9,1775.392013039935,1632.284433577832,16.4679706601467,0.4440912795436023,20.023398533007335,10.23,0.5061124694376528
Ku-Ring-Gai,no_rain+strong_wind+overcast,477,9,2723.4234800838576,2513.4528301886794,19.41383647798742,0.022222222222222227,20.016918238993714,8.9,0.469601677148847
Warringah,no_rain,28607,10,1341.6380780927745,1364.803894151781,17.650812738141013,0.0052994022442059635,20.013695948544065,8.77,0.4649910860978082
The Hills,moderate_rain+very_humid,27,3,1678.1296296296296,1455.7777777777778,18.2,4.314814814814815,19.94592592592593,13.45,0.5925925925925926
Burwood,heavy_rain+overcast,2,1,1304.75,1045.0,22.6,7.6,19.919999999999998,19.919999999999998,1.0
Parramatta,heavy_rain+strong_wind+very_humid+overcast,4,2,567.75,437.5,18.75,8.350000000000001,19.907500000000002,15.985,0.75
Mosman,no_rain+strong_wind+very_humid+overcast,73,2,1731.335616438356,1533.2328767123288,19.593150684931505,0.0410958904109589,19.880958904109587,10.82,0.5616438356164384
Parramatta,light_rain+hot,23,6,2185.717391304348,2134.304347826087,31.691304347826087,0.44782608695652176,19.86913043478261,5.56,0.2608695652173913
Leichhardt,light_rain+strong_wind+overcast,141,3,1716.7375886524824,1742.8794326241134,18.261702127659575,0.49148936170212765,19.838936170212765,11.08,0.5602836879432624
Hornsby,light_rain+very_humid+overcast,6688,10,810.6010017942584,733.9506578947369,17.201121411483253,0.7755532296650717,19.8122831937799,10.84,0.5272129186602871
Parramatta,light_rain+strong_wind,116,6,2318.310344827586,2327.439655172414,20.401724137931033,0.4793103448275862,19.78689655172414,5.515,0.31896551724137934
Fairfield,heavy_rain+overcast,8,3,1466.125,1521.75,24.4625,10.7875,19.7675,14.255,0.5
Campbelltown,light_rain+overcast,167,1,1476.1556886227545,1327.9161676646706,21.092814371257486,0.5461077844311377,19.744550898203595,8.42,0.4491017964071856
Manly,light_rain+strong_wind+very_humid,15,1,724.4333333333333,644.3333333333334,17.646666666666665,0.4266666666666667,19.732000000000003,22.85,0.7333333333333333
Holroyd,heavy_rain+very_humid,8,4,828.25,764.25,18.75,9.05,19.72,15.79,0.5
Hornsby,heavy_rain+strong_wind+very_humid+overcast,8,4,154.875,118.125,18.75,8.350000000000001,19.69,16.384999999999998,0.75
Penrith,no_rain+hot+overcast,129,2,1261.2984496124031,1075.5038759689924,31.55581395348837,0.0031007751937984496,19.672248062015505,9.35,0.4806201550387597
Strathfield,moderate_rain+very_humid+overcast,328,3,1641.8917682926829,1572.1036585365853,18.322256097560974,3.771036585365854,19.653567073170727,9.780000000000001,0.49390243902439024
Ku-Ring-Gai,light_rain+overcast,1359,10,3340.765268579838,2940.2781456953644,20.497350993377484,0.45916114790286977,19.64261221486387,9.15,0.47902869757174393
Kogarah,heavy_rain+strong_wind+very_humid+overcast,2,1,3246.25,2610.0,19.8,8.9,19.6,19.6,1.0
Lane Cove,light_rain+overcast,851,3,1610.4823736780259,1754.7602820211516,19.4786133960047,0.44794359576968273,19.574347826086953,8.54,0.4571092831962397
Sutherland,light_rain+strong_wind+overcast,140,5,1301.9928571428572,1180.6,18.552857142857142,0.4957142857142858,19.559500000000003,9.67,0.4857142857142857
Parramatta,light_rain+strong_wind+overcast,62,4,2285.282258064516,2282.4193548387098,18.030645161290323,0.5741935483870968,19.550806451612903,6.595000000000001,0.3709677419354839
Marrickville,no_rain+very_humid,2327,3,751.6177481736141,736.9144821658788,17.26523420713365,0.012677266867211,19.54563386334336,9.22,0.477009024495058
Blacktown,no_rain+hot+strong_wind,35,2,731.8,609.6285714285714,32.25142857142857,0.0,19.543714285714284,13.16,0.6857142857142857
Canada Bay,no_rain+hot+overcast,74,1,3102.425675675676,3072.3513513513512,32.024324324324326,0.0013513513513513514,19.521216216216217,4.095,0.25675675675675674
Marrickville,light_rain+very_humid,247,3,803.8724696356276,808.2145748987854,18.122267206477733,0.4574898785425101,19.484331983805667,8.77,0.47368421052631576
Campbelltown,no_rain+strong_wind+overcast,15,1,1369.6333333333334,1171.6,19.933333333333334,0.013333333333333334,19.476666666666667,8.72,0.4666666666666667
Lane Cove,no_rain+strong_wind+overcast,456,3,1477.843201754386,1569.7938596491229,19.014692982456143,0.019736842105263157,19.46451754385965,9.239999999999998,0.4605263157894737
Mosman,heavy_rain+strong_wind+very_humid+overcast,5,2,2136.6,1793.8,19.36,10.3,19.434,12.28,0.6
Holroyd,light_rain+strong_wind+overcast,89,4,1385.691011235955,1235.438202247191,18.56179775280899,0.6,19.414831460674158,8.33,0.3707865168539326
Mosman,moderate_rain+very_humid+overcast,299,2,1679.660535117057,1535.8929765886287,18.392642140468226,3.8006688963210706,19.414548494983276,10.31,0.5150501672240803
Bankstown,moderate_rain+hot+strong_wind,1,1,505.0,407.0,30.3,3.4,19.41,19.41,1.0
Leichhardt,heavy_rain+very_humid+overcast,43,3,1312.3372093023256,1209.2093023255813,20.411627906976744,9.848837209302326,19.40674418604651,12.45,0.5581395348837209
Fairfield,no_rain+strong_wind,671,3,1379.204172876304,1361.2220566318927,20.070342771982116,0.005514157973174367,19.402891207153502,10.78,0.5156482861400894
Rockdale,no_rain+strong_wind+very_humid+overcast,55,4,1257.9454545454546,1167.6181818181817,20.630909090909093,0.052727272727272734,19.384545454545457,14.3,0.5636363636363636
Mosman,light_rain+strong_wind+very_humid,36,2,1945.263888888889,1689.0555555555557,17.708333333333332,0.6472222222222223,19.381666666666668,10.945,0.5277777777777778
Campbelltown,no_rain+very_humid+overcast,1330,1,687.6281954887218,605.9398496240601,15.036766917293233,0.01398496240601504,19.341315789473686,10.155000000000001,0.5030075187969925
Manly,no_rain+strong_wind+very_humid+overcast,43,1,849.7906976744187,788.8604651162791,19.644186046511628,0.037209302325581395,19.31023255813954,8.82,0.3953488372093023
Holroyd,moderate_rain+very_humid,46,4,1408.6304347826087,1337.5217391304348,18.082608695652173,4.389130434782609,19.30413043478261,10.97,0.5434782608695652
Kogarah,light_rain+very_humid,249,1,1442.1967871485945,1439.5421686746988,16.69277108433735,0.4610441767068273,19.28385542168675,9.68,0.4899598393574297
Penrith,light_rain+very_humid+overcast,1942,2,746.8903192584964,691.7971163748713,17.471884654994852,0.7802780638516993,19.24930998970134,9.21,0.47167868177136973
Blacktown,moderate_rain,19,2,786.3947368421053,692.4736842105264,21.31578947368421,4.242105263157894,19.24473684210526,7.92,0.3684210526315789
Marrickville,light_rain,200,3,1188.7825,1233.12,20.621,0.389,19.14035,6.66,0.39
The Hills,no_rain+hot+strong_wind+overcast,8,2,2426.25,1987.875,33.2625,0.0,19.13625,12.27,0.625
Pittwater,no_rain+very_humid,60,2,340.25,290.73333333333335,21.06,0.006666666666666667,19.133833333333328,8.105,0.45
The Hills,heavy_rain+very_humid+overcast,22,3,1514.7954545454545,1271.409090909091,20.3,9.522727272727273,19.101363636363637,8.34,0.4090909090909091
Holroyd,no_rain+hot,1021,4,1554.6665034280118,1380.22624877571,31.859647404505388,0.0012732615083251714,19.094564152791385,7.96,0.42703232125367285
Canada Bay,moderate_rain,7,1,3178.6428571428573,3483.714285714286,20.042857142857144,4.514285714285714,19.09142857142857,4.91,0.2857142857142857
Fairfield,heavy_rain,3,3,1448.1666666666667,1152.6666666666667,20.6,7.7,19.083333333333332,23.55,0.6666666666666666
Campbelltown,light_rain+very_humid+overcast,627,1,1003.1315789473684,859.5837320574162,17.151834130781502,0.75311004784689,19.073157894736845,8.93,0.45933014354066987
Holroyd,moderate_rain,31,4,1548.3548387096773,1525.7096774193549,19.719354838709677,4.270967741935484,19.071935483870973,12.56,0.5161290322580645
Sydney,no_rain+very_humid,31513,14,648.2735220385238,655.6340875194364,15.091930314473393,0.009335829657601625,19.065443785104563,10.37,0.5117253197093263
Leichhardt,moderate_rain+strong_wind,2,2,1304.5,1010.5,13.2,2.7,19.060000000000002,19.060000000000002,0.5
Woollahra,no_rain+very_humid+overcast,2352,1,1893.4022108843537,1823.9349489795918,16.41313775510204,0.01628401360544218,19.02791666666667,10.93,0.532312925170068
Warringah,no_rain+overcast,8869,10,1414.0962904498815,1392.7154132371181,18.828458676288196,0.012594430037208254,18.955935280189426,8.64,0.46160784755891304
Fairfield,moderate_rain+very_humid+overcast,434,3,973.1612903225806,973.9976958525345,17.575345622119816,3.69815668202765,18.952327188940096,11.05,0.5253456221198156
Mosman,light_rain+very_humid+overcast,2308,2,1693.2660311958405,1595.845320623917,17.883015597920277,0.788474870017331,18.934549393414212,10.004999999999999,0.5
Parramatta,no_rain+hot+overcast,196,6,2534.589285714286,2446.418367346939,31.883673469387755,0.0010204081632653062,18.923724489795916,6.705,0.3622448979591837
Holroyd,no_rain+hot+strong_wind+overcast,19,4,1756.842105263158,1527.842105263158,33.33684210526316,0.0,18.899473684210523,10.18,0.5263157894736842
Fairfield,light_rain,983,3,1354.9226856561547,1328.531027466938,21.181892166836214,0.4421159715157681,18.864435401831127,9.54,0.4852492370295015
Manly,heavy_rain+very_humid+overcast,12,1,752.9583333333334,679.5833333333334,19.333333333333332,9.641666666666667,18.839166666666667,6.74,0.4166666666666667
Willoughby,light_rain+very_humid+overcast,1477,2,1208.222748815166,1167.9160460392688,18.350440081245768,0.7848341232227488,18.82945836154367,9.16,0.4766418415707515
Sydney,no_rain+strong_wind+very_humid+overcast,232,12,1088.0711206896551,1052.103448275862,20.4375,0.05172413793103448,18.80905172413793,12.24,0.5732758620689655
Fairfield,no_rain+hot+strong_wind,71,3,1450.3591549295775,1184.8169014084508,33.0225352112676,0.0,18.78014084507042,11.45,0.5492957746478874
Kogarah,light_rain+hot+overcast,1,1,2908.0,3453.0,30.6,0.3,18.74,18.74,1.0
Burwood,moderate_rain+strong_wind+very_humid+overcast,30,1,898.8,744.4,16.853333333333335,4.01,18.718666666666667,18.91,0.7666666666666667
Ku-Ring-Gai,no_rain+overcast,10243,10,2818.173777213707,2580.9079371277944,19.20308503368154,0.01251586449282437,18.647548569754953,8.67,0.4633408181196915
Fairfield,no_rain+strong_wind+very_humid+overcast,3,3,638.3333333333334,769.0,22.3,0.0,18.626666666666665,18.56,1.0
Auburn,no_rain+extreme_heat+strong_wind+overcast,5,3,1783.5,1634.2,36.56,0.0,18.626,5.83,0.2
Ku-Ring-Gai,light_rain+strong_wind+overcast,160,7,3000.790625,2604.15625,18.518125,0.5037499999999999,18.603375000000003,10.555,0.51875
Fairfield,moderate_rain+very_humid,27,3,1185.2407407407406,1159.7407407407406,18.377777777777776,3.5555555555555554,18.556296296296296,9.21,0.4444444444444444
Woollahra,no_rain+very_humid,5045,1,1665.6704658077304,1631.1934588701686,15.118790882061447,0.008206144697720517,18.51654905847374,10.92,0.5280475718533201
Hornsby,light_rain+very_humid,1370,10,699.3459854014599,644.848905109489,15.677737226277372,0.4268613138686131,18.46987591240876,9.79,0.4948905109489051
Holroyd,no_rain+very_humid,20208,4,685.4817399049881,649.4969319081551,14.155829374505146,0.00446852731591449,18.453780186064925,9.09,0.47100158353127475
Sydney,no_rain+very_humid+overcast,15788,14,710.5328413985305,715.1988218900431,16.515790473777553,0.017589308335444642,18.420051304788444,9.83,0.4936027362553838
Auburn,moderate_rain+very_humid,22,3,1162.1136363636363,1063.4545454545455,17.78181818181818,4.386363636363637,18.415909090909096,6.39,0.36363636363636365
Marrickville,no_rain+strong_wind+very_humid+overcast,32,3,1048.984375,883.5,21.425,0.0625,18.346562499999997,11.02,0.5625
Manly,light_rain+strong_wind+very_humid+overcast,129,1,866.1937984496124,793.4186046511628,17.496124031007753,0.8713178294573644,18.3062015503876,11.47,0.5503875968992248
Penrith,no_rain+hot,515,2,1216.719417475728,1038.7126213592232,31.82155339805825,0.0007766990291262136,18.29782524271845,8.48,0.44271844660194176
Rockdale,heavy_rain+strong_wind+very_humid+overcast,2,1,1620.0,1323.0,19.8,8.9,18.28,18.28,1.0
Holroyd,no_rain+strong_wind,1054,4,1517.1489563567363,1453.819734345351,20.017457305502848,0.008064516129032258,18.271897533206833,8.45,0.444022770398482
Blacktown,no_rain+hot,576,2,785.4965277777778,698.6024305555555,31.86736111111111,0.0012152777777777778,18.267343749999995,8.84,0.4496527777777778
Woollahra,moderate_rain+strong_wind+very_humid+overcast,41,1,2504.3536585365855,2161.268292682927,15.839024390243901,3.934146341463415,18.249756097560976,10.1,0.5121951219512195
Sydney,light_rain+very_humid,2678,13,797.4533233756534,790.1938013442867,17.03991784914115,0.437378640776699,18.240380881254666,9.975000000000001,0.4988797610156833
Marrickville,moderate_rain+strong_wind+very_humid+overcast,39,3,1003.6794871794872,953.8461538461538,17.47179487179487,3.8923076923076927,18.181282051282054,12.96,0.5128205128205128
Sutherland,no_rain+strong_wind,1285,5,1247.4739299610894,1227.4241245136186,18.71727626459144,0.012140077821011674,18.145097276264593,8.48,0.43891050583657587
Ku-Ring-Gai,moderate_rain,22,5,4216.295454545455,3638.0,19.2,4.009090909090909,18.081363636363633,8.745000000000001,0.4090909090909091
Burwood,no_rain+strong_wind+very_humid,31,1,943.5806451612904,859.7096774193549,20.919354838709676,0.025806451612903226,18.069354838709682,9.23,0.41935483870967744
Auburn,no_rain+extreme_heat+overcast,16,3,1342.8125,1274.25,36.4375,0.0,18.046875,3.84,0.25
Bankstown,no_rain+very_humid,12136,7,956.1784772577455,945.7690342781806,13.85262030323006,0.005397165458141068,18.023412986156888,8.44,0.4442155570204351
Ku-Ring-Gai,no_rain,29272,10,2689.798903388904,2560.9840803498223,17.783824132276578,0.005138015851325499,17.982801311833832,8.11,0.4476291336430719
Sutherland,no_rain+strong_wind+overcast,417,5,1174.292565947242,1067.4868105515588,19.402158273381296,0.021103117505995205,17.977338129496403,9.07,0.4676258992805755
The Hills,moderate_rain+strong_wind+very_humid+overcast,27,3,925.6666666666666,753.8518518518518,16.037037037037038,4.670370370370371,17.970370370370368,14.38,0.8148148148148148
Willoughby,moderate_rain+very_humid+overcast,195,2,1266.7,1164.1128205128205,18.57128205128205,3.668205128205128,17.9534358974359,10.12,0.5076923076923077
Holroyd,no_rain,31790,4,1229.4349009122366,1164.607077697389,17.507263290342877,0.00411764705882353,17.930010695187168,7.99,0.4307014784523435
Holroyd,no_rain+strong_wind+very_humid+overcast,12,4,1245.7916666666667,1310.1666666666667,21.53333333333333,0.03333333333333333,17.925,13.579999999999998,0.5833333333333334
Marrickville,no_rain+very_humid+overcast,1455,3,796.8487972508591,760.7601374570447,18.556701030927837,0.022061855670103093,17.88433676975945,8.96,0.465979381443299
Lane Cove,light_rain+strong_wind+overcast,144,3,1540.2465277777778,1612.201388888889,18.244444444444444,0.4972222222222222,17.873055555555556,11.475000000000001,0.5277777777777778
Kogarah,light_rain+strong_wind+overcast,47,1,2310.7872340425533,2220.340425531915,17.97021276595745,0.5191489361702127,17.837021276595745,7.35,0.3829787234042553
Manly,light_rain+very_humid+overcast,1002,1,760.2844311377246,731.7864271457086,18.404191616766468,0.7825349301397205,17.82239520958084,10.875,0.5299401197604791
Hornsby,no_rain+hot+strong_wind+overcast,31,8,1048.6612903225807,871.1935483870968,33.36129032258064,0.0,17.792258064516126,8.71,0.45161290322580644
Rockdale,no_rain+very_humid+overcast,3310,4,918.9743202416919,896.5740181268882,16.452416918429,0.017099697885196375,17.760060422960727,10.92,0.5317220543806647
Ku-Ring-Gai,moderate_rain+very_humid,39,6,3122.7948717948716,2618.5641025641025,18.3025641025641,4.21025641025641,17.7525641025641,12.73,0.5384615384615384
Warringah,no_rain+strong_wind+overcast,959,10,1565.169968717414,1493.118873826903,19.06934306569343,0.023044838373305527,17.746131386861315,8.74,0.4681960375391032
Burwood,no_rain+strong_wind+very_humid+overcast,37,1,1062.527027027027,953.6216216216217,20.65945945945946,0.04594594594594595,17.710540540540542,7.24,0.40540540540540543
Ku-Ring-Gai,no_rain+strong_wind,1706,9,3061.4985345838218,2787.217467760844,18.731946072684643,0.012368112543962487,17.62293083235639,7.785,0.43669402110199296
Penrith,no_rain,12179,2,931.6475080055834,882.0508251909024,17.82368010509894,0.0038755234419903116,17.61131866327285,7.75,0.40799737252648
Warringah,light_rain+strong_wind+overcast,195,6,1585.448717948718,1538.0974358974358,18.293846153846154,0.41025641025641024,17.552358974358974,8.84,0.4717948717948718
Ku-Ring-Gai,no_rain+hot+strong_wind+overcast,10,2,4809.5,4264.6,33.38,0.0,17.552,17.71,0.6
Willoughby,no_rain+strong_wind+overcast,207,2,1466.6014492753623,1377.695652173913,18.792270531400966,0.02560386473429952,17.551642512077294,9.11,0.463768115942029
Holroyd,light_rain,1144,4,1515.361451048951,1402.8304195804196,21.062062937062937,0.4138986013986014,17.501625874125875,7.609999999999999,0.43356643356643354
Holroyd,no_rain+very_humid+overcast,10010,4,743.3318681318681,708.0506493506493,15.916093906093908,0.016313686313686314,17.489276723276724,8.614999999999998,0.4541458541458541
Holroyd,no_rain+overcast,11455,4,1263.6556962025315,1185.6873854212135,19.268677433435183,0.012457442164993454,17.48240506329114,8.03,0.4241815800960279
Holroyd,light_rain+overcast,1392,4,1463.7022270114942,1367.3469827586207,20.672629310344828,0.478735632183908,17.47162356321839,7.915,0.41954022988505746
Fairfield,no_rain+strong_wind+overcast,85,3,1308.2235294117647,1239.4117647058824,19.90823529411765,0.02235294117647059,17.400470588235294,7.63,0.4117647058823529
Burwood,heavy_rain+strong_wind+very_humid,2,1,192.5,158.5,17.4,11.05,17.375,17.375,1.0
Holroyd,moderate_rain+very_humid+overcast,669,4,1098.2369207772795,987.1001494768311,17.14170403587444,3.6914798206278023,17.35853512705531,10.4,0.5171898355754858
Rockdale,light_rain+strong_wind+very_humid+overcast,181,4,1182.988950276243,1104.243093922652,17.561325966850827,0.8701657458563536,17.352651933701658,11.2,0.5524861878453039
Sydney,light_rain+very_humid+overcast,10242,13,931.1472368677993,925.9614333138059,18.081448935754736,0.7724467877367701,17.320891427455575,9.39,0.47598125366139427
Marrickville,light_rain+very_humid+overcast,1280,3,918.26640625,882.58046875,19.532734375,0.775625,17.313750000000002,8.33,0.440625
Bankstown,no_rain+very_humid+overcast,6266,7,1126.2918927545484,1083.1485796361314,15.874545164379189,0.015879348866900733,17.309875518672197,8.15,0.4310564953718481
Lane Cove,no_rain+extreme_heat,26,2,2014.9615384615386,1811.6923076923076,36.52307692307692,0.0,17.288076923076922,11.785,0.5384615384615384
Holroyd,no_rain+hot+strong_wind,101,4,1545.529702970297,1379.2178217821781,32.21980198019802,0.0,17.267227722772276,8.25,0.44554455445544555
Campbelltown,no_rain+hot,109,1,1595.6605504587155,1500.926605504587,31.677981651376147,0.001834862385321101,17.245229357798166,4.44,0.3394495412844037
Penrith,no_rain+strong_wind+overcast,39,2,1045.5128205128206,927.3846153846154,17.487179487179485,0.01282051282051282,17.205384615384617,7.14,0.41025641025641024
Warringah,no_rain+strong_wind,2869,10,1631.733879400488,1617.5876612059951,18.090658766120598,0.012931334959916347,17.201146741024747,7.9,0.43290345067967934
Fairfield,light_rain+strong_wind+overcast,40,3,1449.45,1417.825,18.1575,0.6100000000000001,17.199999999999996,8.28,0.375
Hunters Hill,moderate_rain+very_humid+overcast,153,1,762.0326797385621,639.7843137254902,18.70392156862745,3.72156862745098,17.17326797385621,12.02,0.5620915032679739
Blacktown,no_rain+hot+overcast,140,2,774.2035714285714,697.1071428571429,31.84642857142857,0.002142857142857143,17.107785714285715,8.75,0.4642857142857143
Penrith,no_rain+overcast,4331,2,956.8867467097668,883.738166705149,19.43301777880397,0.009397367813438006,17.03737935811591,7.75,0.41445393673516506
Ku-Ring-Gai,light_rain+strong_wind,240,7,3398.1875,2976.8333333333335,19.42375,0.4320833333333333,16.997458333333334,8.35,0.4375
Rockdale,moderate_rain+overcast,9,3,1167.7222222222222,1073.888888888889,21.855555555555554,3.522222222222222,16.96777777777778,9.53,0.4444444444444444
Rockdale,light_rain+strong_wind+very_humid,23,3,1163.6521739130435,1122.7826086956522,16.73913043478261,0.7434782608695653,16.95304347826087,8.19,0.4782608695652174
Parramatta,moderate_rain+overcast,31,6,2269.3064516129034,2283.2903225806454,23.764516129032256,3.5870967741935487,16.94322580645161,5.63,0.3870967741935484
Bankstown,no_rain+hot,461,7,1372.6561822125814,1234.4989154013015,31.686334056399133,0.002603036876355749,16.919088937093278,7.2,0.3796095444685466
Waverley,no_rain+strong_wind+very_humid,8,1,1235.75,1209.25,21.0,0.037500000000000006,16.9075,14.605,0.75
Penrith,light_rain+strong_wind,13,2,1058.0384615384614,859.5384615384615,20.83076923076923,0.47692307692307695,16.878461538461544,5.7,0.3076923076923077
Rockdale,no_rain,10886,4,1163.6568069079551,1132.8248208708433,17.872404923755283,0.00585155245269153,16.87692449017086,9.98,0.4992651111519383
Holroyd,light_rain+very_humid+overcast,4541,4,1016.5810394186302,944.3878000440432,17.0860383175512,0.7628275710195992,16.873884606914775,8.59,0.44131248623651176
Holroyd,no_rain+strong_wind+overcast,234,4,1493.8632478632478,1406.5299145299145,20.20299145299145,0.017094017094017096,16.86760683760684,8.425,0.47863247863247865
Blacktown,no_rain+overcast,5087,2,622.4676626695498,577.9443679968547,19.44232356988402,0.011283664242185965,16.813558089247103,9.59,0.4841753489286416
Woollahra,no_rain+overcast,2649,1,3335.8661759154397,3099.3661759154397,19.35175537938845,0.011966779916949794,16.796708191770477,8.16,0.4277085692714232
Ryde,no_rain+extreme_heat+overcast,18,3,1666.5555555555557,1470.7777777777778,36.3,0.005555555555555556,16.773333333333333,10.76,0.5
Kogarah,no_rain+strong_wind+very_humid+overcast,28,1,2046.2142857142858,1822.0,20.50357142857143,0.05357142857142857,16.7225,11.915,0.6071428571428571
Ryde,no_rain+hot+overcast,161,6,1636.9906832298136,1602.0683229813665,31.812422360248448,0.002484472049689441,16.714906832298137,6.34,0.32919254658385094
Marrickville,light_rain+strong_wind+very_humid,14,3,1138.5714285714287,1224.857142857143,17.064285714285713,0.7428571428571429,16.703571428571426,6.375,0.42857142857142855
Woollahra,moderate_rain+overcast,7,1,3996.0,3461.714285714286,22.342857142857145,3.8428571428571425,16.7,7.91,0.2857142857142857
Parramatta,no_rain+extreme_heat,110,4,2717.5409090909093,2561.990909090909,37.092727272727274,0.0,16.683181818181822,8.685,0.45454545454545453
Leichhardt,moderate_rain+overcast,19,3,1590.7894736842106,1565.2631578947369,21.66315789473684,3.4157894736842107,16.65789473684211,11.77,0.5789473684210527
Woollahra,no_rain+hot+strong_wind,14,1,4415.821428571428,3759.0,33.22857142857143,0.0,16.656428571428574,9.92,0.5
Marrickville,light_rain+overcast,231,3,1201.917748917749,1181.2251082251082,20.6008658008658,0.44632034632034634,16.65385281385281,6.54,0.3463203463203463
Blacktown,no_rain+extreme_heat,86,2,771.8081395348837,681.6395348837209,36.96395348837209,0.0011627906976744186,16.623953488372095,10.585,0.5116279069767442
Blacktown,no_rain+strong_wind+very_humid,2,1,311.75,321.5,20.45,0.05,16.615000000000002,16.615000000000002,0.5
Kogarah,no_rain+hot+overcast,16,1,2868.46875,2699.0625,31.35625,0.0,16.614374999999995,10.02,0.5
Warringah,light_rain+strong_wind,308,6,1793.6948051948052,1788.1948051948052,18.42564935064935,0.337012987012987,16.588474025974026,7.445,0.37987012987012986
Burwood,no_rain+extreme_heat+strong_wind,5,1,1427.7,1272.6,36.6,0.0,16.576,12.25,1.0
Blacktown,no_rain+very_humid,8404,2,337.69574012375057,319.24036173250835,13.795811518324607,0.0041646834840552115,16.575618752974773,9.43,0.4782246549262256
Blacktown,no_rain,14121,2,607.3144253239856,572.9990085687982,17.774463564903336,0.003965724807024998,16.52729056015863,8.93,0.4589618298987324
Rockdale,light_rain+very_humid,526,4,906.2471482889733,872.4372623574144,17.004752851711025,0.4326996197718631,16.511768060836502,11.89,0.5608365019011406
Waverley,no_rain+strong_wind+very_humid+overcast,21,1,1694.2857142857142,1546.095238095238,20.061904761904763,0.05238095238095238,16.494285714285713,9.43,0.42857142857142855
Burwood,light_rain+strong_wind+very_humid+overcast,84,1,1075.3095238095239,960.0952380952381,17.82857142857143,0.9178571428571428,16.48404761904762,7.835,0.4166666666666667
Lane Cove,light_rain,763,3,1662.0871559633028,1786.6723460026212,19.707208387942334,0.3777195281782438,16.446644823066844,7.8,0.41022280471821754
Warringah,light_rain,1126,10,1768.503996447602,1811.113676731794,20.143428063943162,0.3691829484902309,16.4144404973357,6.81,0.4005328596802842
Sydney,moderate_rain+very_humid,64,10,1141.3515625,1189.03125,18.21875,3.821875,16.41421875,10.04,0.5
Sydney,heavy_rain+very_humid+overcast,129,12,821.4767441860465,758.3178294573644,20.086821705426356,9.86124031007752,16.40418604651163,10.73,0.5193798449612403
Blacktown,no_rain+strong_wind,328,2,700.9862804878048,657.9024390243902,19.538414634146342,0.006097560975609756,16.342103658536587,9.95,0.49085365853658536
Woollahra,no_rain+strong_wind,535,1,3931.147663551402,3587.5196261682245,19.266915887850466,0.013457943925233645,16.336336448598132,6.63,0.3775700934579439
Ku-Ring-Gai,light_rain,1142,9,3427.789404553415,3082.3546409807354,20.428371278458844,0.390630472854641,16.29268826619965,7.95,0.43345008756567427
Marrickville,no_rain+overcast,1212,3,1175.3824257425742,1168.3250825082507,21.033168316831684,0.015594059405940596,16.290066006600657,6.35,0.35066006600660066
Blacktown,moderate_rain+strong_wind+very_humid+overcast,13,2,368.61538461538464,303.53846153846155,16.807692307692307,4.1692307692307695,16.275384615384613,8.92,0.46153846153846156
Sutherland,no_rain+strong_wind+very_humid+overcast,76,5,1202.0131578947369,1067.7105263157894,20.443421052631578,0.05131578947368422,16.254868421052635,10.114999999999998,0.5131578947368421
Bankstown,moderate_rain+very_humid+overcast,477,7,1661.4046121593292,1474.3605870020965,18.046540880503144,3.8073375262054507,16.214905660377358,9.71,0.4863731656184486
Auburn,light_rain+strong_wind+very_humid+overcast,17,2,841.5,757.0,17.311764705882354,1.2941176470588236,16.199999999999996,9.87,0.47058823529411764
Hornsby,moderate_rain+overcast,76,9,988.1842105263158,863.078947368421,23.396052631578947,3.7421052631578946,16.149736842105266,5.68,0.35526315789473684
Blacktown,no_rain+very_humid+overcast,4177,2,379.8585108929854,359.3253531242519,15.952358151783576,0.0169260234618147,16.065420158008138,9.68,0.4852765142446732
Blacktown,no_rain+strong_wind+overcast,72,2,656.5,582.0972222222222,19.294444444444444,0.01666666666666667,16.044583333333335,7.9399999999999995,0.4027777777777778
Hornsby,moderate_rain+very_humid,78,9,861.775641025641,803.9102564102565,18.294871794871796,4.317948717948718,15.992692307692305,8.504999999999999,0.3974358974358974
Canterbury,moderate_rain+strong_wind+very_humid+overcast,40,2,1632.475,1356.25,15.252500000000001,3.5725000000000002,15.982249999999999,17.560000000000002,0.7
Ryde,no_rain+hot,581,6,1649.2857142857142,1675.4905335628227,31.82788296041308,0.001376936316695353,15.894268502581754,5.33,0.31153184165232356
Manly,no_rain,3441,1,867.2399011915142,847.6817785527463,18.511653589072942,0.007526881720430108,15.852676547515257,8.61,0.4527753560011625
Sydney,light_rain+strong_wind+very_humid+overcast,795,13,1081.7955974842766,1029.2704402515724,17.516352201257863,0.911194968553459,15.846880503144655,9.79,0.49433962264150944
Ku-Ring-Gai,heavy_rain+strong_wind+very_humid,2,1,194.25,156.5,17.4,11.05,15.795,15.795,0.5
Ku-Ring-Gai,no_rain+hot+strong_wind,68,4,4076.6838235294117,3683.6029411764707,32.4264705882353,0.0,15.728235294117647,6.76,0.45588235294117646
Marrickville,no_rain+hot+strong_wind,5,1,1706.4,1439.0,33.239999999999995,0.0,15.693999999999999,15.89,1.0
Penrith,moderate_rain,20,2,1159.55,1030.65,22.1,4.029999999999999,15.681999999999999,7.265,0.45
Auburn,heavy_rain+very_humid+overcast,14,3,1129.8214285714287,934.0,20.185714285714287,9.321428571428571,15.671428571428573,4.845000000000001,0.35714285714285715
Bankstown,light_rain+very_humid,580,7,1174.353448275862,1131.6844827586208,17.02465517241379,0.41500000000000004,15.669948275862069,8.945,0.45517241379310347
Sydney,no_rain+extreme_heat+overcast,10,5,1170.1,954.3,35.96,0.030000000000000006,15.666999999999998,7.039999999999999,0.4
Hunters Hill,no_rain+strong_wind+very_humid,30,1,707.1333333333333,692.2666666666667,20.883333333333333,0.02666666666666667,15.640999999999998,12.175,0.5333333333333333
Sydney,moderate_rain+strong_wind+very_humid+overcast,293,12,966.0085324232082,887.8225255972696,15.848464163822527,3.77679180887372,15.619965870307166,10.59,0.5221843003412969
Rockdale,heavy_rain+very_humid+overcast,26,4,772.9423076923077,738.0769230769231,20.72307692307692,9.876923076923077,15.60576923076923,12.015,0.5384615384615384
Willoughby,light_rain+hot+overcast,2,2,1798.0,2103.5,30.3,0.4,15.58,15.58,0.5
Sutherland,light_rain+strong_wind+very_humid+overcast,228,5,1299.2434210526317,1200.951754385965,17.553070175438595,0.9201754385964913,15.559473684210523,10.184999999999999,0.5131578947368421
Rockdale,no_rain+strong_wind+overcast,235,4,1167.0659574468084,1144.3702127659574,19.74085106382979,0.022127659574468085,15.549276595744681,8.26,0.44680851063829785
Bankstown,heavy_rain+overcast,6,5,2435.8333333333335,2188.6666666666665,23.266666666666666,8.783333333333333,15.543333333333331,15.165,0.6666666666666666
Penrith,very_heavy_rain+very_humid+overcast,2,2,1321.75,1081.0,23.4,16.8,15.540000000000001,15.540000000000001,0.5
Sydney,no_rain+hot+very_humid,3,3,1149.0,1406.3333333333333,30.5,0.0,15.443333333333333,9.66,0.3333333333333333
Sydney,moderate_rain+very_humid+overcast,1213,13,967.5399835119538,954.366034624897,18.463643858202804,3.747403132728772,15.42941467436109,8.87,0.43693322341302554
Rockdale,moderate_rain+strong_wind+very_humid+overcast,59,3,1210.3813559322034,1097.6610169491526,15.652542372881356,3.7779661016949153,15.426949152542374,12.12,0.5932203389830508
Hornsby,no_rain+strong_wind+overcast,431,10,1089.830626450116,1002.1160092807424,20.24988399071926,0.01763341067285383,15.387865429234338,7.02,0.39443155452436196
The Hills,no_rain+extreme_heat+overcast,17,2,1906.5588235294117,1717.3529411764705,36.38823529411765,0.0,15.35764705882353,7.69,0.29411764705882354
Woollahra,light_rain+strong_wind+very_humid+overcast,92,1,3165.4239130434785,2907.6847826086955,17.317391304347826,0.9195652173913043,15.300760869565218,9.375,0.44565217391304346
Rockdale,light_rain+very_humid+overcast,2111,4,1054.3844149692088,1008.9171009000473,18.228469919469447,0.7638559924206537,15.2913737565135,10.03,0.502131691141639
Holroyd,light_rain+very_humid,1000,4,896.738,860.916,15.6388,0.4148,15.23291,7.925,0.407
Bankstown,light_rain+very_humid+overcast,3540,7,1557.894350282486,1431.0488700564972,17.705734463276837,0.7773446327683616,15.2290593220339,8.035,0.41694915254237286
Penrith,light_rain+overcast,488,2,1138.1444672131147,1025.3237704918033,21.505532786885247,0.5038934426229509,15.212479508196722,7.640000000000001,0.4036885245901639
Penrith,light_rain,414,2,1169.9202898550725,1056.2898550724638,21.520289855072463,0.48743961352657006,15.188961352657003,8.06,0.4323671497584541
Kogarah,moderate_rain+strong_wind+very_humid+overcast,37,1,1814.5,1572.3243243243244,15.55135135135135,3.5891891891891894,15.187837837837836,12.8,0.6486486486486487
Penrith,no_rain+hot+strong_wind,12,2,1090.7916666666667,966.3333333333334,32.858333333333334,0.0,15.184999999999997,16.33,0.75
Marrickville,no_rain,3372,3,1157.8102016607354,1160.738434163701,19.750682087781733,0.009252669039145909,15.142434756820878,6.73,0.36743772241992884
Woollahra,no_rain,8196,1,3334.311371400683,3167.9192288921427,18.10431918008785,0.005563689604685213,15.128967789165445,7.74,0.4081259150805271
Parramatta,no_rain+hot,705,6,2589.0709219858154,2464.794326241135,31.85418439716312,0.0017021276595744683,15.110950354609928,5.7,0.34893617021276596
Blacktown,light_rain+strong_wind+overcast,26,2,709.75,619.6923076923077,18.584615384615383,0.5961538461538461,15.088076923076922,8.98,0.5
Rockdale,moderate_rain+very_humid,12,3,1080.1666666666667,1017.3333333333334,19.175,3.875,15.082500000000001,6.585,0.4166666666666667
Sydney,light_rain+strong_wind+overcast,424,12,1220.436320754717,1224.7924528301887,18.66320754716981,0.5030660377358491,15.077995283018867,7.74,0.4268867924528302
Parramatta,no_rain+hot+strong_wind,54,3,3367.5925925925926,2864.296296296296,32.227777777777774,0.0,15.075,11.149999999999999,0.5185185185185185
Mosman,heavy_rain+very_humid+overcast,26,2,1678.5576923076924,1482.1153846153845,19.907692307692308,9.773076923076923,15.01769230769231,10.16,0.5
Waverley,moderate_rain+very_humid,3,1,2277.3333333333335,1908.6666666666667,17.900000000000002,3.4333333333333336,14.946666666666667,7.76,0.3333333333333333
Blacktown,light_rain+overcast,615,2,704.0967479674797,660.1609756097561,21.02520325203252,0.4770731707317073,14.856829268292683,7.79,0.40487804878048783
Ryde,no_rain+hot+strong_wind+overcast,10,2,1723.55,1550.7,33.38,0.0,14.841,9.594999999999999,0.4
Willoughby,no_rain+strong_wind,507,2,1590.6449704142012,1588.731755424063,18.264694280078896,0.015187376725838265,14.812169625246549,6.97,0.39250493096646943
Sydney,no_rain,53859,14,1117.5987857182643,1118.4124101821424,18.093146920663216,0.006160530273491896,14.764719916819844,7.69,0.4068586494364916
Lane Cove,moderate_rain+overcast,17,3,1646.5588235294117,1802.1176470588234,21.870588235294118,3.6470588235294117,14.722941176470588,5.68,0.29411764705882354
Campbelltown,moderate_rain+very_humid+overcast,78,1,1034.0897435897436,885.8717948717949,17.723076923076924,3.657692307692308,14.704743589743588,10.864999999999998,0.5512820512820513
Bankstown,no_rain+hot+strong_wind,25,2,992.62,624.24,32.948,0.0,14.683200000000001,5.45,0.28
Waverley,no_rain+hot+overcast,4,1,2173.75,2504.5,30.5,0.0,14.6775,16.075,0.75
Woollahra,no_rain+strong_wind+overcast,183,1,3540.590163934426,3316.9836065573772,19.40327868852459,0.020218579234972677,14.670819672131149,7.79,0.4207650273224044
Sydney,no_rain+overcast,17290,14,1094.168016194332,1097.7436668594564,19.127755928282244,0.012330827067669173,14.632664545980337,7.54,0.39300173510699826
Sydney,no_rain+strong_wind+overcast,1255,12,1176.2262948207172,1182.0884462151394,19.12796812749004,0.021195219123505978,14.622589641434262,7.52,0.40796812749003986
Canada Bay,no_rain+extreme_heat+strong_wind+overcast,3,1,3222.3333333333335,2810.3333333333335,36.333333333333336,0.0,14.553333333333335,1.7,0.3333333333333333
Warringah,moderate_rain,15,6,2287.233333333333,2294.2,19.253333333333334,4.180000000000001,14.543333333333333,8.73,0.3333333333333333
Woollahra,light_rain+overcast,361,1,3825.0027700831024,3503.4072022160667,19.962603878116344,0.45761772853185595,14.524072022160667,7.58,0.4155124653739612
Woollahra,light_rain+very_humid+overcast,1331,1,2578.488354620586,2457.900826446281,17.43711495116454,0.76664162283997,14.504290007513147,8.74,0.45154019534184825
Marrickville,no_rain+extreme_heat,12,2,1537.0416666666667,1647.1666666666667,36.675000000000004,0.0,14.4775,8.06,0.3333333333333333
Ryde,no_rain+extreme_heat+strong_wind,13,3,1528.423076923077,1582.6923076923076,36.06153846153846,0.0,14.474615384615387,4.8,0.38461538461538464
Lane Cove,no_rain+hot,205,3,1876.7,1897.9268292682927,31.735609756097563,0.0,14.459463414634145,6.85,0.32682926829268294
Woollahra,no_rain+extreme_heat,17,1,4467.529411764706,4494.764705882353,36.27058823529412,0.0,14.408823529411764,8.32,0.47058823529411764
Rockdale,no_rain+strong_wind,793,4,1380.5680958385876,1349.7591424968475,18.740857503152586,0.013619167717528375,14.408738965952082,8.67,0.45901639344262296
Rockdale,no_rain+overcast,3717,4,1217.999596448749,1220.3284907183213,18.880629539951574,0.01224105461393597,14.389179445789615,8.43,0.4417541027710519
Manly,no_rain+strong_wind+overcast,167,1,993.6347305389221,935.8502994011976,19.463473053892216,0.02634730538922156,14.370958083832335,8.32,0.437125748502994
Bankstown,heavy_rain+strong_wind+very_humid+overcast,2,1,196.5,223.5,18.95,9.5,14.364999999999998,14.364999999999998,1.0
Rockdale,light_rain+strong_wind+overcast,80,4,1127.3875,1089.3125,19.28375,0.49375,14.349125,5.625,0.3375
Campbelltown,light_rain+very_humid,113,1,677.0088495575221,619.5840707964602,16.598230088495573,0.44601769911504424,14.301415929203538,6.77,0.39823008849557523
Canterbury,no_rain+strong_wind+very_humid+overcast,22,2,2012.6363636363637,1828.8181818181818,19.895454545454545,0.05,14.289090909090907,12.53,0.5454545454545454
Lane Cove,moderate_rain+strong_wind+very_humid,3,3,1441.0,1440.6666666666667,15.9,3.4,14.246666666666668,15.0,0.6666666666666666
Willoughby,no_rain,5134,2,1337.5329178028828,1338.3317101675107,17.484553954031945,0.007537982080249319,14.240083755356446,7.54,0.3961823139851967
Hornsby,no_rain+overcast,18394,10,907.0262313797978,867.1410786125911,19.6300750244645,0.013102098510383822,14.237405675763837,7.08,0.38621289550940524
The Hills,no_rain+very_humid+overcast,5183,3,817.3626278217249,770.7395330889447,15.834902566081421,0.017267991510708083,14.22669303492186,7.57,0.40015435076210687
Campbelltown,light_rain,182,1,1507.228021978022,1429.7307692307693,21.046703296703296,0.4379120879120879,14.219615384615384,7.154999999999999,0.35714285714285715
Blacktown,heavy_rain+very_humid+overcast,22,2,674.9545454545455,637.0909090909091,19.5,9.259090909090908,14.191818181818183,7.619999999999999,0.45454545454545453
Blacktown,light_rain,483,2,720.2194616977225,691.9068322981367,21.33250517598344,0.4306418219461698,14.17047619047619,8.24,0.42650103519668736
Warringah,no_rain+extreme_heat+overcast,11,4,1679.590909090909,1494.2727272727273,35.5,0.0,14.153636363636364,9.32,0.45454545454545453
Parramatta,no_rain+strong_wind+overcast,159,4,2437.2264150943397,2372.0188679245284,19.933962264150942,0.018238993710691827,14.153522012578616,6.56,0.3333333333333333
Sydney,light_rain+strong_wind+very_humid,119,11,1081.9327731092437,1013.09243697479,17.394117647058824,0.753781512605042,14.140168067226892,9.45,0.4957983193277311
Waverley,light_rain+hot+overcast,1,1,2301.5,2627.0,30.7,0.3,14.14,14.14,1.0
Sydney,moderate_rain,23,9,1457.4565217391305,1382.1739130434783,18.591304347826085,3.143478260869565,14.066521739130431,13.68,0.5217391304347826
Marrickville,light_rain+strong_wind+very_humid+overcast,118,3,992.6694915254237,970.2796610169491,18.611016949152543,0.8076271186440678,13.971355932203391,8.0,0.4576271186440678
Bankstown,no_rain+overcast,6167,7,1530.3590886979082,1441.8514674882438,19.473050105399707,0.012664180314577592,13.949062753364682,6.58,0.34927841738284415
Canterbury,heavy_rain+strong_wind+very_humid+overcast,2,1,2658.75,2289.0,19.8,8.9,13.925,13.925,1.0
Blacktown,moderate_rain+very_humid+overcast,270,2,551.7148148148148,515.2333333333333,17.841851851851853,3.6485185185185185,13.890814814814814,9.975,0.4962962962962963
Sydney,no_rain+strong_wind,3570,14,1323.5917366946778,1309.852380952381,18.68187675070028,0.013585434173669468,13.881708683473388,7.16,0.37703081232492996
Ku-Ring-Gai,moderate_rain+strong_wind+overcast,5,3,3900.7,3731.4,20.68,4.66,13.874,10.85,0.6
The Hills,no_rain+very_humid,9922,3,731.6037593227172,701.7831082443056,14.10517032856279,0.004888127393670631,13.844208828865147,7.88,0.41433178794597864
Lane Cove,light_rain+strong_wind,170,3,1749.014705882353,1854.9882352941177,18.82470588235294,0.38941176470588235,13.796823529411764,7.27,0.38823529411764707
Sydney,light_rain+hot+overcast,15,11,1513.6666666666667,1424.7333333333333,31.466666666666665,0.6733333333333333,13.786666666666664,5.48,0.4
Penrith,no_rain+strong_wind,206,2,1087.1990291262136,1043.2912621359224,17.968446601941746,0.003398058252427185,13.745048543689318,6.46,0.3640776699029126
Hornsby,no_rain,48577,10,865.416802190337,837.1503798093748,18.16139325195051,0.004440373016036396,13.727205467608126,6.95,0.3776272721658398
Bankstown,no_rain,16412,7,1479.2459480867658,1411.8521203997075,17.487326346575678,0.00511820619059225,13.711523275651963,6.67,0.35894467462832075
Auburn,moderate_rain+very_humid+overcast,315,3,875.8142857142857,780.3619047619047,16.965714285714284,3.6533333333333333,13.70663492063492,10.53,0.5301587301587302
Bankstown,no_rain+strong_wind+overcast,79,7,1934.8354430379748,1724.5443037974683,20.71012658227848,0.02531645569620253,13.690126582278484,6.52,0.3670886075949367
Pittwater,no_rain,98,2,2048.7295918367345,2161.3571428571427,23.879591836734694,0.00816326530612245,13.681224489795918,7.225,0.3979591836734694
Bankstown,light_rain+overcast,849,7,1808.9505300353358,1635.0789163722027,21.309540636042403,0.4923439340400471,13.653816254416961,6.92,0.36984687868080096
Sydney,light_rain+overcast,2444,13,1209.1904664484452,1196.6272504091653,19.830196399345336,0.45560556464811786,13.61755728314239,7.225,0.37684124386252044
Manly,no_rain+overcast,1136,1,922.9744718309859,910.9339788732394,19.19788732394366,0.015580985915492958,13.608468309859155,7.59,0.414612676056338
Hornsby,no_rain+extreme_heat+overcast,68,9,979.1617647058823,886.1911764705883,36.39558823529412,0.0,13.584558823529413,4.9350000000000005,0.27941176470588236
Marrickville,no_rain+hot+very_humid,1,1,1075.0,1221.0,30.5,0.0,13.58,13.58,1.0
Hornsby,light_rain,1895,10,1032.3831134564643,972.0068601583114,21.11725593667546,0.41767810026385227,13.56649604221636,6.48,0.35197889182058045
Penrith,heavy_rain+very_humid+overcast,27,2,889.4074074074074,841.8518518518518,18.82962962962963,9.011111111111111,13.554814814814813,8.33,0.2962962962962963
Sydney,moderate_rain+overcast,52,10,1214.173076923077,1218.5192307692307,21.540384615384614,3.246153846153846,13.541730769230771,5.895,0.38461538461538464
Ku-Ring-Gai,no_rain+extreme_heat+strong_wind,17,3,3798.235294117647,3522.294117647059,36.0,0.0,13.512352941176474,7.93,0.4117647058823529
Sydney,no_rain+extreme_heat+strong_wind,26,9,1216.4615384615386,1287.9615384615386,36.38461538461539,0.0,13.501923076923077,11.504999999999999,0.5384615384615384
The Hills,no_rain+extreme_heat,66,2,2043.8939393939395,1795.4848484848485,36.93333333333333,0.0,13.499090909090912,7.959999999999999,0.4393939393939394
Woollahra,light_rain+very_humid,389,1,2249.1748071979437,2204.917737789203,16.70025706940874,0.44087403598971725,13.417840616966581,8.21,0.42930591259640105
Parramatta,light_rain+hot+overcast,14,5,2570.5,2619.8571428571427,31.035714285714285,1.1428571428571428,13.417142857142855,5.045,0.14285714285714285
Sutherland,light_rain+strong_wind+very_humid,43,3,1144.8488372093022,994.8604651162791,17.674418604651162,0.7465116279069768,13.412558139534884,8.38,0.46511627906976744
Warringah,no_rain+extreme_heat,23,4,1805.391304347826,1629.695652173913,36.51304347826087,0.0,13.400869565217393,4.22,0.34782608695652173
Marrickville,light_rain+strong_wind+overcast,46,3,1119.391304347826,1104.4782608695652,19.902173913043477,0.4760869565217391,13.306521739130435,7.234999999999999,0.391304347826087
Hornsby,light_rain+overcast,2489,10,1019.0918039373242,955.3499397348332,20.81181197267979,0.4703495379670551,13.305930092406589,6.12,0.3326637203696264
Burwood,light_rain+strong_wind+overcast,55,1,1240.1545454545455,1169.9818181818182,18.125454545454545,0.48,13.303090909090907,5.85,0.2727272727272727
The Hills,no_rain+hot+overcast,150,3,1886.9133333333334,1717.5866666666666,31.95,0.0013333333333333335,13.301666666666666,6.65,0.30666666666666664
The Hills,moderate_rain+very_humid+overcast,386,3,1277.3652849740934,1149.6088082901554,17.171502590673576,3.7419689119170987,13.283911917098447,9.559999999999999,0.4844559585492228
Mosman,no_rain+strong_wind+overcast,316,2,2060.2879746835442,2009.0474683544303,19.38006329113924,0.020569620253164556,13.281139240506329,6.84,0.379746835443038
Hunters Hill,light_rain+very_humid+overcast,1276,1,786.5623040752351,736.4647335423198,18.021630094043886,0.7790752351097179,13.246528213166144,8.3,0.43025078369905956
Mosman,no_rain+overcast,3812,2,2144.9868835257084,2096.7033053515215,18.95367261280168,0.012932843651626443,13.217387198321092,6.85,0.372507869884575
Manly,moderate_rain+very_humid+overcast,144,1,856.5729166666666,827.7013888888889,18.72152777777778,3.7902777777777774,13.215416666666666,7.24,0.3819444444444444
Burwood,heavy_rain+very_humid+overcast,16,1,856.3125,742.4375,20.875,9.7875,13.1475,8.75,0.4375
Holroyd,light_rain+strong_wind,138,4,1569.427536231884,1538.9057971014493,19.653623188405795,0.5188405797101449,13.143768115942029,7.4,0.35507246376811596
Burwood,no_rain+strong_wind,525,1,1351.5590476190475,1262.127619047619,19.051809523809524,0.013904761904761906,13.141561904761904,5.9,0.32
Bankstown,light_rain+hot+overcast,3,2,1376.0,1291.6666666666667,30.266666666666666,0.3333333333333333,13.133333333333333,3.6,0.3333333333333333
Hunters Hill,moderate_rain+very_humid,8,1,926.8125,949.875,18.7125,4.1375,13.105,8.42,0.5
Marrickville,no_rain+strong_wind+overcast,103,3,1144.5339805825242,1201.116504854369,20.162135922330094,0.02912621359223301,13.100679611650484,5.4,0.3106796116504854
Rockdale,no_rain+hot,121,4,1204.685950413223,1161.909090909091,31.803305785123964,0.0,13.100330578512395,7.14,0.3884297520661157
Hunters Hill,no_rain+strong_wind+very_humid+overcast,27,1,916.5370370370371,879.5185185185185,21.37777777777778,0.05185185185185186,13.095555555555556,10.93,0.5555555555555556
Sydney,light_rain,2326,13,1295.029879621668,1306.779879621668,20.287274290627686,0.3665520206362855,13.083787618228719,6.859999999999999,0.3650042992261393
Sydney,light_rain+strong_wind,460,12,1398.7260869565218,1413.7239130434782,19.251739130434782,0.37717391304347825,13.080608695652174,7.545,0.391304347826087
Blacktown,light_rain+very_humid+overcast,1962,2,506.8328236493374,483.29765545361875,17.271049949031603,0.7531090723751274,13.030535168195719,8.65,0.4352701325178389
Hunters Hill,no_rain+very_humid,4537,1,572.2340753802072,566.043200352656,15.238681948424068,0.008111086621115276,13.029369627507164,7.83,0.39585629270443023
Marrickville,heavy_rain+very_humid+overcast,10,3,1109.7,1003.6,20.54,9.7,13.024000000000001,11.945,0.5
Hornsby,light_rain+strong_wind,243,9,1130.7304526748972,1059.946502057613,19.734156378600822,0.4954732510288066,13.013292181069959,6.66,0.35802469135802467
Sydney,moderate_rain+strong_wind+very_humid,6,6,1431.25,1252.3333333333333,15.9,3.4,12.995,13.415,0.8333333333333334
Rockdale,no_rain+hot+overcast,51,4,1496.9019607843138,1680.2941176470588,31.817647058823532,0.00784313725490196,12.935882352941176,9.77,0.49019607843137253
Burwood,no_rain+strong_wind+overcast,177,1,1232.8248587570622,1153.8757062146892,19.518079096045195,0.01864406779661017,12.910621468926553,6.56,0.3389830508474576
Woollahra,moderate_rain+very_humid+overcast,154,1,2901.5811688311687,2719.181818181818,17.916233766233766,3.759090909090909,12.902857142857142,7.105,0.4090909090909091
Hunters Hill,no_rain+very_humid+overcast,2179,1,637.7140890316659,624.6383662230381,16.692519504359797,0.016521340064249657,12.893249196879303,7.71,0.398347865993575
Ku-Ring-Gai,heavy_rain+very_humid,4,2,2370.875,2273.0,18.75,9.05,12.887500000000001,10.06,0.5
Auburn,light_rain+hot+overcast,8,2,1218.5625,1144.0,31.525,1.3625,12.854999999999999,4.215,0.375
Warringah,moderate_rain+very_humid,25,6,1755.02,1772.16,18.272000000000002,4.056,12.842,10.65,0.52
The Hills,moderate_rain+overcast,18,3,1927.6666666666667,1718.5,23.233333333333334,3.4000000000000004,12.825555555555555,3.325,0.2777777777777778
Mosman,no_rain+extreme_heat+strong_wind,8,2,2525.0625,2489.875,36.275,0.0,12.81875,9.309999999999999,0.375
Burwood,no_rain+very_humid,5201,1,685.001153624303,668.9830801768891,15.046894827917708,0.007960007690828688,12.796923668525281,7.11,0.3706979427033263
Auburn,light_rain+hot,12,3,1444.7916666666667,1216.6666666666667,31.74166666666667,0.425,12.788333333333334,4.1899999999999995,0.25
Rockdale,light_rain,427,4,1248.512880562061,1235.4988290398126,20.07985948477752,0.3672131147540984,12.784894613583138,7.14,0.3864168618266979
Blacktown,light_rain+very_humid,381,2,429.1771653543307,419.04461942257217,16.057217847769028,0.4464566929133858,12.755616797900261,9.09,0.44881889763779526
Leichhardt,moderate_rain+strong_wind+overcast,2,2,1437.5,1610.5,16.0,2.9,12.754999999999999,12.754999999999999,0.5
Mosman,no_rain,11664,2,2136.490483539095,2112.4426440329216,18.131995884773662,0.0062328532235939645,12.731157407407407,7.14,0.3829732510288066
Pittwater,no_rain+overcast,24,2,2699.1875,2389.375,24.316666666666666,0.008333333333333333,12.72625,10.935,0.5833333333333334
The Hills,light_rain+hot,13,3,2047.576923076923,1940.5384615384614,31.653846153846153,0.5153846153846154,12.723076923076924,5.21,0.23076923076923078
Burwood,no_rain+extreme_heat,17,1,1444.1764705882354,1336.2941176470588,36.27058823529412,0.0,12.694117647058823,6.89,0.29411764705882354
Canada Bay,no_rain+extreme_heat+overcast,10,1,3093.55,2749.5,36.39,0.0,12.688,4.755,0.2
Willoughby,moderate_rain+overcast,6,2,1439.0833333333333,1347.8333333333333,20.966666666666665,3.8666666666666667,12.680000000000001,9.23,0.5
Rockdale,moderate_rain+very_humid+overcast,253,4,995.4446640316205,968.7351778656126,18.558102766798417,3.6893280632411067,12.674268774703558,10.01,0.5019762845849802
Burwood,no_rain+very_humid+overcast,2460,1,752.0213414634146,723.9922764227642,16.338699186991867,0.015772357723577237,12.670308943089431,6.915,0.3573170731707317
Sydney,no_rain+hot+overcast,160,13,1272.590625,1297.9875,31.626875000000002,0.00125,12.589625000000002,8.71,0.45
Auburn,no_rain+hot+overcast,143,3,1413.1503496503497,1329.076923076923,32.014685314685316,0.0013986013986013986,12.557552447552448,5.38,0.2867132867132867
The Hills,light_rain+very_humid+overcast,2528,3,1156.7925237341772,1064.2598892405063,17.07879746835443,0.7549050632911393,12.536174841772151,7.22,0.38093354430379744
Hornsby,no_rain+extreme_heat,301,8,930.6112956810631,872.8139534883721,37.08172757475083,0.0,12.524684385382058,6.67,0.4019933554817276
Penrith,no_rain+extreme_heat+overcast,16,2,1235.34375,1118.75,37.3375,0.0,12.514999999999999,10.015,0.5
The Hills,no_rain+hot,485,3,1876.6845360824743,1773.338144329897,31.855876288659793,0.0010309278350515464,12.480123711340207,5.51,0.30103092783505153
Ryde,light_rain+hot+overcast,10,5,1559.45,1746.4,31.07,1.03,12.475999999999999,3.33,0.2
Fairfield,heavy_rain+strong_wind+very_humid+overcast,6,3,453.5833333333333,471.6666666666667,18.95,9.5,12.451666666666668,9.455,0.5
Auburn,no_rain+very_humid+overcast,4874,3,703.4237792367666,678.0459581452606,15.728887977020928,0.015613459171112025,12.434068526877308,6.82,0.36335658596635206
Sutherland,light_rain+strong_wind,155,5,1406.4129032258065,1382.2451612903226,18.863870967741935,0.38645161290322577,12.412516129032259,7.53,0.3870967741935484
Strathfield,moderate_rain,5,3,2018.1,2019.6,19.2,3.9799999999999995,12.342,9.69,0.4
Hornsby,heavy_rain+very_humid,10,7,759.25,802.8,19.25,8.709999999999999,12.328999999999999,7.14,0.3
Mosman,light_rain+strong_wind+overcast,79,2,2276.6265822784812,2176.9367088607596,18.7379746835443,0.4810126582278481,12.304556962025314,7.71,0.3670886075949367
Penrith,light_rain+strong_wind+overcast,8,2,1104.0,1019.25,19.3625,0.6625000000000001,12.29,11.629999999999999,0.625
Auburn,no_rain+hot,498,3,1333.6516064257028,1212.3875502008032,31.866465863453815,0.001004016064257028,12.289216867469879,4.71,0.2710843373493976
Hunters Hill,heavy_rain+very_humid+overcast,14,1,607.5714285714286,529.7142857142857,20.75,9.914285714285715,12.288571428571428,8.525,0.35714285714285715
Woollahra,light_rain+strong_wind+very_humid,18,1,3284.8611111111113,3364.5555555555557,17.677777777777777,0.8111111111111111,12.261111111111111,10.985,0.5555555555555556
Penrith,no_rain+extreme_heat,54,2,1285.9907407407406,1177.888888888889,36.729629629629635,0.001851851851851852,12.260925925925926,8.83,0.42592592592592593
Manly,no_rain+strong_wind,404,1,1052.0470297029703,1015.9554455445544,19.050742574257427,0.01311881188118812,12.255866336633666,7.515000000000001,0.3935643564356436
Willoughby,no_rain+overcast,1700,2,1410.3926470588235,1416.81,18.401647058823528,0.014647058823529412,12.21224117647059,6.38,0.35352941176470587
Bankstown,moderate_rain+very_humid,15,6,1130.6666666666667,1089.0666666666666,18.113333333333333,3.746666666666667,12.145333333333335,5.54,0.3333333333333333
Manly,heavy_rain+overcast,1,1,1097.0,964.0,23.3,7.6,12.12,12.12,1.0
Strathfield,light_rain+strong_wind+overcast,67,3,1622.910447761194,1634.9253731343283,18.53731343283582,0.44029850746268656,12.116567164179106,5.89,0.34328358208955223
Canterbury,no_rain+extreme_heat,10,2,2217.8,1989.2,35.5,0.0,12.102999999999998,7.875,0.5
The Hills,no_rain+overcast,6145,3,1500.372742066721,1398.7768917819365,19.212953620829943,0.012823433685923516,12.091114727420667,5.59,0.31440195280716027
Leichhardt,heavy_rain+strong_wind+very_humid,6,3,285.6666666666667,249.16666666666666,17.4,11.049999999999999,12.058333333333332,11.355,0.5
Hornsby,no_rain+hot,1843,10,929.2072707542051,895.8621812262616,31.86473141616929,0.001302224633749322,12.02503526858383,6.0,0.33315246880086813
Hornsby,no_rain+strong_wind+very_humid+overcast,30,9,893.7833333333333,878.6666666666666,20.436666666666667,0.03333333333333333,12.023999999999997,7.03,0.36666666666666664
Willoughby,light_rain+strong_wind,75,2,1730.9666666666667,1667.72,19.68,0.3506666666666667,12.022799999999998,6.36,0.38666666666666666
Campbelltown,no_rain+hot+overcast,12,1,1534.0416666666667,1531.0,31.316666666666666,0.0,12.014166666666668,4.065,0.25
Kogarah,no_rain+strong_wind+overcast,131,1,2253.9503816793895,2213.7175572519086,18.49083969465649,0.020610687022900764,12.001603053435115,5.77,0.3282442748091603
Auburn,no_rain+very_humid,9815,3,638.3154355578197,621.3397860417728,14.043708609271523,0.004075394803871625,11.970355578196637,7.0,0.369332654100866
Burwood,no_rain,8355,1,1164.7093357271094,1115.6280071813285,18.113800119688808,0.005457809694793537,11.970240574506283,5.65,0.30508677438659487
Woollahra,light_rain,318,1,4062.4512578616354,3921.0314465408806,20.225157232704404,0.36540880503144657,11.970157232704402,7.1850000000000005,0.33962264150943394
Rockdale,heavy_rain+strong_wind+very_humid,2,1,213.0,185.0,17.4,11.05,11.965,11.965,0.5
Blacktown,heavy_rain+strong_wind+very_humid+overcast,4,2,116.0,113.5,18.55,9.075,11.959999999999999,12.594999999999999,0.75
Kogarah,no_rain+overcast,1627,1,2215.2713583282116,2191.020897357099,18.871665642286416,0.011862323294406884,11.921468961278427,6.15,0.3251382913337431
Auburn,heavy_rain+very_humid,4,2,677.75,658.75,18.75,9.05,11.9,3.29,0.25
Woollahra,no_rain+extreme_heat+strong_wind,5,1,4395.2,4841.2,36.6,0.0,11.89,9.22,0.4
Auburn,light_rain+overcast,687,3,1260.145560407569,1213.745269286754,20.381950509461426,0.4733624454148471,11.872285298398836,5.02,0.2576419213973799
Bankstown,no_rain+extreme_heat,49,3,701.0,631.3877551020408,36.769387755102045,0.0,11.857755102040816,7.93,0.3877551020408163
Bankstown,light_rain,819,7,1835.0708180708182,1740.8815628815628,21.16935286935287,0.4278388278388278,11.829120879120879,5.9,0.3125763125763126
The Hills,no_rain,16734,3,1451.081689972511,1380.0749372534958,17.50875463128959,0.0044281104338472575,11.828434922911436,5.31,0.2947890522289949
Pittwater,no_rain+strong_wind,8,2,2025.0,2246.75,23.525,0.0,11.81625,11.455,0.625
Woollahra,no_rain+hot,127,1,4382.200787401574,4494.952755905511,31.821259842519687,0.0,11.803464566929131,7.56,0.3779527559055118
Auburn,no_rain+hot+strong_wind+overcast,9,3,1408.5555555555557,1313.5555555555557,33.28888888888889,0.0,11.754444444444445,5.67,0.3333333333333333
Burwood,no_rain+hot+strong_wind,14,1,1436.5357142857142,1294.5714285714287,33.22857142857143,0.0,11.75,11.805,0.5714285714285714
Manly,light_rain+strong_wind+overcast,29,1,1088.0689655172414,1019.4827586206897,19.320689655172412,0.44137931034482764,11.71551724137931,8.21,0.3448275862068966
Bankstown,no_rain+hot+overcast,149,7,1503.0939597315437,1424.3087248322147,31.506040268456374,0.006040268456375839,11.673355704697986,5.29,0.26174496644295303
Penrith,no_rain+extreme_heat+strong_wind,4,2,1123.375,1242.25,35.55,0.0,11.6675,6.315,0.5
Rockdale,light_rain+overcast,499,4,1253.3296593186374,1266.6633266533065,19.943286573146295,0.4490981963927856,11.587154308617235,7.15,0.3687374749498998
Mosman,light_rain+hot+overcast,5,2,2860.7,2879.8,31.46,0.8600000000000001,11.530000000000001,7.52,0.4
Burwood,light_rain+very_humid+overcast,1330,1,948.1334586466165,899.4428571428572,17.509172932330827,0.7694736842105263,11.529533834586468,6.615,0.3473684210526316
Auburn,light_rain+very_humid+overcast,2076,3,879.459055876686,820.2350674373796,16.74354527938343,0.7660404624277456,11.522143545279384,7.02,0.3622350674373796
Sutherland,no_rain+hot+very_humid,2,2,760.5,852.0,30.5,0.0,11.479999999999999,11.479999999999999,0.5
Leichhardt,moderate_rain+strong_wind+very_humid,1,1,3278.0,2902.0,15.9,3.4,11.47,11.47,1.0
Kogarah,light_rain+overcast,229,1,2502.4781659388645,2388.8951965065503,19.268558951965066,0.4537117903930131,11.463187772925762,5.2,0.30131004366812225
Campbelltown,no_rain+extreme_heat+overcast,1,1,1584.5,1766.0,37.2,0.0,11.45,11.45,1.0
Burwood,light_rain+very_humid,392,1,848.0140306122449,819.1530612244898,16.689285714285713,0.44005102040816324,11.43609693877551,7.46,0.35714285714285715
Mosman,light_rain+overcast,519,2,2411.6714836223505,2304.3815028901736,20.08246628131021,0.42177263969171486,11.399132947976879,5.87,0.3044315992292871
Manly,no_rain+hot+very_humid+overcast,1,1,1564.0,1386.0,30.7,0.0,11.38,11.38,1.0
Hornsby,no_rain+strong_wind,2012,10,1141.5099403578529,1099.9870775347913,19.995178926441355,0.008151093439363818,11.3651689860835,5.605,0.3081510934393638
Hornsby,moderate_rain+strong_wind+overcast,13,7,959.0,841.5384615384615,22.023076923076925,5.269230769230769,11.363076923076923,7.04,0.46153846153846156
Hunters Hill,light_rain+very_humid,349,1,703.1275071633238,696.5214899713467,16.975931232091693,0.4489971346704871,11.33186246418338,7.86,0.41260744985673353
Willoughby,light_rain+strong_wind+overcast,54,2,1604.8148148148148,1508.148148148148,19.25185185185185,0.49259259259259264,11.329629629629627,7.545,0.2962962962962963
The Hills,light_rain+overcast,769,3,1753.7678803641093,1630.0546163849156,20.480624187256176,0.47386215864759423,11.32438231469441,4.92,0.2808842652795839
Canada Bay,no_rain+hot+strong_wind+overcast,5,1,3334.9,3045.6,33.38,0.0,11.308,3.24,0.2
Hornsby,no_rain+hot+overcast,556,10,967.7994604316547,937.0953237410072,31.930395683453238,0.0017985611510791368,11.301420863309353,5.984999999999999,0.3327338129496403
Auburn,light_rain,543,3,1280.0257826887662,1215.034990791897,20.90865561694291,0.4112338858195212,11.266408839779006,4.79,0.26335174953959484
Bankstown,no_rain+hot+strong_wind+overcast,3,1,482.6666666666667,501.3333333333333,33.766666666666666,0.0,11.223333333333334,7.24,0.3333333333333333
Willoughby,light_rain+overcast,247,2,1608.0647773279352,1531.251012145749,19.746153846153845,0.39149797570850203,11.177935222672064,5.69,0.29959514170040485
Auburn,no_rain+strong_wind,555,3,1365.999099099099,1298.8684684684686,20.31045045045045,0.0075675675675675675,11.153783783783785,5.24,0.2648648648648649
Auburn,moderate_rain+overcast,17,3,1344.6176470588234,1220.5882352941176,22.435294117647057,3.3000000000000003,11.108823529411765,4.33,0.11764705882352941
Hornsby,no_rain+hot+strong_wind,152,8,913.4407894736842,849.2302631578947,32.25526315789474,0.0,11.065657894736843,5.68,0.42105263157894735
Mosman,moderate_rain+overcast,14,2,2326.1428571428573,2113.8571428571427,22.32857142857143,4.085714285714286,11.053571428571429,4.945,0.35714285714285715
Bankstown,very_heavy_rain+strong_wind+very_humid+overcast,1,1,3759.5,3345.0,19.0,18.1,11.03,11.03,1.0
Parramatta,no_rain+hot+strong_wind+overcast,10,3,3420.05,3213.7,33.31,0.0,11.027999999999999,4.445,0.2
Campbelltown,light_rain+strong_wind,5,1,1923.2,1703.2,21.02,0.2,11.02,6.55,0.2
Mosman,no_rain+hot+overcast,42,2,3103.9523809523807,2978.190476190476,31.79047619047619,0.004761904761904762,11.007857142857144,7.785,0.3333333333333333
Kogarah,no_rain,5652,1,2138.4238322717624,2154.414897381458,17.493471337579617,0.005626326963906582,11.00570771408351,5.57,0.31157112526539277
Burwood,light_rain+overcast,373,1,1247.5911528150134,1189.2332439678285,20.013404825737265,0.4541554959785523,11.003029490616619,4.98,0.2680965147453083
Rockdale,light_rain+hot+overcast,6,4,1650.8333333333333,1831.0,31.683333333333337,0.7666666666666667,10.988333333333332,9.96,0.5
Canterbury,moderate_rain+strong_wind+very_humid,1,1,2112.0,1880.0,15.9,3.4,10.98,10.98,1.0
Penrith,heavy_rain+very_humid,3,2,929.5,848.0,21.866666666666664,11.533333333333333,10.94,6.64,0.3333333333333333
Sutherland,no_rain+extreme_heat+strong_wind,14,3,906.7857142857143,945.5,36.34285714285714,0.0,10.887857142857143,10.91,0.5714285714285714
Hornsby,heavy_rain+overcast,7,7,1141.0714285714287,1221.2857142857142,22.228571428571428,9.842857142857143,10.879999999999999,12.05,0.7142857142857143
Burwood,moderate_rain+very_humid+overcast,160,1,1001.8125,936.93125,18.11875,3.7175,10.850874999999998,7.16,0.3875
Auburn,no_rain+strong_wind+very_humid+overcast,5,2,1094.1,1126.8,21.44,0.04,10.82,4.86,0.2
Sydney,no_rain+hot+strong_wind,69,8,1391.6666666666667,1276.0,33.185507246376815,0.0,10.785797101449278,5.84,0.2898550724637681
The Hills,heavy_rain+strong_wind+very_humid+overcast,4,2,196.125,172.0,18.75,8.350000000000001,10.7825,7.695,0.5
Manly,moderate_rain+strong_wind+overcast,1,1,1048.0,1161.0,23.8,2.9,10.78,10.78,1.0
Ryde,no_rain+extreme_heat,78,3,1669.7307692307693,1701.9102564102564,36.919230769230765,0.0,10.732179487179486,5.234999999999999,0.28205128205128205
Sydney,heavy_rain+strong_wind+very_humid+overcast,16,9,1491.90625,1354.875,19.775000000000002,9.3125,10.72125,6.1,0.4375
Blacktown,no_rain+strong_wind+very_humid+overcast,3,1,520.8333333333334,575.3333333333334,21.53333333333333,0.03333333333333333,10.633333333333333,13.13,0.6666666666666666
Sydney,no_rain+hot,705,13,1318.968794326241,1322.0170212765956,31.74255319148936,0.0,10.629475177304965,6.68,0.34893617021276596
The Hills,light_rain,628,3,1808.7292993630574,1705.0429936305732,20.840764331210192,0.41321656050955413,10.592070063694267,4.725,0.2484076433121019
Hunters Hill,light_rain+strong_wind+very_humid+overcast,61,1,963.5737704918033,968.5573770491803,18.691803278688525,0.7540983606557377,10.590655737704921,8.05,0.4098360655737705
Burwood,no_rain+overcast,2743,1,1154.299671892089,1113.2457163689392,19.293547211082753,0.011629602624863289,10.57976667881881,5.37,0.27597520962449873
Canterbury,heavy_rain+strong_wind+very_humid,2,1,425.0,375.5,17.4,11.05,10.559999999999999,10.559999999999999,0.5
Bankstown,no_rain+strong_wind,464,7,1746.2230603448277,1658.9525862068965,19.351508620689657,0.0060344827586206904,10.532629310344829,5.0600000000000005,0.29310344827586204
Canterbury,no_rain+strong_wind+very_humid,8,1,1769.5625,1574.25,20.8625,0.037500000000000006,10.528749999999999,7.395,0.375
Rockdale,heavy_rain+overcast,2,1,885.75,979.0,22.6,7.6,10.510000000000002,10.510000000000002,0.5
Strathfield,moderate_rain+strong_wind,1,1,1115.0,998.0,13.2,2.7,10.49,10.49,1.0
Rockdale,no_rain+extreme_heat,20,2,1187.65,1221.45,36.144999999999996,0.0,10.4845,6.5649999999999995,0.3
Auburn,no_rain,15840,3,1046.787058080808,1015.3277777777778,17.531117424242424,0.00384469696969697,10.463895833333332,5.37,0.2701388888888889
Auburn,no_rain+overcast,5771,3,1095.8691734534743,1053.9180384682031,19.037948362502167,0.011973661410500781,10.461930341361981,5.19,0.26269277421590714
The Hills,no_rain+hot+strong_wind,48,2,1972.0625,1818.5416666666667,32.172916666666666,0.0,10.458958333333333,7.93,0.4583333333333333
Willoughby,no_rain+hot,10,2,1681.85,1762.5,31.29,0.0,10.456,6.055,0.3
Strathfield,no_rain+hot+strong_wind,10,1,1093.6,980.8,33.18,0.0,10.432999999999998,11.115,0.5
Bankstown,light_rain+strong_wind,48,7,2338.5416666666665,2375.3125,21.333333333333332,0.34791666666666665,10.431458333333333,5.625,0.3125
Marrickville,no_rain+strong_wind+very_humid,23,3,869.5652173913044,896.1304347826087,20.847826086956523,0.0391304347826087,10.43086956521739,5.9,0.2608695652173913
The Hills,light_rain+very_humid,538,3,1009.8503717472119,963.5223048327138,15.729368029739776,0.4096654275092937,10.428903345724907,6.445,0.32899628252788105
Fairfield,very_heavy_rain+overcast,3,3,1212.5,1085.0,23.399999999999995,16.1,10.423333333333334,6.88,0.3333333333333333
Willoughby,light_rain,251,2,1627.4561752988047,1585.9043824701196,19.59641434262948,0.36932270916334664,10.417609561752986,6.44,0.3346613545816733
Burwood,light_rain+strong_wind+very_humid,19,1,1202.3947368421052,1151.5263157894738,17.726315789473684,0.7894736842105263,10.410526315789474,4.59,0.15789473684210525
Mosman,no_rain+strong_wind,965,2,2288.7461139896373,2217.8145077720205,18.87036269430052,0.012538860103626944,10.370238341968912,6.2,0.3305699481865285
Mosman,moderate_rain+strong_wind+very_humid,1,1,2868.0,2571.0,15.9,3.4,10.36,10.36,1.0
Burwood,no_rain+hot,130,1,1403.2769230769231,1348.1461538461538,31.823846153846155,0.0,10.345692307692309,4.61,0.26153846153846155
Fairfield,light_rain+strong_wind+very_humid+overcast,12,3,693.6666666666666,729.5833333333334,18.15,1.5,10.335833333333335,7.68,0.4166666666666667
Auburn,light_rain+strong_wind+overcast,42,3,1092.7619047619048,1005.4047619047619,18.333333333333332,0.6190476190476191,10.314285714285713,4.995,0.23809523809523808
Warringah,no_rain+hot+very_humid+overcast,3,3,1671.0,1493.3333333333333,30.7,0.0,10.31,3.43,0.3333333333333333
Manly,light_rain+strong_wind,45,1,1158.9555555555555,1082.9777777777779,19.297777777777778,0.3466666666666667,10.308222222222222,5.43,0.26666666666666666
Canada Bay,heavy_rain+overcast,1,1,3495.0,3135.0,22.2,10.1,10.3,10.3,1.0
Auburn,light_rain+strong_wind,56,3,1248.794642857143,1237.857142857143,19.09642857142857,0.5535714285714286,10.297321428571427,4.825,0.25
Manly,no_rain+hot,20,1,1194.3,1173.15,31.675,0.0,10.160999999999998,4.86,0.25
Sutherland,moderate_rain+strong_wind+very_humid,2,2,1681.25,1882.5,15.9,3.4,10.11,10.11,0.5
Canterbury,no_rain+very_humid,4325,2,1076.4726011560695,1066.8839306358382,15.031560693641618,0.008254335260115608,10.108242774566472,6.22,0.3130635838150289
Mosman,light_rain+strong_wind,111,2,2417.698198198198,2268.5405405405404,18.95225225225225,0.3864864864864865,10.069459459459459,6.25,0.3063063063063063
Auburn,light_rain+very_humid,455,3,784.3956043956044,761.2637362637363,15.287032967032967,0.41934065934065934,10.014593406593406,6.8,0.3362637362637363
Parramatta,moderate_rain,17,3,3175.6470588235293,3157.470588235294,19.529411764705884,4.388235294117647,9.990588235294117,4.29,0.17647058823529413
Woollahra,light_rain+strong_wind,65,1,4219.392307692307,4110.246153846154,18.610769230769233,0.4138461538461538,9.956153846153844,6.15,0.35384615384615387
Marrickville,no_rain+strong_wind,246,3,1308.9369918699188,1301.6422764227643,18.962601626016262,0.024796747967479677,9.932235772357723,5.045,0.26422764227642276
Canterbury,light_rain+strong_wind+very_humid,14,2,1821.25,1632.857142857143,17.35,0.7785714285714286,9.932142857142855,12.280000000000001,0.5714285714285714
Sydney,heavy_rain+overcast,3,2,615.8333333333334,656.3333333333334,22.166666666666668,7.599999999999999,9.93,8.04,0.3333333333333333
Blacktown,moderate_rain+strong_wind+overcast,2,1,803.5,711.0,21.85,5.1,9.89,9.89,0.5
Waverley,moderate_rain,1,1,1534.0,1383.0,16.3,2.6,9.84,9.84,0.0
Canterbury,light_rain+strong_wind+very_humid+overcast,94,2,1768.7659574468084,1606.4468085106382,17.095744680851062,0.9861702127659575,9.817872340425533,8.14,0.4148936170212766
Marrickville,no_rain+hot+overcast,21,3,1403.9285714285713,1465.6666666666667,31.433333333333334,0.0,9.815238095238096,6.14,0.3333333333333333
Burwood,light_rain,311,1,1308.395498392283,1262.24115755627,20.235048231511254,0.36012861736334406,9.801093247588426,4.79,0.2508038585209003
Mosman,light_rain,516,2,2369.7403100775196,2330.858527131783,20.217054263565892,0.36201550387596904,9.726337209302324,5.904999999999999,0.3081395348837209
Hunters Hill,light_rain+strong_wind+very_humid,17,1,953.2647058823529,898.5882352941177,18.00588235294118,0.8411764705882352,9.711764705882354,5.85,0.29411764705882354
Mosman,no_rain+extreme_heat,17,2,3156.205882352941,3155.235294117647,36.247058823529414,0.0,9.644117647058822,5.86,0.29411764705882354
Blacktown,light_rain+hot,10,2,823.55,795.2,31.68,0.44000000000000006,9.639999999999999,7.575,0.2
Holroyd,no_rain+extreme_heat+strong_wind,24,4,1446.3125,1438.2916666666667,35.75,0.0,9.591666666666667,4.135,0.20833333333333334
Willoughby,very_heavy_rain+very_humid+overcast,1,1,584.0,528.0,16.5,15.1,9.59,9.59,0.0
Mosman,moderate_rain,7,2,2510.6428571428573,2383.0,17.442857142857143,3.4,9.574285714285713,5.66,0.2857142857142857
Blacktown,no_rain+extreme_heat+strong_wind,8,2,731.5625,743.875,35.7,0.0,9.55,6.005000000000001,0.25
Marrickville,no_rain+hot,53,3,1419.754716981132,1406.0566037735848,32.01132075471698,0.0,9.546415094339622,5.24,0.2641509433962264
Marrickville,moderate_rain+very_humid,7,3,1111.142857142857,1137.0,20.2,4.542857142857143,9.541428571428572,7.97,0.2857142857142857
Hunters Hill,no_rain+overcast,2346,1,953.4251918158568,928.583546462063,19.560443307757886,0.011807331628303497,9.50066496163683,5.26,0.25404944586530265
The Hills,no_rain+strong_wind,555,3,1888.281081081081,1811.1963963963965,20.20756756756757,0.00918918918918919,9.479585585585586,4.16,0.23243243243243245
Manly,light_rain+overcast,164,1,1058.7103658536585,1041.7256097560976,20.657317073170734,0.3603658536585366,9.44579268292683,5.58,0.2804878048780488
Burwood,moderate_rain+very_humid,11,1,1229.909090909091,1201.8181818181818,18.90909090909091,4.090909090909091,9.436363636363636,5.33,0.2727272727272727
Hunters Hill,no_rain+strong_wind,438,1,1094.7945205479452,1069.3401826484019,19.399543378995435,0.015068493150684932,9.406963470319635,5.17,0.2534246575342466
The Hills,no_rain+strong_wind+overcast,133,3,1751.9135338345864,1670.954887218045,20.05563909774436,0.01729323308270677,9.389323308270678,4.4,0.20300751879699247
Auburn,no_rain+extreme_heat,84,3,1391.904761904762,1271.2142857142858,36.898809523809526,0.0,9.3425,5.26,0.32142857142857145
Rockdale,no_rain+extreme_heat+overcast,4,2,1407.25,1499.25,36.0,0.025,9.334999999999999,7.63,0.25
Blacktown,moderate_rain+very_humid,20,2,779.5,726.9,18.315,4.37,9.318999999999999,5.35,0.3
Hurstville,no_rain,55,1,1330.2272727272727,1363.3454545454545,24.023636363636363,0.00909090909090909,9.303818181818183,4.29,0.23636363636363636
Auburn,no_rain+strong_wind+overcast,121,3,1204.495867768595,1205.4214876033059,20.24380165289256,0.01652892561983471,9.293140495867767,5.07,0.2231404958677686
Hunters Hill,light_rain+overcast,320,1,1041.309375,1010.73125,20.3134375,0.44000000000000006,9.262062499999999,4.78,0.221875
Woollahra,light_rain+strong_wind+overcast,56,1,3762.6428571428573,3685.9285714285716,17.967857142857145,0.47500000000000003,9.224464285714287,6.02,0.26785714285714285
Blacktown,light_rain+strong_wind,37,2,649.2027027027027,647.3783783783783,19.88918918918919,0.5351351351351351,9.182702702702702,7.77,0.35135135135135137
Canterbury,heavy_rain+very_humid+overcast,19,2,1651.578947368421,1561.421052631579,19.121052631578948,9.789473684210526,9.178421052631581,9.37,0.3684210526315789
Mosman,no_rain+hot,126,2,2907.3650793650795,2983.7063492063494,31.71904761904762,0.0,9.168650793650794,7.28,0.35714285714285715
The Hills,light_rain+strong_wind+very_humid+overcast,28,3,1170.1785714285713,1079.2142857142858,16.85,1.2964285714285713,9.165714285714287,8.395,0.32142857142857145
Hornsby,light_rain+hot,50,8,1108.91,1066.62,31.75,0.45,9.1444,4.265000000000001,0.24
Rockdale,light_rain+strong_wind,108,4,1286.976851851852,1286.2777777777778,19.869444444444444,0.35555555555555557,9.097037037037039,6.365,0.2962962962962963
Ryde,no_rain+hot+strong_wind,56,3,1722.3035714285713,1593.0714285714287,32.410714285714285,0.0,9.095178571428573,5.91,0.375
Sutherland,heavy_rain+very_humid,1,1,761.0,692.0,20.1,13.1,9.07,9.07,0.0
Sutherland,heavy_rain+strong_wind+very_humid+overcast,4,3,2087.0,2005.75,19.700000000000003,10.55,9.06,8.67,0.25
The Hills,light_rain+strong_wind+overcast,58,3,1585.5862068965516,1536.396551724138,17.981034482758623,0.5603448275862069,8.979827586206897,5.42,0.20689655172413793
Sydney,moderate_rain+strong_wind,4,4,1085.5,1118.0,13.2,2.7,8.9775,7.455,0.25
Hunters Hill,moderate_rain+overcast,7,1,1094.0,1033.4285714285713,21.571428571428573,3.4857142857142853,8.971428571428572,5.11,0.14285714285714285
Penrith,moderate_rain+very_humid,16,2,1107.8125,1146.1875,18.7625,4.1875,8.95625,8.780000000000001,0.4375
Canterbury,no_rain+very_humid+overcast,2408,2,1194.7007890365448,1163.607973421927,16.36735880398671,0.01914451827242525,8.940161960132892,5.325,0.2649501661129568
Penrith,no_rain+strong_wind+very_humid+overcast,1,1,56.0,61.0,18.5,0.0,8.93,8.93,0.0
Bankstown,light_rain+hot,12,7,2156.375,2228.5833333333335,32.65,0.45,8.891666666666667,7.25,0.4166666666666667
Kogarah,no_rain+extreme_heat+strong_wind,4,1,3007.375,3189.25,36.75,0.0,8.8125,8.184999999999999,0.5
Burwood,light_rain+strong_wind,64,1,1363.4140625,1360.640625,18.4859375,0.4125,8.8115625,4.855,0.265625
Warringah,heavy_rain,3,3,1962.6666666666667,1822.6666666666667,18.6,7.599999999999999,8.806666666666667,1.75,0.3333333333333333
Canterbury,moderate_rain+very_humid+overcast,203,2,1637.871921182266,1531.4679802955666,18.380788177339902,3.7640394088669953,8.776403940886699,7.31,0.3399014778325123
Hunters Hill,no_rain,6916,1,958.5682475419318,945.0772122614228,18.427313475997686,0.005711393869288606,8.768851937536148,5.08,0.24117987275882014
Manly,moderate_rain+overcast,5,1,1021.6,1002.0,22.240000000000002,4.96,8.721999999999998,3.41,0.4
Manly,light_rain,202,1,1097.4678217821781,1083.4554455445545,20.621782178217824,0.347029702970297,8.706089108910891,5.145,0.2524752475247525
Manly,moderate_rain+very_humid,6,1,1170.0,1269.5,19.716666666666665,4.533333333333333,8.698333333333332,5.0,0.16666666666666666
Kogarah,no_rain+strong_wind,328,1,2658.638719512195,2609.4298780487807,18.471341463414635,0.014634146341463417,8.68137195121951,5.119999999999999,0.2804878048780488
Pittwater,no_rain+strong_wind+overcast,4,2,2897.0,2652.75,24.15,0.05,8.66,9.24,0.25
Lane Cove,no_rain+extreme_heat+strong_wind,8,2,1966.5,1943.625,36.75,0.0,8.6225,4.904999999999999,0.25
Bankstown,no_rain+extreme_heat+strong_wind,5,1,503.7,462.6,35.760000000000005,0.0,8.604000000000001,8.76,0.4
Burwood,moderate_rain,3,1,1400.6666666666667,1463.0,19.733333333333334,3.766666666666667,8.543333333333335,4.73,0.3333333333333333
Sydney,no_rain+extreme_heat,72,9,1199.5069444444443,1267.0833333333333,36.1875,0.0,8.535,6.785,0.375
Pittwater,light_rain+overcast,4,2,3351.5,3326.75,24.15,0.25,8.524999999999999,8.365,0.5
Canterbury,light_rain+very_humid,289,2,1288.2283737024222,1232.3598615916956,17.092387543252595,0.41972318339100345,8.487820069204153,5.98,0.30103806228373703
Hurstville,no_rain+overcast,13,1,1376.576923076923,1276.3846153846155,24.46153846153846,0.007692307692307693,8.458461538461538,7.75,0.23076923076923078
Canterbury,no_rain+hot,127,2,2076.299212598425,2041.4251968503936,31.60236220472441,0.0015748031496062994,8.310866141732284,5.34,0.2677165354330709
Marrickville,light_rain+strong_wind,71,3,1282.1690140845071,1276.943661971831,20.718309859154928,0.36056338028169016,8.28281690140845,5.15,0.28169014084507044
Sutherland,light_rain+hot+overcast,7,4,1202.7857142857142,1184.0,31.6,0.7428571428571429,8.278571428571428,1.25,0.14285714285714285
Canterbury,light_rain+very_humid+overcast,1607,2,1572.8733665214686,1489.8724331051649,18.145924082140635,0.7820784069695084,8.236888612321096,6.09,0.2738021157436217
Campbelltown,light_rain+strong_wind+very_humid+overcast,2,1,1372.25,1261.0,17.25,1.4,8.17,8.17,0.0
Penrith,heavy_rain,2,2,1049.25,1014.5,21.5,9.6,7.95,7.95,0.0
Burwood,no_rain+hot+overcast,44,1,1470.409090909091,1421.2272727272727,31.79090909090909,0.004545454545454546,7.907272727272729,5.045,0.25
Auburn,moderate_rain,16,2,1247.40625,1212.625,19.775,4.3125,7.81125,5.234999999999999,0.25
Mosman,no_rain+hot+strong_wind,15,2,3118.366666666667,3108.0666666666666,33.3,0.0,7.794,6.94,0.3333333333333333
Ryde,moderate_rain,14,4,1832.2142857142858,1726.7857142857142,19.485714285714288,4.3,7.775,5.495,0.14285714285714285
Bankstown,moderate_rain+overcast,24,7,1581.6041666666667,1506.7916666666667,22.808333333333334,3.733333333333333,7.732499999999999,4.484999999999999,0.25
Lane Cove,moderate_rain,9,3,1831.611111111111,1816.4444444444443,18.555555555555557,3.3777777777777778,7.713333333333334,5.98,0.3333333333333333
Bankstown,no_rain+extreme_heat+overcast,7,1,483.92857142857144,489.2857142857143,36.82857142857143,0.0,7.712857142857142,6.48,0.2857142857142857
Mosman,moderate_rain+strong_wind+overcast,1,1,1276.0,1374.0,23.8,2.9,7.68,7.68,0.0
Canada Bay,no_rain+hot+strong_wind,23,1,3190.5652173913045,2968.0434782608695,32.221739130434784,0.0,7.675652173913043,4.59,0.21739130434782608
Willoughby,moderate_rain,4,2,1871.0,1748.25,15.725000000000001,3.125,7.675000000000001,8.585,0.5
Warringah,heavy_rain+very_humid,9,4,822.5,861.3333333333334,17.033333333333335,7.800000000000001,7.63,8.38,0.3333333333333333
Mosman,moderate_rain+very_humid,14,2,2334.1071428571427,2313.4285714285716,18.942857142857143,3.792857142857143,7.609999999999999,6.245,0.2857142857142857
Hunters Hill,no_rain+extreme_heat+strong_wind,5,1,1069.0,1042.4,36.6,0.0,7.578,7.19,0.2
Hornsby,moderate_rain,47,8,998.3936170212766,957.3404255319149,20.03404255319149,4.129787234042553,7.498085106382979,5.66,0.23404255319148937
Blacktown,light_rain+hot+overcast,6,2,634.4166666666666,664.0,31.25,1.0666666666666667,7.4916666666666645,4.62,0.16666666666666666
Kogarah,no_rain+hot,73,1,2850.746575342466,3004.6438356164385,31.721917808219175,0.0,7.466849315068494,7.39,0.3150684931506849
Penrith,light_rain+hot+overcast,2,2,1018.0,931.0,30.5,0.5,7.465,7.465,0.5
Parramatta,heavy_rain+overcast,3,3,2657.8333333333335,2666.6666666666665,22.266666666666666,9.5,7.44,7.65,0.3333333333333333
Sutherland,heavy_rain,1,1,866.5,802.0,20.6,7.7,7.44,7.44,0.0
Marrickville,moderate_rain,2,1,1819.0,1956.5,19.95,4.15,7.39,7.39,0.5
Ryde,no_rain+extreme_heat+strong_wind+overcast,4,2,1610.625,1721.0,36.05,0.0,7.3625,4.735,0.25
Kogarah,light_rain+strong_wind,48,1,2718.4375,2657.6458333333335,19.229166666666668,0.3770833333333334,7.362291666666667,5.595,0.2916666666666667
Hunters Hill,light_rain+strong_wind+overcast,44,1,955.1136363636364,935.4545454545455,18.318181818181817,0.4318181818181818,7.358863636363638,4.140000000000001,0.22727272727272727
Hunters Hill,light_rain,288,1,1101.407986111111,1091.7569444444443,20.375,0.3496527777777778,7.341180555555555,4.75,0.1875
Hunters Hill,no_rain+extreme_heat+overcast,3,1,1126.0,1122.0,35.93333333333334,0.03333333333333333,7.243333333333333,6.3,0.3333333333333333
Canterbury,heavy_rain+overcast,1,1,2098.0,2249.0,23.5,8.0,7.2,7.2,0.0
Waverley,heavy_rain+strong_wind+very_humid+overcast,2,1,2518.75,2338.5,19.9,8.9,7.175,7.175,0.0
Pittwater,no_rain+very_humid+overcast,10,2,824.2,735.7,21.44,0.1,7.094999999999999,3.94,0.4
Parramatta,heavy_rain+very_humid,4,2,1839.75,1910.25,18.75,9.05,6.94,4.145,0.25
Ryde,heavy_rain+very_humid,3,2,698.8333333333334,686.0,18.333333333333332,9.333333333333334,6.846666666666667,7.81,0.3333333333333333
Kogarah,light_rain,226,1,2616.0199115044247,2599.358407079646,19.832743362831856,0.38672566371681416,6.776504424778761,4.06,0.23008849557522124
Kogarah,no_rain+extreme_heat,10,1,3062.5,3103.7,36.85,0.0,6.7399999999999975,7.335,0.3
Woollahra,moderate_rain,3,1,4462.333333333333,4586.0,19.733333333333334,3.766666666666667,6.713333333333334,4.22,0.3333333333333333
Canterbury,no_rain,6554,2,1807.977265791883,1792.7607567897467,18.207857796765335,0.006530363137015564,6.6528028684772655,4.22,0.19057064388159903
Hunters Hill,no_rain+strong_wind+overcast,143,1,1043.548951048951,1048.9650349650349,20.06013986013986,0.02167832167832168,6.651888111888112,4.72,0.17482517482517482
The Hills,light_rain+strong_wind,89,3,1799.7134831460673,1744.8539325842696,19.695505617977528,0.4943820224719101,6.58752808988764,3.92,0.21348314606741572
Auburn,no_rain+hot+strong_wind,50,2,1221.56,1158.18,32.216,0.0,6.5838,4.3149999999999995,0.26
Hunters Hill,light_rain+hot+overcast,3,1,1137.8333333333333,1212.6666666666667,32.233333333333334,1.1666666666666667,6.580000000000001,4.12,0.3333333333333333
Hurstville,light_rain+very_humid,2,1,1222.5,1159.0,22.65,0.25,6.575,6.575,0.5
Warringah,heavy_rain+overcast,4,4,1926.5,1985.25,23.3,7.6,6.56,5.855,0.25
Hornsby,no_rain+extreme_heat+strong_wind,36,6,824.125,851.5277777777778,35.75,0.0,6.522499999999999,4.665,0.2222222222222222
Strathfield,heavy_rain+strong_wind+very_humid,2,1,80.5,76.5,17.4,11.05,6.505,6.505,0.0
Rockdale,no_rain+extreme_heat+strong_wind,4,1,835.0,889.75,37.0,0.0,6.4925,5.725,0.25
Sutherland,moderate_rain+strong_wind,3,3,895.0,906.3333333333334,16.3,2.9333333333333336,6.420000000000001,6.53,0.3333333333333333
Canterbury,no_rain+overcast,2341,2,1848.7545920546775,1816.8146091413926,19.136394703118327,0.014096539940196497,6.370029901751388,3.86,0.1644596326356258
Holroyd,light_rain+hot+overcast,20,4,1590.95,1643.7,31.4,1.18,6.369,6.595000000000001,0.1
Campbelltown,no_rain+extreme_heat,12,1,1647.0833333333333,1728.0833333333333,35.69166666666667,0.0,6.360833333333335,5.8100000000000005,0.08333333333333333
Canterbury,no_rain+hot+strong_wind,2,1,1775.75,1659.5,34.099999999999994,0.0,6.26,6.26,0.5
Burwood,moderate_rain+overcast,7,1,1432.142857142857,1403.142857142857,22.657142857142855,3.757142857142857,6.208571428571427,5.47,0.14285714285714285
Hunters Hill,no_rain+extreme_heat,15,1,1231.0666666666666,1205.0666666666666,36.406666666666666,0.0,6.081333333333333,5.72,0.06666666666666667
Bankstown,no_rain+extreme_heat+strong_wind+overcast,1,1,510.0,479.0,35.0,0.0,6.08,6.08,0.0
Hornsby,light_rain+hot+overcast,31,7,1033.4516129032259,1007.9032258064516,31.56774193548387,1.2,6.059032258064515,3.89,0.16129032258064516
The Hills,moderate_rain,16,3,1939.5,1908.25,19.40625,4.3125,6.05875,3.045,0.125
Canterbury,no_rain+hot+overcast,21,2,2069.2380952380954,2100.3809523809523,31.09047619047619,0.004761904761904762,6.041904761904762,3.75,0.19047619047619047
Manly,moderate_rain,3,1,1164.8333333333333,1165.3333333333333,15.566666666666668,3.3000000000000003,6.03,5.94,0.0
Canterbury,light_rain+overcast,345,2,2036.695652173913,1990.28115942029,20.631884057971014,0.46579710144927533,6.004144927536231,4.54,0.17101449275362318
Hunters Hill,no_rain+hot+very_humid,1,1,1194.5,1123.0,30.5,0.0,5.99,5.99,0.0
Canterbury,light_rain,352,2,2058.9048295454545,2025.6193181818182,20.745170454545455,0.3928977272727273,5.970454545454545,4.07,0.1278409090909091
Kogarah,moderate_rain,3,1,2980.0,2846.6666666666665,18.133333333333333,2.766666666666667,5.97,4.91,0.3333333333333333
Kogarah,moderate_rain+overcast,4,1,2448.375,2300.5,20.375,3.3,5.9399999999999995,5.895,0.25
Pittwater,light_rain+very_humid+overcast,24,2,2586.875,2423.3333333333335,22.233333333333334,0.65,5.907916666666666,1.4,0.2916666666666667
Woollahra,moderate_rain+strong_wind,1,1,4455.0,4716.0,13.2,2.7,5.86,5.86,0.0
Blacktown,heavy_rain+very_humid,3,2,472.6666666666667,459.3333333333333,19.566666666666666,10.366666666666667,5.776666666666666,5.64,0.3333333333333333
Marrickville,moderate_rain+strong_wind+very_humid,1,1,1230.0,1159.0,15.9,3.4,5.77,5.77,0.0
Rockdale,no_rain+hot+very_humid,1,1,881.0,931.0,30.5,0.0,5.68,5.68,0.0
Strathfield,no_rain+extreme_heat+strong_wind,5,1,1053.3,1084.2,36.6,0.0,5.664,6.66,0.0
Canterbury,moderate_rain,5,2,2120.2,2049.0,20.98,3.8,5.66,3.16,0.2
Canterbury,no_rain+extreme_heat+overcast,1,1,2025.0,1911.0,37.2,0.0,5.63,5.63,0.0
Hunters Hill,light_rain+strong_wind,58,1,1123.698275862069,1104.5,19.013793103448275,0.41724137931034483,5.59448275862069,3.475,0.1206896551724138
Warringah,moderate_rain+strong_wind+very_humid,1,1,90.0,85.0,16.0,3.1,5.56,5.56,0.0
Canada Bay,heavy_rain+very_humid,2,1,1809.5,1813.5,18.75,9.05,5.555000000000001,5.555000000000001,0.0
The Hills,heavy_rain+very_humid,5,3,801.5,848.8,18.5,9.22,5.552,4.21,0.2
Pittwater,light_rain+very_humid,4,2,1867.5,1678.0,22.3,0.7,5.51,4.51,0.25
Canterbury,no_rain+strong_wind+overcast,113,2,2067.309734513274,2044.1150442477876,19.27787610619469,0.023008849557522124,5.507699115044248,4.12,0.1415929203539823
Hunters Hill,no_rain+hot,119,1,1178.5546218487395,1146.8235294117646,31.817647058823532,0.0,5.448487394957982,3.77,0.12605042016806722
Hunters Hill,no_rain+hot+strong_wind,10,1,1143.55,1077.5,33.18,0.0,5.438000000000001,4.535,0.2
Sutherland,very_heavy_rain+overcast,1,1,847.0,801.0,23.4,16.1,5.43,5.43,0.0
Kogarah,moderate_rain+strong_wind+overcast,1,1,2614.0,2475.0,16.0,2.9,5.32,5.32,0.0
Burwood,no_rain+hot+very_humid,1,1,1634.0,1548.0,30.5,0.0,5.26,5.26,0.0
Hunters Hill,no_rain+hot+overcast,39,1,1181.3589743589744,1202.025641025641,31.920512820512815,0.0,5.19871794871795,4.23,0.1794871794871795
Hunters Hill,moderate_rain,3,1,1231.8333333333333,1207.0,19.733333333333334,3.766666666666667,5.19,2.73,0.3333333333333333
Canterbury,light_rain+strong_wind+overcast,46,2,2137.771739130435,2087.413043478261,18.967391304347824,0.5130434782608696,5.148695652173913,4.085,0.15217391304347827
Canterbury,moderate_rain+overcast,6,2,2059.25,2029.5,19.849999999999998,3.016666666666667,5.141666666666667,5.915,0.16666666666666666
Ryde,moderate_rain+strong_wind+overcast,4,3,1632.625,1634.75,19.825000000000003,4.0,5.1225000000000005,5.7,0.0
Rockdale,moderate_rain+strong_wind,1,1,2485.5,2360.0,13.2,2.7,5.05,5.05,0.0
Kogarah,moderate_rain+very_humid,8,1,2263.25,2216.375,17.6,3.675,5.04875,4.255,0.125
Campbelltown,moderate_rain+overcast,4,1,1463.625,1426.0,21.45,2.975,4.970000000000001,2.98,0.25
Bankstown,heavy_rain+very_humid,3,3,299.8333333333333,312.0,18.1,9.9,4.903333333333333,3.65,0.0
Hurstville,light_rain,1,1,1579.0,1502.0,24.2,0.2,4.88,4.88,0.0
Ku-Ring-Gai,no_rain+hot+very_humid,1,1,2034.0,2133.0,30.5,0.0,4.87,4.87,0.0
Manly,no_rain+hot+overcast,9,1,1375.0555555555557,1388.3333333333333,32.05555555555556,0.0,4.865555555555556,3.11,0.2222222222222222
Campbelltown,heavy_rain+overcast,1,1,2302.5,2193.0,23.5,8.0,4.76,4.76,0.0
The Hills,no_rain+extreme_heat+strong_wind,9,2,2172.0555555555557,2248.0,35.82222222222222,0.0,4.677777777777778,4.49,0.0
Sydney,moderate_rain+strong_wind+overcast,6,6,1342.6666666666667,1359.3333333333333,16.0,2.9,4.5233333333333325,3.79,0.16666666666666666
Canterbury,no_rain+extreme_heat+strong_wind,1,1,2482.5,2592.0,36.0,0.0,4.41,4.41,0.0
Parramatta,no_rain+extreme_heat+strong_wind,14,3,2873.9285714285716,2965.4285714285716,35.73571428571429,0.0,4.3950000000000005,2.8099999999999996,0.14285714285714285
Canterbury,no_rain+strong_wind,375,2,2207.3426666666664,2198.4773333333333,18.876533333333334,0.009866666666666668,4.365706666666667,2.92,0.07466666666666667
Canada Bay,no_rain+extreme_heat+strong_wind,6,1,3055.1666666666665,3051.3333333333335,35.75,0.0,4.218333333333334,4.5600000000000005,0.0
Manly,light_rain+hot+overcast,2,1,1324.25,1380.0,31.75,0.35,4.215,4.215,0.0
Campbelltown,moderate_rain+very_humid,2,1,1033.0,1010.0,18.5,2.8,4.1899999999999995,4.1899999999999995,0.0
Willoughby,moderate_rain+very_humid,7,2,1792.857142857143,1764.2857142857142,18.157142857142855,3.5714285714285716,4.138571428571429,4.51,0.0
Canterbury,light_rain+strong_wind,45,2,2292.322222222222,2262.0666666666666,20.060000000000002,0.3244444444444444,3.934,2.67,0.08888888888888889
Hunters Hill,moderate_rain+strong_wind,1,1,984.0,1021.0,13.2,2.7,3.76,3.76,0.0
Canterbury,light_rain+hot,2,1,2050.0,2122.5,33.349999999999994,0.45,3.58,3.58,0.0
Campbelltown,light_rain+hot,2,1,1930.5,1867.0,33.349999999999994,0.45,3.5,3.5,0.0
Kogarah,moderate_rain+strong_wind+very_humid,1,1,2373.0,2290.0,15.9,3.4,3.5,3.5,0.0
Willoughby,no_rain+hot+overcast,4,2,1943.625,2013.5,30.625,0.0,3.4375,2.0,0.0
Auburn,moderate_rain+strong_wind+overcast,4,2,1240.375,1258.0,21.85,5.1,3.38,3.045,0.0
Auburn,no_rain+extreme_heat+strong_wind,8,2,1203.6875,1185.5,35.725,0.0,3.3475,2.865,0.0
Willoughby,heavy_rain+very_humid,1,1,61.0,59.0,13.7,7.5,3.28,3.28,0.0
Burwood,moderate_rain+strong_wind+overcast,1,1,1289.0,1331.0,16.0,2.9,3.26,3.26,0.0
The Hills,light_rain+hot+overcast,11,3,1837.6363636363637,1830.909090909091,31.272727272727273,1.1272727272727272,3.2427272727272727,2.62,0.09090909090909091
Holroyd,moderate_rain+strong_wind+overcast,8,4,1670.125,1692.25,21.85,5.1,3.0612500000000002,2.31,0.0
Mosman,no_rain+extreme_heat+overcast,1,1,3119.0,3024.0,36.2,0.0,3.05,3.05,0.0
Mosman,very_heavy_rain+very_humid+overcast,1,1,318.5,309.0,16.5,15.1,2.98,2.98,0.0
Pittwater,light_rain,4,2,3184.25,3280.5,24.35,0.25,2.9475,2.215,0.0
Lane Cove,moderate_rain+strong_wind+overcast,2,2,1747.5,1695.5,16.0,2.9,2.835,2.835,0.0
Hurstville,light_rain+very_humid+overcast,11,1,1406.4545454545455,1406.0,22.09090909090909,0.7272727272727273,2.831818181818182,0.23,0.0
Canterbury,heavy_rain+very_humid,1,1,226.0,232.0,17.1,8.3,2.65,2.65,0.0
The Hills,moderate_rain+strong_wind+overcast,4,2,2123.875,2161.75,21.85,5.1,2.5149999999999997,2.02,0.0
Kogarah,no_rain+hot+strong_wind,10,1,2892.75,2856.4,33.18,0.0,2.4330000000000007,2.05,0.0
Canterbury,moderate_rain+very_humid,5,2,1995.7,1946.4,18.06,3.18,2.3199999999999994,0.79,0.0
The Hills,heavy_rain+overcast,2,2,2405.5,2373.5,22.2,10.1,2.28,2.28,0.0
Blacktown,heavy_rain,1,1,877.0,857.0,21.5,9.6,2.28,2.28,0.0
Campbelltown,heavy_rain+very_humid,1,1,94.0,96.0,17.1,8.3,2.13,2.13,0.0
Canterbury,light_rain+hot+overcast,1,1,2482.5,2430.0,30.6,0.3,2.11,2.11,0.0
Campbelltown,no_rain+hot+strong_wind,2,1,1232.25,1239.0,34.099999999999994,0.0,2.105,2.105,0.0
Canterbury,moderate_rain+strong_wind,1,1,1680.0,1712.0,22.5,3.4,1.9,1.9,0.0
Mosman,no_rain+hot+very_humid,1,1,2942.0,2996.0,30.5,0.0,1.84,1.84,0.0
Parramatta,moderate_rain+strong_wind+overcast,4,2,3513.0,3559.75,21.85,5.1,1.7850000000000001,1.495,0.0
Canada Bay,moderate_rain+strong_wind+overcast,2,1,3092.25,3033.0,21.85,5.1,1.765,1.765,0.0
Auburn,heavy_rain+overcast,2,2,1280.75,1259.5,22.2,10.1,1.7000000000000002,1.7000000000000002,0.0
Warringah,very_heavy_rain+very_humid+overcast,3,2,532.6666666666666,528.3333333333334,17.966666666666665,16.766666666666666,1.6833333333333333,1.77,0.0
Mosman,moderate_rain+strong_wind,1,1,3228.0,3281.0,13.2,2.7,1.64,1.64,0.0
Burwood,moderate_rain+strong_wind,1,1,1488.0,1512.0,13.2,2.7,1.61,1.61,0.0
Hurstville,light_rain+overcast,1,1,1613.0,1599.0,24.4,0.2,0.87,0.87,0.0
Strathfield,moderate_rain+strong_wind+overcast,1,1,951.0,944.0,16.0,2.9,0.74,0.74,0.0
Manly,no_rain+extreme_heat+overcast,1,1,1177.5,1169.0,35.1,0.0,0.72,0.72,0.0
Strathfield,no_rain+hot+very_humid,1,1,1430.5,1423.0,30.5,0.0,0.52,0.52,0.0
Ku-Ring-Gai,moderate_rain+strong_wind,1,1,2321.0,2327.0,13.2,2.7,0.26,0.26,0.0
Hunters Hill,moderate_rain+strong_wind+overcast,1,1,1110.0,1108.0,16.0,2.9,0.18,0.18,0.0
Bankstown,no_rain+strong_wind+very_humid,1,1,3515.0,3520.0,23.9,0.1,0.14,0.14,0.0
Hurstville,heavy_rain+very_humid+overcast,1,1,1819.0,1819.0,21.9,12.3,0.0,0.0,0.0
Hurstville,moderate_rain+very_humid+overcast,1,1,1627.0,1627.0,22.0,3.6,0.0,0.0,0.0
